year,category,nominee,workers,winner
1959,Album of the Year,The Music from Peter Gunn.,Henry Mancini,TRUE
1959,Best Album Cover,Only the Lonely,Frank Sinatra (art director),TRUE
1959,Best Arrangement,The Music From Peter Gunn,Henry Mancini (artist/arranger),TRUE
1959,Best Classical Performance - Chamber Music (including Chamber Orchestra),Beethoven: Quartet 130,"The Hollywood String Quartet, Paul Shure (artist), Alvin Dinkin (artist), Eleanor Slatkin (artist) (as Eleanor Aller Slatkin), Felix Slatkin (artist)",TRUE
1959,Best Classical Performance - Instrumentalist (other than Concerto Scale Accompaniment),Segovia Golden Jubilee,Andrés Segovia,TRUE
1959,Best Classical Performance - Instrumentalist (other than concerto-scale accompaniment),Segovia Golden Jubilee,Andrés Segovia (artist),TRUE
1959,Best Classical Performance - Instrumentalist (with Concerto Scale Accompaniment),"Tchaikovsky: Piano Concerto No. 1 In B Flat Minor, Op. 23",Van Cliburn (piano) (artist),TRUE
1959,Best Classical Performance - Operatic or Choral,Virtuoso,Robert Wagner (choir director),TRUE
1959,Best Classical Performance - Orchestra,Gaiete Parisienne,Felix Slatkin (conductor) (artist),TRUE
1959,Best Classical Performance - Vocal Soloist (with or without Orchestra),Operatic Recital,Renata Tebaldi (soprano) (artist),TRUE
1959,Best Comedy Performance,The Chipmunk Song,Ross Bagdasarian (artist),TRUE
1959,Best Country & Western Performance,Tom Dooley,The Kingston Trio (artist),TRUE
1959,Best Country and Western Performance,Tom Dooley.,The Kingston Trio,TRUE
1959,Best Engineered Record (Classical),Duets with a Spanish Guitar,"Laurindo Almeida, Salli Terri, Sherwood Hall III",TRUE
1959,Best Engineered Record - Non-Classical,The Chipmunk Song,"Ross Bagdasarian (as David Seville), Ted Keep (engineer) (as Theodore Keep)",TRUE
1959,Best Instrumental Arrangement,The Music from Peter Gunn.,Henry Mancini,TRUE
1959,Best Instrumental Composition,Cross Country Suite.,Nelson Riddle,TRUE
1959,"Best Jazz Performance, Group",Basie.,Count Basie,TRUE
1959,"Best Jazz Performance, Individual",Ella Fitzgerald Sings the Duke Ellington Songbook.,Ella Fitzgerald,TRUE
1959,Best Musical Composition First Recorded and Released in 1958 (over 5 minutes duration),Cross Country Suite,Nelson Riddle (artist/composer),TRUE
1959,Best Original Cast Album (Broadway or TV),The Music Man,"Robert Preston, Barbara Cook, David Burns, Eddie Hodges, Pert Kelton, Helen Raymond, Meredith Willson (composer)",TRUE
1959,Best Performance by a Dance Band,Basie,Count Basie (artist),TRUE
1959,Best Performance by a Vocal Group or Chorus,That Old Black Magic,"Keely Smith, Louis Prima",TRUE
1959,Best Performance by an Orchestra - for Other Than Dancing,Billy May's Big Fat Brass,Billy May,TRUE
1959,"Best Performance, Documentary or Spoken Word",The Best Of The Stan Freberg Shows,Stan Freberg (narrator),TRUE
1959,Best R&B Vocal Performance by a Duo or Group,Tequila,"The Champs, Gene Alden, Buddy Bruce, Dave Burgess, Danny Flores",TRUE
1959,Best Recording for Children,The Chipmunk Song (Christmas Don't Be Late),Ross Bagdasarian,TRUE
1959,Best Rhythm & Blues Performance,Tequila,The Champs (artist),TRUE
1959,"Best Sound Track Album, Dramatic Picture Score or Original Cast",Gigi,André Previn (artist),TRUE
1959,"Best Soundtrack Album, Dramatic Picture Score or Original Cast",Gigi,André Previn,TRUE
1959,"Best Soundtrack Album, Dramatic Picture Score or Original Cast",I Want to Live!,Johnny Mandel,FALSE
1959,"Best Soundtrack Album, Dramatic Picture Score or Original Cast",The Bridge on the River Kwai,Malcolm Arnold,FALSE
1959,"Best Vocal Performance, Female",Ella Fitzgerald,,TRUE
1959,"Best Vocal Performance, Male",Perry Como,,TRUE
1959,Record of the Year,Nel Blu Dipinto di Blu (Volare).,Domenico Modugno,TRUE
1959,Song of the Year,Nel Blu Dipinto di Blu (Volare).,Domenico Modugno,TRUE
1961,Album of the Year,The Button-Down Mind of Bob Newhart,Bob Newhart,TRUE
1961,Best Album Cover,Latin A La Lee.,"Marvin Schwartz (art director), Peggy Lee (artist)",TRUE
1961,Best Album Created For Children,Let's All Sing With The Chipmunks.,Ross Bagdasarian,TRUE
1961,Best Arrangement,Mr. Lucky.,Henry Mancini (artist/arranger),TRUE
1961,Best Classical Opera Production,Puccini: Turandot.,"Erich Leinsdorf (artist), Rome Opera Orchestra (artists)",TRUE
1961,Best Classical Performance - Vocal Or Instrumental - Chamber Music,Conversations With The Guitar.,Laurindo Almeida (artist),TRUE
1961,Best Classical Performance- Choral (Including Oratorio),Handel: Messiah.,"Royal Philharmonic Orchestra (artists), Royal Philharmonic Chorus (artists)",TRUE
1961,Best Classical Performance- Concerto Or Instrumental Soloist,Brahms: Piano Concerto No. 2 In B Flat.,"Svyatoslav Richter (artist), Chicago Symphony Orchestra (artists)",TRUE
1961,Best Classical Performance- Instrumental Soloist Or Duo (Other Than With Orchestral Accompaniment),The Spanish Guitars Of Laurindo Almeida.,Laurindo Almeida (artist),TRUE
1961,Best Classical Performance- Orchestra,"Bartók: Music For Strings, Percussion And Celeste.",Chicago Symphony Orchestra (artists),TRUE
1961,Best Classical Performance- Vocal Soloist,A Program Of Song - Leontyne Price Recital.,Leontyne Price (artist),TRUE
1961,Best Comedy Performance - Musical,Jonathan And Darlene Edwards In Paris.,"Paul Weston (artist), Jo Stafford (artist)",TRUE
1961,Best Comedy Performance - Spoken Word,The Button-Down Mind Strikes Back!.,Bob Newhart,TRUE
1961,Best Contemporary Classical Composition,Copland: Orchestral Suite From Tender Land Suite.,Aaron Copland (composer),TRUE
1961,Best Country & Western Performance,El Paso.,Marty Robbins (artist),TRUE
1961,Best Engineering Contribution - Classical Recording,The Spanish Guitars Of Laurindo Almeida.,"Hugh Davies (engineer), Laurindo Almeida (artist)",TRUE
1961,Best Engineering Contribution - Novelty Recording,The Old Payola Roll Blues.,"John Kraus (engineer), Stan Freberg (artist)",TRUE
1961,Best Engineering Contribution - Popular Recording,Ella Fitzgerald Sings The George And Ira Gershwin Songbook.,"Luis Valentin (engineer), Ella Fitzgerald (artist)",TRUE
1961,Best Jazz Composition Of More Than Five Minutes Duration,Sketches Of Spain.,"Miles Davis (artist/composer), Gil Evans (artist/composer)",TRUE
1961,Best Jazz Performance Large Group,Blues And The Beat.,Henry Mancini (artist),TRUE
1961,Best Jazz Performance Solo or Small Group,West Side Story.,André Previn (artist),TRUE
1961,Best New Artist,Bob Newhart,,TRUE
1961,Best New Artist,Leontyne Price,,FALSE
1961,Best New Artist,The Brothers Four,,FALSE
1961,Best Performance By A Pop Single Artist,Georgia On My Mind.,Ray Charles (artist),TRUE
1961,Best Performance by a Band For Dancing,Dance With Basie.,Count Basie (artist),TRUE
1961,Best Performance by a Chorus (7 Or More Persons),Songs Of The Cowboy.,The Norman Luboff Choir (artist),TRUE
1961,Best Performance by a Vocal Group (2 To 6),We Got Us.,"Eydie Gormé (artist), Steve Lawrence (artist)",TRUE
1961,Best Performance by an Orchestra,Mr. Lucky.,Henry Mancini (artist),TRUE
1961,Best Performance- Documentary or Spoken Word (Other Than Comedy),FDR Speaks.,Franklin D. Roosevelt (artist),TRUE
1961,Best Performance- Folk,Swing Dat Hammer.,Harry Belafonte (artist),TRUE
1961,Best Rhythm & Blues Performance,Let The Good Times Roll.,Ray Charles (artist),TRUE
1961,Best Show Album (Original Cast),The Sound Of Music (Original Broadway Cast).,"Mary Martin (artist), Richard Rodgers (composer), Oscar Hammerstein II (composer)",TRUE
1961,Best Soundtrack Album or Recording of Music Score from Motion Picture or Television,Exodus,Ernest Gold,TRUE
1961,Best Soundtrack Album or Recording of Music Score from Motion Picture or Television,Mr. Lucky,Henry Mancini,FALSE
1961,Best Soundtrack Album or Recording of Music Score from Motion Picture or Television,The Untouchables,Nelson Riddle,FALSE
1961,Best Soundtrack Album or Recording of Original Cast from a Motion Picture or TV,Can-Can,Cole Porter (film score),TRUE
1961,Best Soundtrack Album or Recording of Original Cast from a Motion Picture or TV,G.I. Blues,Elvis Presley,FALSE
1961,"Best Vocal Performance Album, Female",Mack The Knife - Ella In Berlin.,Ella Fitzgerald (artist),TRUE
1961,"Best Vocal Performance Album, Male",The Genius Of Ray Charles.,Ray Charles (artist),TRUE
1961,"Best Vocal Performance Single Record Or Track, Female",Mack The Knife.,Ella Fitzgerald (artist),TRUE
1961,"Best Vocal Performance Single Record or Track, Female",Mack The Knife.,Ella Fitzgerald (artist),TRUE
1961,"Best Vocal Performance Single Record or Track, Male",Georgia On My Mind.,Ray Charles (artist),TRUE
1961,Record of the Year,The Theme From A Summer Place.,Percy Faith and His Orchestra (artist),TRUE
1961,Song of the Year,Theme From Exodus.,Ernest Gold (artist/songwriter),TRUE
1961,Best Spoken Word Album,Hamlet,John Gielgud,FALSE
1962,Album Of the Year - Classical,Stravinsky Conducts 1960: Le Sacre Du Printemps; Petrouchka.,Igor Stravinsky (artist),TRUE
1962,Album of the Year,Judy at Carnegie Hall.,Judy Garland (Artist),TRUE
1962,Album of the Year,The Nat King Cole Story.,"Lee Gillette (Producer), Nat 'King' Cole (Artist and Arranger)",FALSE
1962,Best Album Cover (Other Than Classical),Judy At Carnegie Hall.,"Jim Silke (art director), Judy Garland (artist)",TRUE
1962,Best Album Cover- Classical,Puccini: Madame Butterfly.,"Marvin Schwartz (art director), Gabriele Santini (conductor)",TRUE
1962,Best Classical Performance- Chamber Music,"Beethoven: Serenade, Op. 8/Kodaly: Duo For Violin And Cello, Op. 7.","Jascha Heifetz (artist), Gregor Piatigorsky (artist), William Primrose (artist)",TRUE
1962,Best Classical Performance- Choral (Other Than Opera),Bach: B Minor Mass.,"Robert Shaw Chorale (artists), Robert Shaw Orchestra (artists)",TRUE
1962,Best Classical Performance- Instrumental Soloist (With Orchestra),Bartók: Violin Concerto No. 1.,"Isaac Stern (artist), The Philadelphia Orchestra (artists)",TRUE
1962,Best Classical Performance- Instrumental Soloist Or Duo (Without Orchestra),Reverie For Spanish Guitar.,Laurindo Almeida (artist),TRUE
1962,Best Classical Performance- Orchestra,Ravel: Daphnis Et Chloe.,Boston Symphony Orchestra (artists),TRUE
1962,Best Classical Performance- Vocal Soloist (With or Without Orchestra),The Art Of The Prima Donna.,Orchestra of the Royal Opera House (artists),TRUE
1962,Best Comedy Performance,An Evening With Mike Nichols And Elaine May.,"Elaine May (artist), Mike Nichols (artist)",TRUE
1962,Best Contemporary Classical Composition,Stravinsky: Movements For Piano And Orchestra.,Igor Stravinsky (composer),TRUE
1962,Best Country & Western Recording,Big Bad John.,Jimmy Dean (artist),TRUE
1962,Best Documentary or Spoken Word Recording (Other Than Comedy),Humor In Music.,Leonard Bernstein (artist),TRUE
1962,Best Engineering Contribution - Classical Recording,Ravel: Daphnis Et Chloe.,"Lewis W. Layton (engineer), Charles Münch (conductor)",TRUE
1962,Best Engineering Contribution - Novelty,Stan Freberg Presents The United States Of America.,"John Kraus (engineer), Stan Freberg (artist)",TRUE
1962,Best Engineering Contribution - Popular Recording,Judy At Carnegie Hall.,"Robert Arnold (engineer), Judy Garland (artist)",TRUE
1962,Best Folk Recording,Belafonte Folk Singers At Home And Abroad.,The Belafonte Folk Singers (artists),TRUE
1962,Best Gospel Or Other Religious Recording,Everytime I Feel The Spirit.,Mahalia Jackson (artist),TRUE
1962,Best Instrumental Arrangement,Moon River.,Breakfast at Tiffany's,TRUE
1962,Best Instrumental Theme Or Instrumental Version of Song,African Waltz.,"Cannonball Adderley (artist), Galt MacDermot (composer)",TRUE
1962,Best Jazz Performance - Large Group (Instrumental),West Side Story,Stan Kenton,TRUE
1962,Best Jazz Performance- Soloist or Small Group (Instrumental),Andre Previn Plays Harold Arlen.,André Previn (artist),TRUE
1962,Best New Artist Of 1961,Peter Nero (artist),,TRUE
1962,Best Opera Recording,Puccini: Madame Butterfly.,"Gabriele Santini (artist), Rome Opera Orchestra (artists)",TRUE
1962,Best Original Cast Show Album,How To Succeed In Business Without Really Trying.,"Frank Loesser (composer), Robert Morse (artist), Rudy Vallee (artist), Charles Nelson Reilly (artist), Bonnie Scott (artist), Claudette Sutherland (artist), Sammy Smith (artist)",TRUE
1962,Best Original Jazz Composition,African Waltz.,"Galt MacDermot (composer), Cannonball Adderley (artist)",TRUE
1962,Best Performance by a Chorus,Great Band With Great Voices.,Johnny Mann (artist),TRUE
1962,Best Performance by a Vocal Group,High Flying.,Hendricks And Ross Lambert (artists),TRUE
1962,Best Performance by an Orchestra - for Other Than Dancing,Breakfast at Tiffany's,Henry Mancini,TRUE
1962,Best Performance by an Orchestra- For Dancing,Up A Lazy River.,Si Zentner (artist),TRUE
1962,Best Recording for Children,Prokofiev: Peter And The Wolf.,Leonard Bernstein (artist),TRUE
1962,Best Rhythm & Blues Recording,Hit The Road Jack.,Ray Charles (artist),TRUE
1962,Best Rock & Roll Recording,Let's Twist Again.,Chubby Checker (artist),TRUE
1962,"Best Solo Vocal Performance, Female",Judy At Carnegie Hall.,Judy Garland (artist),TRUE
1962,"Best Solo Vocal Performance, Male",Lollipops And Roses.,Jack Jones (artist),TRUE
1962,Best Soundtrack Album or Recording of Original Cast from Motion Picture or Television,West Side Story,"Saul Chaplin (music director), Johnny Green (music director), Irwin Kostal (music director), Sid Ramin (music director)",TRUE
1962,Best Soundtrack Album or Recording of Original Cast from Motion Picture or Television,Blue Hawaii,Elvis Presley,FALSE
1962,Best Soundtrack Album or Recording of Original Cast from Motion Picture or Television,The Parent Trap,Camarata,FALSE
1962,Best Soundtrack Album or Recording of Score from Motion Picture or Television,Breakfast at Tiffany's,Henry Mancini,TRUE
1962,Best Soundtrack Album or Recording of Score from Motion Picture or Television,La dolce vita,Nino Rota,FALSE
1962,Best Soundtrack Album or Recording of Score from Motion Picture or Television,The Guns of Navarone,Dimitri Tiomkin,FALSE
1962,Record of the Year,Moon River.,Breakfast at Tiffany's,TRUE
1962,Song of the Year,Moon River.,Breakfast at Tiffany's,TRUE
1963,Album Of the Year - Classical,Columbia Records Presents Vladimir Horowitz.,Vladimir Horowitz (artist),TRUE
1963,Album of the Year (Other Than Classical),The First Family.,"Vaughn Meader (artist), Bob Booker (producer), Earle Doud (producer)",TRUE
1963,Best Album Cover- Classical,The Intimate Bach.,"Marvin Schwartz (art director), Laurindo Almeida (artist), Virginia Majewski (artist), Vincent De Rosa (artist)",TRUE
1963,Best Album Cover- Other Than Classical,Lena...Lovely And Alive.,"Robert M. Jones (art director), Lena Horne (artist)",TRUE
1963,Best Background Arrangement (Behind Vocalist Or Instrumentalist),I Left My Heart In San Francisco.,"Marty Manning (arranger), Tony Bennett (artist)",TRUE
1963,Best Classical Performance- Chamber Music,"The Heifetz-Piatigorsky Concerts With Primrose, Pennario And Guests.","Jascha Heifetz (artist), Gregor Piatigorsky (artist), William Primrose (artist)",TRUE
1963,Best Classical Performance- Choral (Other Than Opera),Bach: St. Matthew Passion.,"The Philharmonia Chorus (artist), The Philharmonia Orchestra (artist)",TRUE
1963,Best Classical Performance- Instrumental Soloist Or Duo (Without Orchestra),Columbia Records Presents Vladimir Horowitz.,Vladimir Horowitz (artist),TRUE
1963,Best Classical Performance- Instrumental Soloist Or Soloists (With Orchestra),Stravinsky: Violin Concerto In D.,"Columbia Symphony Orchestra (artists), Isaac Stern (artist)",TRUE
1963,Best Classical Performance- Orchestra,Stravinsky: The Firebird Ballet.,Columbia Symphony Orchestra (artists),TRUE
1963,Best Classical Performance- Vocal Soloist (With or Without Orchestra),Wagner: Gotterdamerung - Brunnhilde's Immolation Scene/Wesendonck Songs.,New York Philharmonic (artist),TRUE
1963,Best Comedy Performance,The First Family.,Vaughn Meader (artist),TRUE
1963,Best Contemporary Composition,Stravinsky: The Flood.,Igor Stravinsky (composer),TRUE
1963,Best Country & Western Recording,Funny Way Of Laughin'.,Burl Ives (artist),TRUE
1963,"Best Documentary, Spoken Word, or Drama Recording (Other Than Comedy)",The Story-Teller: A Session With Charles Laughton.,Charles Laughton (artist),TRUE
1963,Best Engineered Recording - Classical,Strauss: Also Sprach Zarathustra.,"Lewis W. Layton (engineer), Fritz Reiner (conductor)",TRUE
1963,Best Engineering Contribution - Novelty,"The Civil War, Vol. I>","Robert Fine (engineer), Martin Gabel (artist), Frederick Fennell (artist)",TRUE
1963,Best Engineering Contribution - Other than Novelty and Other Than Classical,Hatari.,"Al Schmitt (engineer), Henry Mancini (artist)",TRUE
1963,Best Folk Recording,If I Had A Hammer.,Peter Paul & Mary (artist),TRUE
1963,Best Gospel Or Other Religious Recording,Great Songs Of Love And Faith.,Mahalia Jackson (artist),TRUE
1963,Best Instrumental Arrangement,Baby Elephant Walk.,Henry Mancini (artist/arranger),TRUE
1963,Best Instrumental Theme,A Taste Of Honey.,"Ric Marlow (composer), Bobby Scott (composer), Eddie Cano (artist)",TRUE
1963,Best Jazz Performance- Large Group (Instrumental),Adventures In Jazz.,Stan Kenton (artist),TRUE
1963,Best Jazz Performance- Soloist or Small Group (Instrumental),Desafinado.,Stan Getz (artist),TRUE
1963,Best New Artist Of 1962,Robert Goulet (artist),,TRUE
1963,Best Opera Recording,Verdi: Aida.,"Rome Opera Orchestra (artist), Gregor Piatigorsky (conductor)",TRUE
1963,Best Original Cast Show Album,No Strings.,"Richard Rodgers (composer), Richard Kiley (artist), Diahann Carroll (artist), Noëlle Adam (artist), Don Chastain (artist), Mitchell Gregg (artist), Bernice Mass (artist)",TRUE
1963,Best Original Jazz Composition,Cast Your Fate To The Wind.,"Vince Guaraldi (composer), The Vince Guaraldi Trio (artists)",TRUE
1963,Best Performance by a Chorus,Presenting The New Christy Minstrels.,The New Christy Minstrels (artists),TRUE
1963,Best Performance by a Vocal Group,If I Had A Hammer.,Peter Paul & Mary (artists),TRUE
1963,Best Performance by an Orchestra or Instrumentalist with Orchestra- Primarily Not Jazz Or For Dancing,The Colorful Peter Nero.,Peter Nero (artist),TRUE
1963,Best Performance by an Orchestra- For Dancing,Fly Me To The Moon Bossa Nova.,Joseph Harnell (artist),TRUE
1963,Best Recording for Children,Saint-Saens: Carnival Of The Animals/Britten: Young Person's Guide To The Orchestra.,Leonard Bernstein (artist),TRUE
1963,Best Rhythm & Blues Recording,I Can't Stop Loving You.,Ray Charles (artist),TRUE
1963,Best Rock & Roll Recording,Alley Cat.,Bent Fabricius-Bjerre (artist),TRUE
1963,"Best Solo Vocal Performance, Female",Ella Swings Brightly With Nelson Riddle.,Ella Fitzgerald (artist),TRUE
1963,"Best Solo Vocal Performance, Male",I Left My Heart In San Francisco.,Tony Bennett (artist),TRUE
1963,Record of the Year,I Left My Heart In San Francisco.,Tony Bennett (artist),TRUE
1963,Song of the Year,What Kind Of Fool Am I.,"Leslie Bricusse (songwriter), Sammy Davis Jr. (artist), Anthony Newley (artist/songwriter)",TRUE
1964,Album of the Year (Other Than Classical),The Barbra Streisand Album.,Barbra Streisand (artist),TRUE
1964,Best Album Cover- Classical,Puccini: Madama Butterfly.,"Robert M. Jones (art director), Erich Leinsdorf (conductor)",TRUE
1964,Best Album Cover- Other Than Classical,The Barbra Streisand Album.,"Barbra Streisand (artist), John Berg (art director)",TRUE
1964,Best Album Notes,The Ellington Era.,"Duke Ellington (artist), Leonard Feather (album notes writer), Stanley Dance (album notes writer)",TRUE
1964,Best Background Arrangement (Behind Vocalist Or Instrumentalist),Days Of Wine And Roses.,Henry Mancini (artist/arranger),TRUE
1964,Best Classical Composition By A Contemporary Composer,Britten: War Requiem.,Benjamin Britten (composer),TRUE
1964,Best Classical Performance- Chamber Music,Evening Of Elizabethan Music.,Julian Bream (artist),TRUE
1964,Best Classical Performance- Choral (Other Than Opera),Britten: War Requiem.,"Highgate School Choir & London Symphony Choir (artists), The Bach Choir (artists), London Symphony Orchestra (artists)",TRUE
1964,Best Classical Performance- Instrumental Soloist Or Duo (Without Orchestra),The Sound Of Horowitz.,Vladimir Horowitz (artist),TRUE
1964,Best Classical Performance- Instrumental Soloist Or Soloists (With Orchestra),Tchaikovsky: Piano Concerto No. 1 In B Flat Minor.,"Artur Rubinstein (artist), Boston Symphony Orchestra (artists)",TRUE
1964,Best Classical Performance- Orchestra,Bartók: Concerto For Orchestra.,Boston Symphony Orchestra (artists),TRUE
1964,Best Classical Performance- Vocal Soloist (With or Without Orchestra),Great Scenes From Gershwin's Porgy And Bess.,RCA Italiana Opera Orchestra (artists),TRUE
1964,Best Comedy Performance,"Hello Mudduh, Hello Faddah.",Allan Sherman (artist),TRUE
1964,Best Country & Western Recording,Detroit City.,Bobby Bare (artist),TRUE
1964,"Best Documentary, Spoken Word, or Drama Recording (Other Than Comedy)",Who's Afraid Of Virginia Woolf?.,"Uta Hagen (artist), Arthur Hill (artist), George Grizzard (artist), Melinda Dillon (artist)",TRUE
1964,Best Engineered Recording- Classical,Puccini: Madama Butterfly.,"Erich Leinsdorf (conductor), Lewis W. Layton (engineer)",TRUE
1964,Best Engineered Recording- Other than Classical,Charade.,"James Malloy (engineer), Henry Mancini (artist)",TRUE
1964,Best Engineered Recording- Special or Novel Effects,"The Civil War, Vol. II.","C. Robert Fine (engineer), Frederick Fennell (artist)",TRUE
1964,Best Folk Recording,Blowin' In The Wind.,Peter Paul & Mary (artists),TRUE
1964,Best Gospel Or Other Religious Recording (Musical),Dominique.,Soeur Sourire (artist),TRUE
1964,Best Instrumental Arrangement,I Can't Stop Loving You.,"Count Basie (artist), Quincy Jones (arranger)",TRUE
1964,Best Instrumental Jazz Performance- Large Group,"Encore: Woody Herman, 1963.",Woody Herman (artist),TRUE
1964,Best Instrumental Jazz Performance- Soloist or Small Group,Conversations With Myself.,Bill Evans (artist),TRUE
1964,Best Instrumental Theme,More - Theme From Mondo Cane.,"Vic Dana (artist), Norman Newell (composer), Nino Oliviero (composer), Riz Ortolani (composer)",TRUE
1964,Best New Artist Of 1963,Ward Swingle.,The Swingle Singers (artists),TRUE
1964,Best Opera Recording,Puccini: Madama Butterfly.,"RCA Italiana Opera Orchestra (artists), Erich Leinsdorf (artist)",TRUE
1964,Best Original Jazz Composition,Gravy Waltz.,"Steve Allen (artist/composer), Ray Brown (composer)",TRUE
1964,Best Original Score from a Motion Picture or Television Show,Tom Jones,John Addison,TRUE
1964,Best Original Score from a Motion Picture or Television Show,Lawrence of Arabia,Maurice Jarre,FALSE
1964,Best Performance by a Chorus,Bach's Greatest Hits.,Ward Swingle (artist),TRUE
1964,Best Performance by a Vocal Group,Blowin' In The Wind.,Peter Paul & Mary (artists),TRUE
1964,Best Performance by an Orchestra or Instrumentalist with Orchestra- Primarily Not Jazz Or For Dancing,Java.,Al Hirt (artist),TRUE
1964,Best Performance by an Orchestra- For Dancing,This Time By Basie! Hits Of The 50's And 60's.,Count Basie (artist),TRUE
1964,Best Recording for Children,Bernstein Conducts For Young People.,Leonard Bernstein (artist),TRUE
1964,Best Rhythm & Blues Recording,Busted.,Ray Charles (artist),TRUE
1964,Best Rock & Roll Recording,Deep Purple.,"April Stevens (artist), Nino Tempo (artist)",TRUE
1964,Best Score From An Original Cast Show Album,She Loves Me.,"Jerry Bock (composer), Sheldon Harnick (composer), Barbara Cook (artist), Barbara Baxley (artist), Jack Cassidy (artist), Daniel Massey (artist), Nathaniel Frey (artist), Ralph Williams (artist), Jo Wilder (artist)",TRUE
1964,"Best Vocal Performance, Female",The Barbra Streisand Album.,Barbra Streisand (artist),TRUE
1964,"Best Vocal Performance, Male",Wives And Lovers.,Jack Jones (artist),TRUE
1964,Classical Album Of the Year,Britten: War Requiem.,Benjamin Britten (artist),TRUE
1964,Most Promising New Classical Recording Artist,Liszt: Concerto No. 1 For Piano & Orchestra.,"Leonard Bernstein (artist), New York Philharmonic (artists)",TRUE
1964,Record of the Year,Days Of Wine And Roses.,Henry Mancini (artist),TRUE
1964,Song of the Year,Days Of Wine And Roses.,"Henry Mancini (artist/songwriter), Johnny Mercer (songwriter)",TRUE
1965,Album of the Year,Getz/Gilberto,"João Gilberto (artist), Stan Getz (artist)",TRUE
1965,Album of the Year -- Classical,Bernstein: Symphony No. 3 Kaddish,Leonard Bernstein (artist),TRUE
1965,Best Accompaniment Arrangement for Vocalist(s) or Instrumentalist(s),People,"Peter Matz (arranger), Barbra Streisand (artist)",TRUE
1965,Best Album Cover- Other Than Classical,People,"Don Bronstein (photographer), Barbra Streisand (artist), Bob Cato (art director)",TRUE
1965,Best Album Notes,Mexico (Legacy Collection),"Carlos Chavez (artist), Caitlin Shannon (album notes writer), Carleton Beals (album notes writer)",TRUE
1965,Best Chamber Music Performance - Vocal,It Was A Lover And His Lass,Noah Greenberg (artist),TRUE
1965,Best Chamber Performance - Instrumental,"Beethoven: Trio No. 1 In E Flat, Op. 1 #1","Gregor Piatigorsky (artist), Jascha Heifetz (artist)",TRUE
1965,Best Choral Performance (other than opera),Britten: A Ceremony Of Carols,Robert Shaw Chorale (artist),TRUE
1965,Best Comedy Performance,I Started Out as a Child,Bill Cosby,TRUE
1965,Best Composition by a Contemporary Composer,Barber: Piano Concerto,Samuel Barber (composer),TRUE
1965,Best Country & Western Album,Dang Me/Chug-A-Lug,Roger Miller (artist),TRUE
1965,Best Country & Western Single,Dang Me,Roger Miller (artist),TRUE
1965,Best Country & Western Song,Dang Me,Roger Miller (songwriter),TRUE
1965,Best Country & Western Vocal Performance - Female,Here Comes My Baby,Dottie West (artist),TRUE
1965,Best Country & Western Vocal Performance - Male,Dang Me,Roger Miller (artist),TRUE
1965,"Best Documentary, Spoken Word or Drama Recording (other than comedy)","BBC Tribute To John F. Kennedy (That Was The Week That Was, Cast)",,TRUE
1965,Best Engineered Recording,Britten: Young Person's Guide To The Orchestra,"Carlo Maria Giulini (conductor), Douglas Larter (engineer)",TRUE
1965,Best Engineered Recording - Non-Classical,Getz/Gilberto,"João Gilberto (artist), Stan Getz (artist), Phil Ramone (engineer)",TRUE
1965,Best Engineered Recording - Special or Novel Effects,The Chipmunks Sing The Beatles,"The Chipmunks (artist), Dave Hassinger (engineer)",TRUE
1965,Best Folk Recording,We'll Sing In The Sunshine,Gale Garnett (artist),TRUE
1965,Best Gospel or Other Religious Recording (Musical),Great Gospel Songs,Tennessee Ernie Ford (artist),TRUE
1965,Best Instrumental Arrangement,The Pink Panther,Henry Mancini (arranger),TRUE
1965,Best Instrumental Composition (other than jazz),The Pink Panther Theme,Henry Mancini (composer),TRUE
1965,Best Instrumental Jazz Performance - Large Group or Soloist with Large Group,Guitar From Ipanema,Laurindo Almeida (artist),TRUE
1965,Best Instrumental Jazz Performance - Small Group or Soloist with Small Group,Getz/Gilberto,Stan Getz (artist),TRUE
1965,Best Instrumental Performance - Non-Jazz,The Pink Panther,Henry Mancini (artist),TRUE
1965,Best New Artist,The Beatles (artist),,TRUE
1965,Best Opera Recording,Bizet: Carmen,"Vienna Philharmonic Orchestra and Chorus (artist), Herbert von Karajan (artist)",TRUE
1965,Best Original Jazz Composition,The Cat,Lalo Schifrin (composer),TRUE
1965,Best Original Score Written for a Motion Picture or Television Show,Mary Poppins,"Richard M. Sherman, Robert B. Sherman",TRUE
1965,Best Original Score Written for a Motion Picture or Television Show,Goldfinger,John Barry,FALSE
1965,Best Original Score Written for a Motion Picture or Television Show,The Pink Panther,Henry Mancini,FALSE
1965,Best Performance - Instrumental Soloist or Soloists (with orchestra),Prokofiev: Violin Concerto No. 1 In D,"The Philadelphia Orchestra (artist), Isaac Stern (artist)",TRUE
1965,Best Performance - Instrumental Soloist or Soloists (without orchestra),"Vladimir Horowitz Plays Beethoven, Debussy, Chopin",Vladimir Horowitz (artist),TRUE
1965,Best Performance - Orchestra,Mahler: Symphony No. 5/Berg: Wozzeck Excerpts,Boston Symphony Orchestra (artist),TRUE
1965,Best Performance by a Chorus,The Swingle Singers Going Baroque,"Ward Swingle (artist), The Swingle Singers (artist)",TRUE
1965,Best Performance by a Vocal Group,A Hard Day's Night,The Beatles (artist),TRUE
1965,Best Recording for Children,Mary Poppins,"Richard M. Sherman (music and lyrics by), Robert B. Sherman (music and lyrics by), Irwin Kostal (music adapted and conducted by), Julie Andrews (performed by), Dick Van Dyke (performed by)",TRUE
1965,Best Rhythm & Blues Recording,How Glad I Am,Nancy Wilson (artist),TRUE
1965,Best Rock & Roll Recording,Downtown,Petula Clark (artist),TRUE
1965,Best Score From an Original Cast Show Album,Funny Girl,"John Lankston (artist), Jean Stapleton (artist), Danny Meehan (artist), Kay Medford (artist), Sydney Chaplin (artist), Barbra Streisand (artist), Jule Styne (composer), Bob Merrill (composer)",TRUE
1965,"Best Vocal Performance, Female",People,Barbra Streisand (artist),TRUE
1965,"Best Vocal Performance, Male","Hello, Dolly!",Louis Armstrong (artist),TRUE
1965,Best Vocal Soloist Performance (with or without orchestra),Berlioz: Nuits D'Ete (Song Cycle)/Falla: El Amor Brujo,Chicago Symphony Orchestra (artist),TRUE
1965,Most Promising New Classical Recording Artist,"The Age Of Bel Canto: Operatic Scenes (Boyngne, cond.)",,TRUE
1965,Record of the Year,The Girl From Ipanema,"Stan Getz (artist), Astrud Gilberto (artist)",TRUE
1965,Song of the Year,"Hello, Dolly!","Louis Armstrong (artist), Jerry Herman (songwriter)",TRUE
1965,"Best Contemporary (R&R)  Vocal Performance, Male",Heartaches By The Number,Johnny Tillotson,FALSE
1965,Best Spoken Word Album,Shakespeare's Hamlet,"Richard Burton, John Gielgud, Hume Cronyn (& Original Cast)",FALSE
1966,Album of the Year,September Of My Years,"Frank Sinatra (artist), Sonny Burke (producer)",TRUE
1966,Album of the Year - Classical,Horowitz At Carnegie Hall - An Historic Return,"Vladimir Horowitz (artist), Thomas Frost (producer)",TRUE
1966,Best Album Cover - Graphic Arts,Bartók: Concerto No. 2 For Violin/Stravinsky: Concerto For Violin,"George Estes (art director), Erich Leinsdorf (conductor), Joseph Silverstein (violin)",TRUE
1966,Best Album Cover - Photography,Jazz Suite On The Mass Texts,"Paul Horn (artist), Ken Whitmore (photographer), Robert M. Jones (art director)",TRUE
1966,Best Album Notes,September Of My Years,"Frank Sinatra (artist), Stan Cornyn (album notes writer)",TRUE
1966,Best Arrangement Accompanying a Vocalist or Instrumentalist,It Was A Very Good Year,"Frank Sinatra (artist), Gordon Jenkins (arranger)",TRUE
1966,Best Classical Chamber Music Performance - Instrumental or Vocal,Bartók: The Six String Quartets - Nos. 1-6,"Isidore Cohen (artist), Robert Mann (artist), Raphael Hillyer (artist), Claus Adam (artist), Juilliard String Quartet (artist)",TRUE
1966,Best Classical Choral Performance (other than opera),Stravinsky: Symphony Of Psalms/Poulenc: Gloria,"RCA Victor Symphony Orchestra (artist), Robert Shaw Chorale (artist)",TRUE
1966,Best Classical Performance - Instrumental Soloist or Soloists (with orchestra),Beethoven: Piano Concerto No. 4 In G,"Boston Symphony Orchestra (artist), Artur Rubinstein (artist)",TRUE
1966,Best Classical Performance - Instrumental Soloist or Soloists (without orchestra),Horowitz At Carnegie Hall - An Historic Return,Vladimir Horowitz (artist),TRUE
1966,Best Classical Performance - Orchestra,Ives: Symphony No. 4,American Symphony Orchestra (artist),TRUE
1966,Best Classical Vocal Soloist Performance,"Strauss: Salome (Dance Of The Seven Veils, Interlude, Final Scene)/The Egyptian Helen (Awakening Scene)",Boston Symphony Orchestra (artist),TRUE
1966,Best Comedy Performance,Why Is There Air?,Bill Cosby,TRUE
1966,Best Composition by a Contemporary Classical Composer,Ives: Symphony No. 4,Charles Ives (composer),TRUE
1966,Best Contemporary (R&R) Performance - Group (Vocal or Instrumental),Flowers On The Wall,The Statler Brothers (artist),TRUE
1966,Best Contemporary (R&R) Single,King Of The Road,Roger Miller (artist),TRUE
1966,Best Contemporary (R&R) Vocal Performance - Female,I Know A Place,Petula Clark (artist),TRUE
1966,Best Contemporary (R&R) Vocal Performance - Male,King Of The Road,Roger Miller (artist),TRUE
1966,Best Country & Western Album,The Return Of Roger Miller,Roger Miller (artist),TRUE
1966,Best Country & Western Single,King Of The Road,Roger Miller (artist),TRUE
1966,Best Country & Western Song,King Of The Road,Roger Miller (songwriter),TRUE
1966,Best Country & Western Vocal Performance - Female,Queen Of The House,Jody Miller (artist),TRUE
1966,Best Country & Western Vocal Performance - Male,King Of The Road,Roger Miller (artist),TRUE
1966,Best Engineered Recording - Non-Classical,A Taste Of Honey,"Herb Alpert (artist), Larry Levine (engineer)",TRUE
1966,"Best Engineered Recording, Classical",Horowitz At Carnegie Hall - An Historic Return,"Fred Plaut (engineer), Vladimir Horowitz (piano)",TRUE
1966,Best Folk Recording,An Evening With Belafonte/Makeba,"Harry Belafonte (artist), Miriam Makeba (artist)",TRUE
1966,Best Gospel or Other Religious Recording (Musical),Southland Favorites,"Anita Kerr (artist), George Beverly Shea (artist)",TRUE
1966,Best Instrumental Arrangement,A Taste Of Honey,Herb Alpert (arranger),TRUE
1966,Best Instrumental Jazz Performance - Large Group or Soloist with Large Group,Ellington '66,Duke Ellington (artist),TRUE
1966,Best Instrumental Jazz Performance - Small Group or Soloist With Small Group,The In Crowd,Ramsey Lewis (artist),TRUE
1966,"Best Instrumental Performance, Non-Jazz",A Taste Of Honey,Herb Alpert & The Tijuana Brass (artist),TRUE
1966,Best New Artist,Tom Jones,,TRUE
1966,Best New Artist,Sonny & Cher,Herman's Hermits,FALSE
1966,Best Opera Recording,Berg: Wozzeck,"German Opera Orchestra (artist), German Opera Chorus (artist), Karl Böhm (artist)",TRUE
1966,Best Original Jazz Composition,Jazz Suite On The Mass Texts,"Paul Horn (artist), Lalo Schifrin (composer)",TRUE
1966,Best Original Score Written for a Motion Picture or Television Show,The Sandpiper,Johnny Mandel,TRUE
1966,Best Original Score Written for a Motion Picture or Television Show,The Man from U.N.C.L.E.,"Lalo Schifrin, Morton Stevens, Walter Scharf, Jerry Goldsmith",FALSE
1966,Best Original Score Written for a Motion Picture or Television Show,Zorba the Greek,Mikis Theodorakis,FALSE
1966,Best Performance by a Chorus,Anyone For Mozart?,"The Swingle Singers (artist), Ward Swingle (artist)",TRUE
1966,Best Performance by a Vocal Group,We Dig Mancini,Anita Kerr (artist),TRUE
1966,Best Recording for Children,Dr. Seuss Presents Fox In Sox And Green Eggs And Ham,Marvin Miller (artist),TRUE
1966,Best Rhythm & Blues Recording,Papa's Got A Brand New Bag,James Brown (artist),TRUE
1966,Best Score From an Original Cast Show Album,On A Clear Day,"Byron Webster (artist), Titos Vandis (artist), William Daniels (artist), Barbara Harris (artist), John Cullum (artist), Burton Lane (composer), Alan Jay Lerner (composer)",TRUE
1966,Best Spoken Word or Drama Recording,John F. Kennedy - As We Remember Him,John F. Kennedy (artist),TRUE
1966,"Best Vocal Performance, Female",My Name Is Barbra,Barbra Streisand (artist),TRUE
1966,"Best Vocal Performance, Male",It Was A Very Good Year,Frank Sinatra (artist),TRUE
1966,Most Promising New Classical Recording Artist,Bach: Goldberg Variations,,TRUE
1966,Record of the Year,A Taste Of Honey,"Herb Alpert & The Tijuana Brass (producer), Jerry Moss (producer)",TRUE
1966,Song of the Year,The Shadow Of Your Smile (Love Theme From The Sandpiper),"Tony Bennett (artist), Paul Francis Webster (songwriter), Johnny Mandel (songwriter)",TRUE
1967,Album of the Year,A Man And His Music,"Sonny Burke (producer), Frank Sinatra (artist)",TRUE
1967,Album of the Year - Classical,Ives: Symphony No. 1 In D Minor,"Morton Gould (artist), Howard Scott (producer)",TRUE
1967,"Best Album Cover, Photography",Confessions Of A Broken Man,"Porter Wagoner (artist), Robert M. Jones (art director), Les Leverette (photographer)",TRUE
1967,Best Album Notes,Sinatra At The Sands,"Frank Sinatra (artist), Stan Cornyn (album notes writer)",TRUE
1967,Best Arrangement Accompanying a Vocalist or Instrumentalist,Strangers In The Night,"Ernie Freeman (arranger), Frank Sinatra (artist)",TRUE
1967,Best Chamber Music Performance - Instrumental or Vocal,"Boston Symphony Chamber Players - Works Of Mozart, Brahms, Beethoven, Fine, Copland, Carter, Piston",Boston Symphony Chamber Players (artist),TRUE
1967,Best Classical Choral Performance (other than opera),Ives: Music For Chorus,"Ithaca College Concert Choir (artist), Texas Boys Choir (artist), The Gregg Smith Singers (artist)",TRUE
1967,Best Classical Performance - Instrumental Soloist or Soloists (with or without orchestra),"Baroque Guitar (Works Of Bach, Sanz, Weiss, Etc.)",,TRUE
1967,Best Classical Performance - Orchestra,Mahler: Symphony No. 6 In A Minor,Boston Symphony Orchestra (artist),TRUE
1967,Best Classical Vocal Soloist Performance (with or without orchestra),"Prima Donna (Works Of Barber, Purcell, Etc.)",R.C.A. Italiana Opera Orchestra and Chorus (artist),TRUE
1967,Best Comedy Performance,Wonderfulness,Bill Cosby,TRUE
1967,"Best Contemporary (R&R) Group Performance, Vocal or Instrumental","Monday, Monday",The Mamas and the Papas (artist),TRUE
1967,Best Contemporary (R&R) Recording,Winchester Cathedral,The New Vaudeville Band (artist),TRUE
1967,Best Contemporary (R&R) Solo Vocal Performance - Male or Female,Eleanor Rigby,Paul McCartney (artist),TRUE
1967,Best Country & Western Recording,Almost Persuaded,David Houston (artist),TRUE
1967,Best Country & Western Song,Almost Persuaded,"Billy Sherrill (songwriter), Glenn Sutton (songwriter), David Houston (artist)",TRUE
1967,Best Country & Western Vocal Performance - Female,Don't Touch Me,Jeannie Seely (artist),TRUE
1967,"Best Country & Western Vocal Performance, Male",Almost Persuaded,David Houston (artist),TRUE
1967,Best Engineered Recording - Classical,Wagner: Lohengrin,"Erich Leinsdorf (conductor), Anthony Salvatore (engineer)",TRUE
1967,Best Engineered Recording - Non-Classical,Strangers In The Night,"Eddie Brackett (engineer), Lee Herschberg (engineer), Frank Sinatra (artist)",TRUE
1967,Best Folk Recording,Blues In The Street,Cortelia Clark (artist),TRUE
1967,Best Instrumental Arrangement,What Now My Love,Herb Alpert (arranger),TRUE
1967,Best Instrumental Jazz Performance - Group or Soloist with Group,Goin' Out Of My Head,Wes Montgomery (artist),TRUE
1967,Best Instrumental Performance (Other Than Jazz),What Now My Love,Herb Alpert & The Tijuana Brass (artist),TRUE
1967,Best Instrumental Theme,Batman Theme,Neal Hefti (composer),TRUE
1967,Best Opera Recording,Wagner: Die Walkure,"Vienna Philharmonic Orchestra and Chorus (artist), Georg Solti (artist)",TRUE
1967,Best Original Jazz Composition,In The Beginning God,Duke Ellington (composer),TRUE
1967,Best Original Score Written for a Motion Picture or Television Show,Doctor Zhivago,Maurice Jarre,TRUE
1967,Best Original Score Written for a Motion Picture or Television Show,Arabesque,Henry Mancini,FALSE
1967,Best Original Score Written for a Motion Picture or Television Show,Who's Afraid of Virginia Woolf?,Alex North,FALSE
1967,Best Performance by a Chorus,Somewhere My Love (Lara's Theme From Dr. Zhivago),Ray Conniff (singer),TRUE
1967,Best Performance by a Vocal Group,A Man And A Woman,Anita Kerr (singer),TRUE
1967,Best Recording for Children,Dr. Seuss Presents - If I Ran The Zoo And Sleep Book,Marvin Miller (artist),TRUE
1967,"Best Rhythm & Blues Group Performance, Vocal or Instrumental",Hold It Right There,Ramsey Lewis (artist),TRUE
1967,Best Rhythm & Blues Recording,Crying Time,Ray Charles (artist),TRUE
1967,"Best Rhythm & Blues Solo Vocal Performance, Male or Female",Crying Time,Ray Charles (artist),TRUE
1967,Best Sacred Performance,Elvis Presley,,TRUE
1967,Best Sacred Recording (Musical),Grand Old Gospel,"The Blackwood Brothers (artist), Porter Wagoner (artist)",TRUE
1967,Best Score From an Original Cast Show Album,Mame,"Frankie Michaels (artist), Jerry Lanning (artist), Charles Braswell (artist), Jane Connell (artist), Bea Arthur (artist), Angela Lansbury (artist), Jerry Herman (composer)",TRUE
1967,"Best Spoken Word, Documentary or Drama Recording",Edward R. Murrow - A Reporter Remembers Vol. I The War Years,Edward R. Murrow (artist),TRUE
1967,"Best Vocal Performance, Female",If He Walked Into My Life,Eydie Gormé (artist),TRUE
1967,"Best Vocal Performance, Male",Strangers In The Night,Frank Sinatra (artist),TRUE
1967,Record of the Year,Strangers In The Night,"Frank Sinatra (artist), Jimmy Bowen (producer)",TRUE
1967,Song of the Year,Michelle,"The Beatles (artist), Paul McCartney (songwriter), John Lennon (songwriter)",TRUE
1967,"Best Album Cover, Graphic Arts",Revolver,The Beatles (artist),FALSE
1968,Album of the Year,Sgt. Pepper's Lonely Hearts Club Band,"The Beatles (artist), George Martin (producer)",TRUE
1968,"Album of the Year, Classical",Mahler: Symphony No. 8 (Symphony Of A Thousand),"John McClure (producer), Leonard Bernstein (artist)",TRUE
1968,"Best Album Cover, Graphic Arts",Sgt. Pepper's Lonely Hearts Club Band,"The Beatles (artist), Peter Blake (art director), Jann Haworth (art director)",TRUE
1968,"Best Album Cover, Photography",Bob Dylan's Greatest Hits,"Bob Dylan (artist), Bob Cato (art director), John Berg (art director), Roland Scherman (photographer)",TRUE
1968,Best Album Notes,Suburban Attitudes In Country Verse,John D. Loudermilk (album notes writer),TRUE
1968,Best Arrangement Accompanying Vocalist(s) or Instrumentalist(s),Ode To Billie Joe,"Bobbie Gentry (artist), Jimmie Haskell (arranger)",TRUE
1968,Best Chamber Music Performance,West Meets East,"Yehudi Menuhin (artist), Ravi Shankar (artist)",TRUE
1968,Best Classical Choral Performance (other than opera),Mahler: Symphony No. 8 In E Flat Major (Symphony Of A Thousand),London Symphony Orchestra (artist),TRUE
1968,Best Classical Performance - Instrumental Soloist or Soloists (with or without orchestra),"Horowitz In Concert (Haydn, Schumann, Scriabin, Debussy, Mozart, Chopin)",,TRUE
1968,Best Classical Performance - Orchestra,Stravinsky: Firebird And Petrouchka Suites,Columbia Symphony Orchestra (artist),TRUE
1968,Best Classical Vocal Soloist Performance,"Prima Donna, Volume 2",R.C.A. Italiana Opera Orchestra and Chorus (artist),TRUE
1968,Best Comedy Recording,Revenge,Bill Cosby,TRUE
1968,Best Contemporary Album,Sgt. Pepper's Lonely Hearts Club Band,The Beatles (artist),TRUE
1968,Best Contemporary Female Solo Vocal Performance,Ode To Billie Joe,Bobbie Gentry (artist),TRUE
1968,Best Contemporary Group Performance (Vocal or Instrumental),"Up, Up And Away",The 5th Dimension (artist),TRUE
1968,Best Contemporary Male Solo Vocal Performance,By The Time I Get To Phoenix,Glen Campbell (artist),TRUE
1968,Best Contemporary Single,"Up, Up And Away",The 5th Dimension (artist),TRUE
1968,"Best Country & Western Performance Duet, Trio or Group (Vocal or Instrumental)",Jackson,"June Carter Cash (artist), Johnny Cash (artist)",TRUE
1968,Best Country & Western Recording,Gentle On My Mind,Glen Campbell (artist),TRUE
1968,"Best Country & Western Solo Vocal Performance, Female",I Don't Wanna Play House,Tammy Wynette (artist),TRUE
1968,"Best Country & Western Solo Vocal Performance, Male",Gentle On My Mind,Glen Campbell (artist),TRUE
1968,Best Country & Western Song,Gentle On My Mind,John Hartford (songwriter),TRUE
1968,Best Engineered Recording - Non-Classical,Sgt. Pepper's Lonely Hearts Club Band,"The Beatles (engineer), Geoff Emerick (artist)",TRUE
1968,"Best Engineered Recording, Classical",The Glorious Sound Of Brass,Edward T. Graham (engineer),TRUE
1968,Best Folk Performance,Gentle On My Mind,John Hartford (artist),TRUE
1968,Best Gospel Performance,More Grand Old Gospel,"The Blackwood Brothers (artist), Porter Wagoner (artist)",TRUE
1968,Best Instrumental Arrangement,Alfie,Burt Bacharach (arranger),TRUE
1968,"Best Instrumental Jazz Performance, Large Group or Soloist with Large Group",Far East Suite,Duke Ellington (artist),TRUE
1968,"Best Instrumental Jazz Performance, Small Group or Soloist With Small Group","Mercy, Mercy, Mercy",Cannonball Adderley (artist),TRUE
1968,Best Instrumental Performance,Chet Atkins Picks The Best,Chet Atkins (artist),TRUE
1968,Best Instrumental Theme,Mission: Impossible,Lalo Schifrin (composer),TRUE
1968,Best New Artist,Bobbie Gentry (artist),,TRUE
1968,Best Opera Recording,Berg: Wozzeck,"Choeur Nationale De Paris (artist), Thomas Z. Shepard (producer), Pierre Boulez (artist)",TRUE
1968,Best Original Score Written for a Motion Picture or Television Show,Mission: Impossible,Lalo Schifrin,TRUE
1968,Best Original Score Written for a Motion Picture or Television Show,Doctor Dolittle,Leslie Bricusse,FALSE
1968,Best Original Score Written for a Motion Picture or Television Show,"To Sir, with Love","Ron Grainer, Don Black, Mark London",FALSE
1968,Best Original Score Written for a Motion Picture or a Television Show,Mission: Impossible,Lalo Schifrin (composer),TRUE
1968,Best Performance by a Chorus,"Up, Up And Away",Johnny Mann (singer),TRUE
1968,Best Performance by a Vocal Group,"Up, Up And Away",The 5th Dimension (artist),TRUE
1968,Best Recording for Children,It looks like a bloody doorstop. He left the award by the foot of Kennard's office door when he left.,How the Grinch Stole Christmas!,TRUE
1968,"Best Rhythm & Blues Group Performance, Vocal or Instrumental",Soul Man,Sam & Dave (artist),TRUE
1968,Best Rhythm & Blues Recording,Respect,Aretha Franklin (artist),TRUE
1968,"Best Rhythm & Blues Solo Vocal Performance, Female",Respect,Aretha Franklin (artist),TRUE
1968,"Best Rhythm & Blues Solo Vocal Performance, Male",Dead End Street,Lou Rawls (artist),TRUE
1968,Best Sacred Performance,How Great Thou Art,Elvis Presley (artist),TRUE
1968,Best Score From an Original Cast Show Album,Cabaret,"Bert Convy (artist), Jack Gilford (artist), Jill Haworth (artist), Lotte Lenya (artist), Joel Grey (artist), Goddard Lieberson (producer), John Kander (composer), Fred Ebb (composer)",TRUE
1968,"Best Spoken Word, Documentary or Drama Recording",Gallant Men,Everett Dirksen (artist),TRUE
1968,"Best Vocal Performance, Female",Ode To Billie Joe,Bobbie Gentry (artist),TRUE
1968,"Best Vocal Performance, Male",By The Time I Get To Phoenix,Glen Campbell (artist),TRUE
1968,Record of the Year,"Up, Up And Away","Johnny Rivers (producer), Marc Gordon (producer), The 5th Dimension (artist)",TRUE
1968,Song of the Year,"Up, Up And Away","Jimmy Webb (songwriter), The 5th Dimension (artist)",TRUE
1969,Album of the Year,By The Time I Get To Phoenix,"Al De Lory (producer), Glen Campbell (artist)",TRUE
1969,Best Album Cover,Underground,"Thelonious Monk (artist), John Berg (art director), Richard Mantel (art director), Horn Grinner Studios (photographer)",TRUE
1969,Best Album Notes,Johnny Cash At Folsom Prison,Johnny Cash (album notes writer),TRUE
1969,Best Arrangement Accompanying Vocalist(s),Mac Arthur Park,"Richard Harris (artist), Jimmy Webb (arranger)",TRUE
1969,Best Chamber Music Performance,"Glory Of Gabrieli Vol. II - Canzonas For Brass, Winds, Strings And Organ","Edward Tarr Brass Ensemble (artist), E. Power Biggs (artist), Vittorio Negri (artist)",TRUE
1969,Best Choral Performance (other than opera),The Glory Of Gabrieli,"Texas Boys Choir (artist), The Gregg Smith Singers (artist)",TRUE
1969,Best Classical Performance - Orchestra,Boulez Conducts Debussy (La Mer; Prelude A L'Apres-Midi D'Un Faune; Jeux),The Philharmonia Orchestra (artist),TRUE
1969,Best Comedy Recording,"To Russell,My Brother,Whom I Slept With",Bill Cosby,TRUE
1969,Best Contemporary Pop Performance - Vocal Duo or Group,Mrs. Robinson,Simon & Garfunkel (artist),TRUE
1969,"Best Contemporary Pop Performance, Chorus",Mission Impossible/Norwegian Wood Medley,Alan Copeland (singer),TRUE
1969,"Best Contemporary Pop Performance, Instrumental",Classical Gas,Mason Williams (artist),TRUE
1969,"Best Contemporary Pop Vocal Performance, Female",Do You Know The Way To San Jose?,Dionne Warwick (artist),TRUE
1969,"Best Contemporary Pop Vocal Performance, Male",Light My Fire,José Feliciano (artist),TRUE
1969,"Best Country Performance, Duo or Group - Vocal or Instrumental",Foggy Mountain Breakdown,Flatt & Scruggs (artist),TRUE
1969,Best Country Song,Little Green Apples,"O.C. Smith (artist), Roger Miller (artist), Bobby Russell (songwriter)",TRUE
1969,"Best Country Vocal Performance, Female",Harper Valley P.T.A.,Jeannie C. Riley (artist),TRUE
1969,"Best Country Vocal Performance, Male",Folsom Prison Blues,Johnny Cash (artist),TRUE
1969,"Best Engineered Recording, Classical",Mahler: Symphony No. 9 In D,"London Symphony Orchestra (artist), Georg Solti (conductor), Gordon Parry (engineer)",TRUE
1969,"Best Engineered Recording, Non-Classical",Wichita Lineman,"Glen Campbell (artist), Hugh Davies (engineer), Joseph F. Polito (engineer)",TRUE
1969,Best Folk Performance,Both Sides Now,Judy Collins (artist),TRUE
1969,Best Gospel Performance,The Happy Gospel Of The Happy Goodmans,The Happy Goodman Family (artist),TRUE
1969,Best Instrumental Arrangement,Classical Gas,"Mason Williams (artist), Mike Post (arranger)",TRUE
1969,Best Instrumental Jazz Performance - Large Group or Soloist with Large Group,And His Mother Called Him Bill,Duke Ellington (artist),TRUE
1969,Best Instrumental Jazz Performance - Small Group or Soloist with Small Group,Bill Evans At The Montreux Jazz Festival,Bill Evans (artist),TRUE
1969,Best Instrumental Theme,Classical Gas,Mason Williams (composer),TRUE
1969,Best New Artist of the Year,José Feliciano (artist),,TRUE
1969,Best Opera Recording,Mozart: Cosi Fan Tutte,"The Philharmonia Orchestra (artist), Erich Leinsdorf (artist), Richard Mohr (producer)",TRUE
1969,Best Original Score Written for a Motion Picture,The Graduate,"Dave Grusin, Paul Simon",TRUE
1969,Best Original Score Written for a Motion Picture,The Fox,Lalo Schifrin,FALSE
1969,Best Original Score Written for a Motion Picture,Valley of the Dolls,André Previn,FALSE
1969,Best Original Score Written for a Motion Picture or a Television Special,The Graduate,"Paul Simon (composer), Dave Grusin (composer), Simon & Garfunkel (artist)",TRUE
1969,Best Performance - Instrumental Soloist or Soloists (with or without orchestra),"Horowitz On Television (Chopin, Scriabin, Scarlatti, Horowitz)",,TRUE
1969,"Best Rhythm & Blues Performance by a Duo or Group, Vocal or Instrumental",Cloud Nine,The Temptations (artist),TRUE
1969,Best Rhythm & Blues Song,(Sittin' On) The Dock Of The Bay,"Otis Redding (songwriter), Steve Cropper (songwriter)",TRUE
1969,"Best Rhythm & Blues Vocal Performance, Female",Chain Of Fools,Aretha Franklin (artist),TRUE
1969,"Best Rhythm & Blues Vocal Performance, Male",(Sittin' On) The Dock Of The Bay,Otis Redding (artist),TRUE
1969,Best Sacred Performance,Beautiful Isle Of Somewhere,Jake Hess (artist),TRUE
1969,Best Score From an Original Cast Show Album,Hair,"Melba Moore (artist), Diane Keaton (artist), Lamont Washington (artist), Ronnie Dyson (artist), Andy Boswell (producer), Gerome Ragni (composer), James Rado (composer), Galt MacDermot (composer)",TRUE
1969,Best Soul Gospel Performance,The Soul Of Me,Dottie Rambo (artist),TRUE
1969,Best Spoken Word Recording,Lonesome Cities,Rod McKuen (artist),TRUE
1969,Best Vocal Soloist Performance,Rossini: Rarities,R.C.A. Italiana Opera Orchestra and Chorus (artist),TRUE
1969,Record of the Year,Mrs. Robinson,"Roy Halee (artist), Simon & Garfunkel (producer)",TRUE
1969,Song of the Year,Little Green Apples,"O.C. Smith (artist), Roger Miller (artist), Bobby Russell (songwriter)",TRUE
1969,Best Country Vocal Performance by a Duo or Group,"Just Someone I Used To Know, single","Porter Wagoner, Dolly Parton",FALSE
1970,Album of the Year,"Blood, Sweat And Tears","Blood Sweat & Tears (artist), James William Guercio (producer)",TRUE
1970,"Album of the Year, Classical",Switched-On-Bach,"Wendy Carlos (artist), Rachel Elkind (producer)",TRUE
1970,Best Album Cover,America The Beautiful,Gary McFarland,TRUE
1970,Best Album Notes,Nashville Skyline,"Johnny Cash (album notes writer), Bob Dylan (artist)",TRUE
1970,Best Arrangement Accompanying Vocalist(s),Spinning Wheel,"Fred Lipsius (arranger), Blood Sweat & Tears (artist)",TRUE
1970,Best Chamber Music Performance,Gabrieli: Antiphonal Music Of Gabrieli,"Chicago Brass Ensemble (artist), Cleveland Brass Ensemble (artist), Philadelphia Brass Ensemble (artist)",TRUE
1970,"Best Choral Performance, Classical",Berio: Sinfonia,"The Swingle Singers, New York Philharmonic",TRUE
1970,"Best Classical Performance, Instrumental Soloist or Soloists (with or without Orchestra)",Switched-On-Bach,Wendy Carlos,TRUE
1970,"Best Classical Performance, Orchestra","Boulez Conducts Debussy, Vol. 2 'Images Pour Orchestre'",The Cleveland Orchestra,TRUE
1970,Best Comedy Recording,Bill Cosby,Bill Cosby,TRUE
1970,Best Contemporary Instrumental Performance,Variations On A Theme By Eric Satie,Blood Sweat & Tears,TRUE
1970,Best Contemporary Performance by a Chorus,Love Theme From Romeo And Juliet,Percy Faith and His Orchestra,TRUE
1970,Best Contemporary Song,Games People Play,Joe South (artist/songwriter),TRUE
1970,Best Contemporary Vocal Performance by a Group,Aquarius/Let The Sunshine In (The Flesh Failures),The 5th Dimension,TRUE
1970,"Best Contemporary Vocal Performance, Female",Is That All There Is?,Peggy Lee,TRUE
1970,"Best Contemporary Vocal Performance, Male",Everybody's Talkin',Harry Nilsson,TRUE
1970,Best Country Instrumental Performance,The Nashville Brass Featuring Danny Davis Play More Nashville Sounds,Danny Davis and the Nashville Brass,TRUE
1970,Best Country Song,A Boy Named Sue,"Shel Silverstein (songwriter), Johnny Cash (artist)",TRUE
1970,Best Country Vocal Performance by a Duo or Group,MacArthur Park,"Waylon Jennings, The Kimberlys",TRUE
1970,"Best Country Vocal Performance, Female",Stand By Your Man,Tammy Wynette,TRUE
1970,"Best Country Vocal Performance, Male",A Boy Named Sue,Johnny Cash,TRUE
1970,"Best Engineered Recording, Classical",Switched-on Bach,Wendy Carlos (artist/engineer),TRUE
1970,"Best Engineered Recording, Non-Classical",Abbey Road,"Geoff Emerick (engineer), Philip McDonald (engineer), The Beatles (artist)",TRUE
1970,Best Folk Performance,Clouds,Joni Mitchell,TRUE
1970,Best Gospel Performance,In Gospel Country,"Porter Wagoner, The Blackwood Brothers",TRUE
1970,Best Instrumental Arrangement,Love Theme From Romeo And Juliet,Henry Mancini (artist/arranger),TRUE
1970,"Best Instrumental Jazz Performance, Large Group or Soloist with Large Group",Walking In Space,Quincy Jones,TRUE
1970,"Best Instrumental Jazz Performance, Small Group or Soloist with Small Group",Willow Weep For Me,Wes Montgomery,TRUE
1970,Best Instrumental Theme,Midnight Cowboy,John Barry (artist/composer),TRUE
1970,Best New Artist of the Year,Crosby Stills & Nash,,TRUE
1970,Best Opera Recording,Wagner: Siegfried,"Herbert von Karajan, Otto Gerdes (producer), Berliner Philharmoniker (artist)",TRUE
1970,Best Original Score Written for a Motion Picture or a Television Special,Butch Cassidy and the Sundance Kid,Burt Bacharach (artist/composer),TRUE
1970,Best Original Score Written for a Motion Picture or a Television Special,"Me, Natalie",Henry Mancini,FALSE
1970,Best Original Score Written for a Motion Picture or a Television Special,Yellow Submarine,"John Lennon, Paul McCartney, George Harrison, George Martin",FALSE
1970,Best R&B Instrumental Performance,Games People Play,King Curtis,TRUE
1970,Best R&B Song,Color Him Father,"Richard Spencer (songwriter), The Winstons (artist)",TRUE
1970,Best R&B Vocal Performance by a Duo or Group,It's Your Thing,The Isley Brothers,TRUE
1970,"Best R&B Vocal Performance, Female",Share Your Love With Me,Aretha Franklin,TRUE
1970,"Best R&B Vocal Performance, Male",The Chokin' Kind,Joe Simon,TRUE
1970,Best Recording for Children,"Peter, Paul and Mommy","Milton Okun (producer), Peter Yarrow (artist), N. Paul Stookey (artist), Mary Allin Travers (artist)",TRUE
1970,Best Sacred Performance,Ain't That Beautiful Singing,Jake Hess,TRUE
1970,Best Score from an Original Cast Show Album,"Promises, Promises (Various Artists)","Burt Bacharach (composer), Hal David (composer), Henry Jerome (producer), Phil Ramone (producer)",TRUE
1970,Best Soul Gospel Performance,Oh Happy Day,The Edwin Hawkins Singers,TRUE
1970,Best Spoken Word Recording,We Love You Call Collect,"Art Linkletter, Diane Linkletter",TRUE
1970,"Best Vocal Soloist Performance, Classical",Barber: Two Scenes From Antony And Cleopatra/Knoxville: Summer Of 1915,"Leontyne Price, The Philharmonia Orchestra (artist)",TRUE
1970,Record of the Year,Aquarius/Let The Sunshine In (The Flesh Failures),"The 5th Dimension (artist), Bones Howe (producer)",TRUE
1970,Song of the Year,Games People Play,Joe South (artist/songwriter),TRUE
1971,Album of the Year,Bridge Over Troubled Water,"Simon & Garfunkel (artist/producers), Roy Halee (producer)",TRUE
1971,"Album of the Year, Classical",Berlioz: Les Troyens,"Colin Davis (artist), Erik Smith (producer)",TRUE
1971,Best Album Cover,Indianola Mississippi Seeds,"Ivan Nagy (photographer), B.B. King (artist)",TRUE
1971,Best Album Notes,The World's Greatest Blues Singer,"Chris Albertson (album notes writer), Bessie Smith (artist)",TRUE
1971,Best Arrangement Accompanying Vocalist(s),Bridge Over Troubled Water,"Ernie Freeman (arranger), Art Garfunkel (arranger), Jimmie Haskell (arranger), Larry Knechtel (arranger), Paul Simon (arranger), Simon & Garfunkel (artist)",TRUE
1971,Best Chamber Music Performance,Beethoven: The Complete Piano Trios,"Eugene Istomin (artist), Leonard Rose (artist), Isaac Stern (artist)",TRUE
1971,Best Choral Performance,Ives: New Music Of Charles Ives,"The Gregg Smith Singers, Columbia Chamber Ensemble",TRUE
1971,"Best Classical Performance, Instrumental Soloist or Soloists (with or without Orchestra)",Brahms: Double Concerto (Concerto In A Minor For Violin And Cello),"David Oistrakh, The Cleveland Orchestra (artist)",TRUE
1971,"Best Classical Performance, Orchestra",Stravinsky: Le Sacre Du Printemps,The Cleveland Orchestra,TRUE
1971,Best Classical Vocal Soloist Performance,Schubert: Lieder,Dietrich Fischer-Dieskau,TRUE
1971,Best Comedy Recording,The Devil Made Me Buy This Dress,Flip Wilson,TRUE
1971,Best Contemporary Instrumental Performance,Theme From Z And Other Film Music,Henry Mancini,TRUE
1971,Best Contemporary Song,Bridge Over Troubled Water,"Paul Simon (songwriter), Simon & Garfunkel (artist)",TRUE
1971,"Best Contemporary Vocal Performance by a Duo, Group or Chorus",Close To You,The Carpenters,TRUE
1971,"Best Contemporary Vocal Performance, Female",I'll Never Fall In Love Again,Dionne Warwick,TRUE
1971,"Best Contemporary Vocal Performance, Male",Everything Is Beautiful,Ray Stevens,TRUE
1971,Best Country Instrumental Performance,Me And Jerry,"Jerry Reed, Chet Atkins",TRUE
1971,Best Country Song,"My Woman, My Woman, My Wife",Marty Robbins (artist/songwriter),TRUE
1971,Best Country Vocal Performance by a Duo or Group,If I Were A Carpenter,"Johnny Cash, June Carter Cash",TRUE
1971,"Best Country Vocal Performance, Female",Rose Garden,Lynn Anderson,TRUE
1971,"Best Country Vocal Performance, Male",For The Good Times,Ray Price,TRUE
1971,"Best Engineered Recording, Classical",Stravinsky: Le Sacre Du Printemps,"Arthur Kendy (engineer), Ray Moore (engineer), Fred Plaut (engineer), Pierre Boulez (conductor), The Cleveland Orchestra (artist)",TRUE
1971,"Best Engineered Recording, Non-Classical",Bridge Over Troubled Water,"Roy Halee (engineer), Simon & Garfunkel (artist)",TRUE
1971,Best Ethnic or Traditional Recording (Including Traditional Blues),Good Feelin',T-Bone Walker,TRUE
1971,Best Gospel Performance,Talk About The Good Times,The Oak Ridge Boys,TRUE
1971,Best Instrumental Arrangement,Theme From 'Z',Henry Mancini (artist/arranger),TRUE
1971,Best Instrumental Composition,Airport Love Theme,Airport,TRUE
1971,"Best Jazz Performance, Large Group or Soloist with Large Group",Bitches Brew,Miles Davis,TRUE
1971,"Best Jazz Performance, Small Group or Soloist with Small Group",Alone,Bill Evans,TRUE
1971,Best New Artist,The Carpenters,,TRUE
1971,Best Opera Recording,Berlioz: Les Troyens,"Colin Davis (producer), Erik Smith (producer), Royal Opera Chorus (artist), Orchestra of the Royal Opera House (artist)",TRUE
1971,Best Original Score Written for a Motion Picture or a Television Special,Let It Be,"George Harrison (composer), John Lennon (composer), Paul McCartney (composer), Ringo Starr (composer), The Beatles (artist)",TRUE
1971,Best Original Score Written for a Motion Picture or a Television Special,Darling Lili,"Johnny Mercer, Henry Mancini",FALSE
1971,Best Original Score Written for a Motion Picture or a Television Special,The Sterile Cuckoo,Fred Karlin,FALSE
1971,"Best R&B Performance by a Duo or Group, Vocal or Instrumental",Didn't I (Blow Your Mind This Time),The Delfonics,TRUE
1971,Best R&B Song,Patches,"Ronald Dunbar (songwriter), General Johnson (songwriter), Clarence Carter (artist)",TRUE
1971,"Best R&B Vocal Performance, Female",Don't Play That Song,Aretha Franklin,TRUE
1971,"Best R&B Vocal Performance, Male",The Thrill Is Gone,B.B. King,TRUE
1971,Best Recording for Children,Sesame Street,Sesame Street Cast,TRUE
1971,Best Sacred Performance,Everything Is Beautiful,Jake Hess,TRUE
1971,Best Score from an Original Cast Show Album,Company (Various Artists),"Stephen Sondheim (composer), Thomas Z. Shepard (producer)",TRUE
1971,Best Soul Gospel Performance,Every Man Wants To Be Free,The Edwin Hawkins Singers,TRUE
1971,Best Spoken Word Recording,Why I Oppose The War In Vietnam,Martin Luther King,TRUE
1971,Lifetime Achievement Award,Elvis Presley,,TRUE
1971,Record of the Year,Bridge Over Troubled Water,"Simon & Garfunkel (artist/producers), Roy Halee (producer)",TRUE
1971,Song of the Year,Bridge Over Troubled Water,"Paul Simon (songwriter), Simon & Garfunkel (artist)",TRUE
1972,Album of the Year,Tapestry,"Carole King (artist), Lou Adler (producer)",TRUE
1972,"Album of the Year, Classical",Horowitz Plays Rachmaninoff (Etudes-Tableaux Piano Music; Sonatas),"Vladimir Horowitz (artist), Thomas Frost (producer), Richard Killough (producer)",TRUE
1972,Best Album Cover,Pollution,"Gene Brownell (photographer), Dean Torrence (art director)",TRUE
1972,Best Album Notes,"Sam, Hard And Heavy",Domingo Samudio (artist/album notes writer),TRUE
1972,Best Arrangement Accompanying Vocalist(s),Uncle Albert/Admiral Halsey,"Paul McCartney (artist/arranger), Linda McCartney (artist)",TRUE
1972,Best Chamber Music Performance,Debussy: Quartet In G Minor/Ravel: Quartet In F,Juilliard String Quartet (artist),TRUE
1972,"Best Choral Performance, Classical",Berlioz: Requiem,"London Symphony Chorus, The Wandsworth School Choir, London Symphony Orchestra",TRUE
1972,"Best Classical Performance, Instrumental Soloist or Soloists (with Orchestra)",Villa-Lobos: Concerto For Guitar,"Julian Bream (artist), London Symphony Orchestra (artist)",TRUE
1972,"Best Classical Performance, Instrumental Soloist or Soloists (without Orchestra)",Horowitz Plays Rachmaninoff (Etudes-Tableaux Piano Music; Sonatas),Vladimir Horowitz (artist),TRUE
1972,"Best Classical Performance, Orchestra",Mahler: Symphony No. 1 In D,Chicago Symphony Orchestra,TRUE
1972,Best Classical Vocal Soloist Performance,Leontyne Price Sings Robert Schumann,Leontyne Price,TRUE
1972,Best Comedy Recording,This is a Recording,Lily Tomlin,TRUE
1972,Best Country Instrumental Performance,Snowbird,Chet Atkins,TRUE
1972,Best Country Song,Help Me Make It Through The Night,"Kris Kristofferson (songwriter), Sammi Smith (artist)",TRUE
1972,Best Country Vocal Performance by a Duo or Group,After The Fire Is Gone,"Conway Twitty, Loretta Lynn",TRUE
1972,"Best Country Vocal Performance, Female",Help Me Make It Through The Night,Sammi Smith,TRUE
1972,"Best Country Vocal Performance, Male","When You're Hot, You're Hot",Jerry Reed,TRUE
1972,"Best Engineered Recording, Classical",Berlioz: Requiem,"Vittorio Negri (engineer), Colin Davis (conductor)",TRUE
1972,"Best Engineered Recording, Non-Classical",Theme From Shaft,"Henry Bush (engineer), Ron Capone (engineer), Dave Purple (engineer), Isaac Hayes (artist)",TRUE
1972,Best Ethnic or Traditional Recording,They Call Me Muddy Waters,Muddy Waters,TRUE
1972,Best Gospel Performance,Let Me Live,Charley Pride,TRUE
1972,Best Instrumental Arrangement,Theme From Shaft,"Johnny Allen (arranger), Isaac Hayes (artist/arranger)",TRUE
1972,Best Instrumental Composition,Summer of '42,Michel Legrand (artist/composer),TRUE
1972,Best Jazz Performance by a Big Band,New Orleans Suite,Duke Ellington,TRUE
1972,Best Jazz Performance by a Group,The Bill Evans Album,The Bill Evans Trio,TRUE
1972,Best Jazz Performance by a Soloist,The Bill Evans Album,Bill Evans,TRUE
1972,Best New Artist of the Year,Carly Simon,,TRUE
1972,Best Opera Recording,Verdi: Aida,"Erich Leinsdorf, Richard Mohr (producer), John Alldis Choir (artist), London Symphony Orchestra (artist)",TRUE
1972,Best Original Score Written for a Motion Picture or a Television Special,Shaft,Isaac Hayes (artist/composer),TRUE
1972,Best Original Score Written for a Motion Picture or a Television Special,Friends,"Elton John, Bernie Taupin",FALSE
1972,Best Original Score Written for a Motion Picture or a Television Special,Ryan's Daughter,Maurice Jarre,FALSE
1972,Best Pop Instrumental Performance,Smackwater Jack,Quincy Jones,TRUE
1972,Best Pop Vocal Performance by a Duo or Group,Carpenters,The Carpenters,TRUE
1972,"Best Pop Vocal Performance, Female",Tapestry,Carole King,TRUE
1972,"Best Pop Vocal Performance, Female","Gypsies, Tramps & Thieves",Cher,FALSE
1972,"Best Pop Vocal Performance, Female",The Night They Drove Old Dixie Down,Joan Baez,FALSE
1972,"Best Pop Vocal Performance, Male",You've Got A Friend,James Taylor,TRUE
1972,Best R&B Song,Ain't No Sunshine,Bill Withers (artist/songwriter),TRUE
1972,Best R&B Vocal Performance by a Group,Proud Mary,Ike & Tina Turner,TRUE
1972,"Best R&B Vocal Performance, Female",Bridge Over Troubled Water,Aretha Franklin,TRUE
1972,"Best R&B Vocal Performance, Male",A Natural Man,Lou Rawls,TRUE
1972,Best Recording for Children,Bill Cosby Talks To Kids About Drugs ,Bill Cosby,TRUE
1972,Best Sacred Performance,Did You Think To Pray,Charley Pride,TRUE
1972,Best Score from an Original Cast Show Album,Godspell (Original Cast),Stephen Schwartz (composer/producer),TRUE
1972,Best Soul Gospel Performance,Put Your Hand In The Hand Of The Man From Galilee,Shirley Caesar,TRUE
1972,Best Spoken Word Recording,Desiderata,Les Crane,TRUE
1972,Record of the Year,It's Too Late,"Carole King (artist), Lou Adler (producer)",TRUE
1972,Song of the Year,You've Got A Friend,Carole King (artist/songwriter),TRUE
1973,Album of the Year,The Concert For Bangla Desh,"George Harrison (artist/producer), Ravi Shankar (artist), Bob Dylan (artist), Leon Russell (artist), Ringo Starr (artist), Billy Preston (artist), Eric Clapton (artist), Klaus Voormann (artist), Phil Spector (producer)",TRUE
1973,Best Album Cover,The Siegel-Schwall Band,"Acy R. Lehman (art director), Siegel-Schwall Band (artist)",TRUE
1973,Best Album Notes,Tom T. Hall's Greatest Hits,Tom T. Hall (artist/album notes writer),TRUE
1973,"Best Album Notes, Classical",Vaughan Williams: Symphony No. 2 (A London Symphony),"James Lyons (album notes writer), André Previn (conductor)",TRUE
1973,Best Arrangement Accompanying Vocalist(s),What Are You Doing The Rest Of Your Life?,"Michel Legrand (arranger), Sarah Vaughan (artist)",TRUE
1973,Best Chamber Music Performance,"Julian And John (Works By Lawes, Carulli, Albeniz, Granados)","Julian Bream (artist), John Williams (artist)",TRUE
1973,"Best Choral Performance, Classical",Mahler: Symphony No. 8 In E Flat (Symphony Of A Thousand),"The Vienna Boys' Choir, Wiener Singverein, Wiener Staatsopernchor, Chicago Symphony Orchestra",TRUE
1973,Best Classical Album,Mahler: Symphony No. 8 In E Flat (Symphony Of A Thousand),"Georg Solti (artist), David Harvey (producer)",TRUE
1973,Best Classical Performance Instrumental Soloist or Soloists (with Orchestra),Brahms: Piano Concerto No. 2 In B Flat,"Artur Rubinstein (artist), The Philadelphia Orchestra (artist)",TRUE
1973,Best Classical Performance Instrumental Soloist or Soloists (without Orchestra),Horowitz Plays Chopin,Vladimir Horowitz (artist),TRUE
1973,"Best Classical Performance, Orchestra",Mahler: Symphony No. 7 In E Minor,"Georg Solti, Chicago Symphony Orchestra",TRUE
1973,Best Classical Vocal Soloist Performance,Brahms: Die Schone Magelone,Dietrich Fischer-Dieskau,TRUE
1973,Best Comedy Recording,FM And AM,George Carlin,TRUE
1973,Best Country Instrumental Performance,Charlie McCoy/The Real McCoy,Charlie McCoy,TRUE
1973,Best Country Song,Kiss An Angel Good Mornin',"Ben Peters (songwriter), Charley Pride (artist)",TRUE
1973,Best Country Vocal Performance by a Duo or Group,Class Of '57,The Statler Brothers,TRUE
1973,"Best Country Vocal Performance, Female",Happiest Girl In The Whole USA,Donna Fargo,TRUE
1973,"Best Country Vocal Performance, Male",Charley Pride Sings Heart Songs,Charley Pride,TRUE
1973,"Best Engineered Recording, Classical",Mahler: Symphony No. 8 (Symphony Of A Thousand),"Gordon Parry (engineer), Kenneth Wilkinson (engineer), Georg Solti (conductor)",TRUE
1973,"Best Engineered Recording, Non-Classical",Moods,"Armin Steiner (engineer), Neil Diamond (artist)",TRUE
1973,Best Ethnic or Traditional Recording (Including Traditional Blues),The London Muddy Waters Session,Muddy Waters,TRUE
1973,Best Gospel Performance,L-O-V-E,The Blackwood Brothers,TRUE
1973,Best Inspirational Performance,He Touched Me,Elvis Presley,TRUE
1973,Best Instrumental Arrangement,Theme from The French Connection,Don Ellis (arranger),TRUE
1973,Best Instrumental Arrangement,Theme from The Mancini Generation,Henry Mancini (artist/arranger),FALSE
1973,Best Instrumental Arrangement,Flat Baroque,Richard Carpenter (arranger),FALSE
1973,Best Instrumental Composition,Outa-Space,Brian's Song,TRUE
1973,Best Instrumental Composition,Brass on Ivory,Henry Mancini,FALSE
1973,Best Instrumental Composition,Theme from The Godfather,The Godfather,FALSE
1973,Best Jazz Performance by a Big Band,Toga Brava Suite,Duke Ellington,TRUE
1973,Best Jazz Performance by a Group,First Light,Freddie Hubbard,TRUE
1973,Best Jazz Performance by a Soloist,Alone At Last,Gary Burton (soloist),TRUE
1973,Best New Artist of the Year,America,,TRUE
1973,Best Opera Recording,Berlioz: Benvenuto Cellini,"Colin Davis, Erik Smith (producer), BBC Symphony Orchestra (artist)",TRUE
1973,Best Original Score Written for a Motion Picture or a Television Special,The Godfather,Nino Rota (artist/composer),TRUE
1973,Best Original Score Written for a Motion Picture or a Television Special,Nicholas and Alexandra,Richard Rodney Bennett,FALSE
1973,Best Original Score Written for a Motion Picture or a Television Special,The Garden of the Finzi-Continis,Manuel De Sica,FALSE
1973,"Best Pop Instrumental Performance by an Arranger, Composer, Orchestra and/or Choral Leader",Black Moses,Isaac Hayes,TRUE
1973,"Best Pop Instrumental Performance by an Arranger, Composer, Orchestra and/or Choral Leader",Pictures At An Exhibition,Emerson Lake and Palmer,FALSE
1973,"Best Pop Instrumental Performance by an Arranger, Composer, Orchestra and/or Choral Leader",Money Runner,Quincy Jones,FALSE
1973,Best Pop Instrumental Performance by an Instrumental Performer,Outa-Space,Billy Preston,TRUE
1973,"Best Pop Vocal Performance by a Duo, Group or Chorus",Where Is The Love,"Donny Hathaway, Roberta Flack",TRUE
1973,"Best Pop Vocal Performance, Female",I Am Woman,Helen Reddy,TRUE
1973,"Best Pop Vocal Performance, Male",Without You,Harry Nilsson,TRUE
1973,Best R&B Instrumental Performance,Papa Was A Rollin' Stone,"The Temptations, Paul Riser",TRUE
1973,Best R&B Song,Papa Was A Rollin' Stone,"Barrett Strong (songwriter), Norman Whitfield (songwriter), The Temptations (artist)",TRUE
1973,"Best R&B Vocal Performance by a Duo, Group or Chorus",Papa Was A Rollin' Stone,The Temptations,TRUE
1973,"Best R&B Vocal Performance, Female","Young, Gifted And Black",Aretha Franklin,TRUE
1973,"Best R&B Vocal Performance, Male",Me And Mrs. Jones,Billy Paul,TRUE
1973,Best Recording for Children,The Electric Company,"Rita Moreno, Bill Cosby",TRUE
1973,Best Score from an Original Cast Show Album,"Don't Bother Me, I Can't Cope (Various Artists)","Micki Grant (composer), Jerry Ragovoy (producer)",TRUE
1973,Best Soul Gospel Performance,Amazing Grace,Aretha Franklin,TRUE
1973,Best Spoken Word Recording,Lenny (Original Cast),,TRUE
1973,Record of the Year,The First Time Ever I Saw Your Face,"Roberta Flack (artist), Joel Dorn (producer)",TRUE
1973,Song of the Year,The First Time Ever I Saw Your Face,"Ewan MacColl (songwriter), Roberta Flack (artist)",TRUE
1974,Album of Best Original Score Written for a Motion Picture or a Television Special,Jonathan Livingston Seagull,Neil Diamond (artist/composer),TRUE
1974,Album of Best Original Score Written for a Motion Picture or a Television Special,Live and Let Die,"Paul McCartney, Linda McCartney, George Martin",FALSE
1974,Album of Best Original Score Written for a Motion Picture or a Television Special,Sounder,Taj Mahal,FALSE
1974,Album of the Year,Innervisions,Stevie Wonder (artist/producer),TRUE
1974,"Album of the Year, Classical",Bartók: Concerto For Orchestra,"Pierre Boulez (artist), Thomas Z. Shepard (producer)",TRUE
1974,Best Album Notes,God Is In The House,"Dan Morgenstern (album notes writer), Art Tatum (artist)",TRUE
1974,"Best Album Notes, Classical",Hindemith: Sonatas For Piano,Glenn Gould (artist/album notes writer),TRUE
1974,Best Album Package,Tommy,"Tom Wilkes (art director), London Symphony Orchestra (artist)",TRUE
1974,Best Arrangement Accompanying Vocalist(s),Live And Let Die,"George Martin (arranger), Paul McCartney (artist), Wings (artist)",TRUE
1974,Best Chamber Music Performance,Joplin: The Red Back Book,Gunther Schuller (artist),TRUE
1974,"Best Choral Performance, Classical",Walton: Belshazzer's Feast,"London Symphony Chorus, London Symphony Orchestra",TRUE
1974,Best Classical Performance Instrumental Soloist or Soloists (with Orchestra),Beethoven: Concerti (5) For Piano And Orchestra,"Vladimir Ashkenazy (artist), Chicago Symphony Orchestra (artist)",TRUE
1974,Best Classical Performance Instrumental Soloist or Soloists (without Orchestra),Scriabin: Horowitz Plays Scriabin,Vladimir Horowitz (artist),TRUE
1974,"Best Classical Performance, Orchestra",Bartók: Concerto For Orchestra,New York Philharmonic,TRUE
1974,Best Classical Vocal Soloist Performance,Puccini: Heroines,"Edward Downes, The Philharmonia Orchestra (artist)",TRUE
1974,Best Comedy Recording,Los Cochinos,"Tommy Chong, Cheech Marin",TRUE
1974,Best Country Instrumental Performance,Dueling Banjos,"Steve Mandell, Eric Weissberg",TRUE
1974,Best Country Instrumental Performance,Superpickers,Chet Atkins,FALSE
1974,Best Country Instrumental Performance,I'll Fly Away,Danny Davis and the Nashville Brass,FALSE
1974,Best Country Song,Behind Closed Doors,"Kenny O'Dell (songwriter), Charlie Rich (artist)",TRUE
1974,Best Country Vocal Performance by a Duo or Group,From The Bottle To The Bottom,"Kris Kristofferson, Rita Coolidge",TRUE
1974,"Best Country Vocal Performance, Female",Let Me Be There,Olivia Newton-John,TRUE
1974,"Best Country Vocal Performance, Male",Behind Closed Doors,Charlie Rich,TRUE
1974,"Best Engineered Recording, Classical",Bartók: Concerto For Orchestra,"Edward T. Graham (engineer), Ray Moore (engineer), Pierre Boulez (conductor)",TRUE
1974,"Best Engineered Recording, Non-Classical",Innervisions,"Malcolm Cecil (engineer), Robert Margouleff (engineer), Stevie Wonder (artist)",TRUE
1974,Best Ethnic or Traditional Recording (Including Traditional Blues),Then And Now,Doc Watson,TRUE
1974,Best Gospel Performance,Release Me (From My Sin),The Blackwood Brothers,TRUE
1974,Best Inspirational Performance,Let's Just Praise The Lord,The Bill Gaither Trio,TRUE
1974,Best Instrumental Arrangement,Summer In The City,Quincy Jones (artist/arranger),TRUE
1974,Best Instrumental Composition,Last Tango in Paris,"Gato Barbieri (composer), Chuck Mangione (artist), Herb Alpert (artist)",TRUE
1974,Best Jazz Performance by a Big Band,Giant Steps,Woody Herman,TRUE
1974,Best Jazz Performance by a Group,Supersax Plays Bird,Supersax,TRUE
1974,Best Jazz Performance by a Soloist,God Is In The House,Art Tatum (soloist),TRUE
1974,Best New Artist,Bette Midler,,TRUE
1974,Best Opera Recording,Bizet: Carmen,"Leonard Bernstein, Tom Mowrey (producer), Manhattan Opera Chorus (artist), Metropolitan Opera Orchestra (artist)",TRUE
1974,Best Pop Instrumental Performance,Also Sprach Zarathustra (2001),Eumir Deodato,TRUE
1974,"Best Pop Vocal Performance by a Duo, Group or Chorus",Neither One Of Us (Wants To Be The First To Say Goodbye),Gladys Knight & The Pips,TRUE
1974,"Best Pop Vocal Performance, Female",Killing Me Softly With His Song,Roberta Flack,TRUE
1974,"Best Pop Vocal Performance, Male",You Are The Sunshine Of My Life,Stevie Wonder,TRUE
1974,Best R&B Instrumental Performance,Hang On Sloopy,Ramsey Lewis,TRUE
1974,Best R&B Song,Superstition,Stevie Wonder (artist/songwriter),TRUE
1974,"Best R&B Vocal Performance by a Duo, Group or Chorus",Midnight Train To Georgia,Gladys Knight & The Pips,TRUE
1974,"Best R&B Vocal Performance, Female",Master Of Eyes,Aretha Franklin,TRUE
1974,"Best R&B Vocal Performance, Male",Superstition,Stevie Wonder,TRUE
1974,Best Recording for Children,Sesame Street Live,Sesame Street Cast,TRUE
1974,Best Score from the Original Cast Show Album,A Little Night Music (Various Artists),"Stephen Sondheim (composer), Goddard Lieberson (producer)",TRUE
1974,Best Soul Gospel Performance,Loves Me Like A Rock,The Dixie Hummingbirds,TRUE
1974,Best Spoken Word Recording,Jonathan Livingston Seagull,Richard Harris,TRUE
1974,Record of the Year,Killing Me Softly With His Song,"Roberta Flack (artist), Joel Dorn (producer)",TRUE
1974,Song of the Year,Killing Me Softly With His Song,"Charles Fox (songwriter), Norman Gimbel (songwriter), Roberta Flack (artist)",TRUE
1975,Album of Best Original Score Written for a Motion Picture,The Way We Were,"Alan Bergman, Marilyn Bergman, Marvin Hamlisch",TRUE
1975,Album of Best Original Score Written for a Motion Picture,QB VII,Jerry Goldsmith,FALSE
1975,Album of Best Original Score Written for a Motion Picture,The Three Musketeers,Michel Legrand,FALSE
1975,Album of Best Original Score Written for a Motion Picture or a Television Special,The Way We Were,"Barbra Streisand (artist), Alan Bergman (composer), Marilyn Bergman (composer), Marvin Hamlisch (composer)",TRUE
1975,Album of the Year,Fulfillingness' First Finale,Stevie Wonder (artist/producer),TRUE
1975,"Album of the Year, Classical",Berlioz: Symphonie Fantastique,"Georg Solti (artist), David Harvey (producer)",TRUE
1975,Best Album Notes,For The Last Time,"Bob Wills (artist), Charles Townsend (album notes writer), The Texas Playboys (artist)",TRUE
1975,Best Album Notes - Classical,Korngold: The Classic Erich Wolfgang Korngold,Rory Guy (album notes writer),TRUE
1975,Best Album Package,Come And Gone,"Ed Thrasher (art director), Christopher Whorf (art director)",TRUE
1975,Best Arrangement Accompanying Vocalists,Down To You,"Tom Scott (arranger), Joni Mitchell (arranger/artist)",TRUE
1975,Best Chamber Music Performance,Brahms: Trios (Complete)/Schumann: Trio No. 1 In D Minor,"Henrik Szering (artist), Artur Rubinstein (artist), Pierre Fournier (artist)",TRUE
1975,"Best Choral Performance, Classical (other than opera)",Berlioz: The Damnation Of Faust,"London Symphony Orchestra (artist), The Ambrosian Singers (artist), London Symphony Chorus (artist), The Wandsworth School Choir (artist)",TRUE
1975,Best Classical Performance - Orchestra,Berlioz: Symphonie Fantastique,Chicago Symphony Orchestra (artist),TRUE
1975,Best Classical Performance Instrumental Soloist or Soloists (with orchestra),Shostakovich: Violin Concerto No. 1,"David Oistrakh (artist), The Philharmonia Orchestra (artist)",TRUE
1975,Best Classical Performance Instrumental Soloist or Soloists (without orchestra),Albeniz: Iberia,Alicia de Larrocha (artist),TRUE
1975,Best Comedy Recording,That Nigger's Crazy,Richard Pryor,TRUE
1975,Best Country Instrumental Performance,The Atkins-Travis Traveling Show,"Chet Atkins (artist), Merle Travis (artist)",TRUE
1975,Best Country Song,A Very Special Love Song,"Billy Sherrill (songwriter), Norris Wilson (songwriter), Charlie Rich (artist)",TRUE
1975,Best Country Vocal Performance by a Duo or Group,Fairytale,The Pointer Sisters (artist),TRUE
1975,"Best Country Vocal Performance, Female",Love Song,Anne Murray (artist),TRUE
1975,"Best Country Vocal Performance, Male",Please Don't Tell Me How The Story Ends,Ronnie Milsap (artist),TRUE
1975,Best Engineered Recording - Non-Classical,Band On The Run,"Geoff Emerick (engineer), Paul McCartney (engineer)",TRUE
1975,Best Ethnic or Traditional Recording,Two Days In November,"Merle Watson (artist), Doc Watson (artist)",TRUE
1975,Best Gospel Performance (other than soul gospel),The Baptism Of Jesse Taylor,The Oak Ridge Boys (artist),TRUE
1975,Best Inspirational Performance (non-classical),How Great Thou Art,Elvis Presley (artist),TRUE
1975,Best Instrumental Arrangement,Threshold,Pat Williams (arranger/artist),TRUE
1975,Best Instrumental Composition,Tubular Bells - Theme From The Exorcist,Mike Oldfield (composer/artist),TRUE
1975,Best Jazz Performance by a Big Band,Thundering Herd,Woody Herman (artist),TRUE
1975,Best Jazz Performance by a Group,The Trio,"Joe Pass (artist), Oscar Peterson (artist), Niels Pedersen (artist)",TRUE
1975,Best Jazz Performance by a Soloist,First Recordings!,Charlie Parker (soloist),TRUE
1975,Best New Artist of the Year,Marvin Hamlisch (artist),,TRUE
1975,Best Opera Recording,Puccini: La Boheme,"London Philharmonic Orchestra (artist), Richard Moir (producer), Georg Solti (producer)",TRUE
1975,Best Pop Instrumental Performance,The Entertainer,Paul McCartney (artist),TRUE
1975,"Best Pop Vocal Performance by a Duo, Group or Chorus",Band On The Run,Paul McCartney (artist),TRUE
1975,"Best Pop Vocal Performance, Female",I Honestly Love You,Olivia Newton-John (artist),TRUE
1975,"Best Pop Vocal Performance, Male",Fulfillingness' First Finale,Stevie Wonder (artist),TRUE
1975,Best Producer of the Year,Thom Bell (producer),,TRUE
1975,Best R&B Instrumental Performance,The Sound Of Philadelphia,MFSB (artist),TRUE
1975,"Best R&B Vocal Performance by a Duo, Group or Chorus",Tell Me Something Good,Rufus (artist),TRUE
1975,"Best R&B Vocal Performance, Female",Ain't Nothing Like The Real Thing,Aretha Franklin (artist),TRUE
1975,"Best R&B Vocal Performance, Male",Boogie On Reggae Woman,Stevie Wonder (artist),TRUE
1975,Best Recording for Children,For the original motion picture soundtrack.,Winnie the Pooh and Tigger Too,TRUE
1975,Best Rhythm & Blues Song,Living For The City,Stevie Wonder (songwriter/artist),TRUE
1975,Best Score from the Original Cast Show Album,Raisin,"Robert Brittan (composer), Judd Woldin (composer), Thomas Z. Shepard (producer), Virginia Capers (artist), Joe Morton (artist), Ernestine Jackson (artist), Robert Jackson (artist), Deborah Allen (artist), Helen Martin (artist)",TRUE
1975,Best Soul Gospel Performance,In The Ghetto,"Southern California Community Choir (artist), James Cleveland (artist)",TRUE
1975,Best Spoken Word Recording,Good Evening,"Dudley Moore (artist), Peter Cook (artist)",TRUE
1975,Record of the Year,I Honestly Love You,"Olivia Newton-John (artist), John Farrar (producer)",TRUE
1975,Song of the Year,The Way We Were,"Barbra Streisand (artist), Alan Bergman (songwriter), Marilyn Bergman (songwriter), Marvin Hamlisch (songwriter)",TRUE
1975,Best Country Vocal Performance - Female,Jolene.,Dolly Parton,FALSE
1975,Best New Artist,Bad Company,,FALSE
1976,Album of Best Original Score Written for a Motion Picture or Television Special,Jaws,John Williams,TRUE
1976,Album of Best Original Score Written for a Motion Picture or Television Special,Nashville,"Keith Carradine, Ronee Blakley, Richard Baskin, Ben Raleigh, Richard Reicheg, Henry Gibson, Karen Black",FALSE
1976,Album of Best Original Score Written for a Motion Picture or Television Special,The Wind and the Lion,Jerry Goldsmith,FALSE
1976,Album of Best Original Score Written for a Motion Picture or a Television Special,Jaws,John Williams (composer),TRUE
1976,Album of the Year,Still Crazy After All These Year,"Phil Ramone (producer), Paul Simon (producer)",TRUE
1976,"Album of the Year, Classical",Beethoven: Symphonies (9) Complete,"Raymond Minshull (producer), Georg Solti (artist)",TRUE
1976,BEST ARRANGEMENT ACCOMPANYING VOCALIST,Misty,Ray Stevens,TRUE
1976,Best Album Notes,Blood On The Tracks,"Bob Dylan (artist), Pete Hamill (album notes writer)",TRUE
1976,"Best Album Notes, Classical",Footlifters,Gunther Schuller (album notes writer/artist),TRUE
1976,Best Album Package,Honey,"Ohio Players (artist), Jim Ladwig (art director)",TRUE
1976,Best Arrangement Accompanying Vocalist(s),Misty,Ray Stevens (arranger/artist),TRUE
1976,Best Cast Show Album,The Wiz,"Dee Dee Bridgewater (artist), Charlie Smalls (composer), Jerry Wexler (producer), Stephanie Mills (artist)",TRUE
1976,Best Chamber Music Performance,"Schubert: Trios Nos. 1 In B Flat, Op. 99 And 2 In E Flat, Op. 100 (Piano Trios)","Henrik Szering (artist), Artur Rubinstein (artist), Pierre Fournier (artist)",TRUE
1976,"Best Choral Performance, Classical (other than opera)",Orff: Carmina Burana,"The Cleveland Orchestra (artist), Cleveland Boys Choir (artist)",TRUE
1976,Best Classical Performance - Orchestra,Ravel: Daphnis Et Chloe (Complete Ballet),New York Philharmonic (artist),TRUE
1976,Best Classical Performance Instrumental Soloist or Soloists (with orchestra),"Schubert: Trios Nos. 1 In B Flat, Op. 99 And 2 In E Flat, Op. 100 (Piano Trios)","Pierre Fournier (artist), Artur Rubinstein (artist), Henrik Szering (artist)",TRUE
1976,Best Classical Performance Instrumental Soloist or Soloists (without orchestra),Bach: Sonatas And Partitas For Violin Unaccompanied,Nathan Milstein (artist),TRUE
1976,Best Classical Vocal Soloist Performance,Mahler: Kindertotenlieder,Israel Philharmonic Orchestra (artist),TRUE
1976,Best Comedy Recording,Is It Something I Said?.,Richard Pryor,TRUE
1976,Best Comedy Recording,Modern Scream.,Lily Tomlin,FALSE
1976,Best Country Instrumental Performance,The Entertainer,Chet Atkins (artist),TRUE
1976,Best Country Song,(Hey Won't You Play) Another Somebody Done Somebody Wrong Song,"Larry Butler (songwriter), Chips Moman (songwriter), B.J. Thomas (artist)",TRUE
1976,Best Country Vocal Performance by a Duo or Group,Lover Please,Kris Kristofferson (artist),TRUE
1976,"Best Country Vocal Performance, Female",I Can't Help It (If I'm Still In Love With You),Linda Ronstadt (artist),TRUE
1976,"Best Country Vocal Performance, Male",Blue Eyes Crying In The Rain,Willie Nelson (artist),TRUE
1976,Best Engineered Recording - Non-Classical,Between The Lines,"Janis Ian (artist), Larry Alexander (engineer), Brooks Arthur (engineer), Russ Payne (engineer)",TRUE
1976,"Best Engineered Recording, Classical",Ravel: Daphnis Et Chloe (Complete Ballet),"Pierre Boulez (conductor), Milton Cherin (engineer), Edward T. Graham (engineer), Rudy Ray Moore (engineer)",TRUE
1976,Best Ethnic or Traditional Recording,The Muddy Waters Woodstock Album,Muddy Waters (artist),TRUE
1976,Best Gospel Performance (other than soul gospel),No Shortage,The Imperials (artist),TRUE
1976,Best Inspirational Performance,"Jesus, We Just Want To Thank You",The Bill Gaither Trio (artist),TRUE
1976,Best Instrumental Arrangement,The Rockford Files,"Pete Carpenter (arranger), Mike Post (arranger/artist)",TRUE
1976,Best Instrumental Composition,Images,"Phil Woods (artist), Michel Legrand (composer/artist)",TRUE
1976,Best Jazz Performance BY a Soloist,Oscar Peterson And Dizzy Gillespie,Dizzy Gillespie (soloist),TRUE
1976,Best Jazz Performance by a Big Band,Images,"Phil Woods (artist), Michel Legrand (artist)",TRUE
1976,Best Jazz Performance by a Group,No Mystery,Chick Corea (artist),TRUE
1976,Best Latin Recording,Sun Of Latin Music,Eddie Palmieri (artist),TRUE
1976,Best New Artist of the Year,Natalie Cole (artist),,TRUE
1976,Best Opera Recording,Mozart: Cosi Fan Tutte,"Colin Davis (producer), Erik Smith (producer), Orchestra of the Royal Opera House (artist)",TRUE
1976,"Best Pop Vocal Performance by a Duo, Group or Chorus",Lyin' Eyes,Eagles (artist),TRUE
1976,"Best Pop Vocal Performance, Female",At Seventeen,Janis Ian (artist),TRUE
1976,"Best Pop Vocal Performance, Male",Still Crazy After All These Years,Paul Simon (artist),TRUE
1976,Best Producer of the Year,Arif Mardin (producer),,TRUE
1976,Best R&B Instrumental Performance,"Fly, Robin, Fly",Silver Convention (artist),TRUE
1976,"Best R&B Vocal Performance by a Duo, Group or Chorus",Shining Star,Earth Wind & Fire (artist),TRUE
1976,"Best R&B Vocal Performance, Female",This Will Be,Natalie Cole (artist),TRUE
1976,"Best R&B Vocal Performance, Male",Living For The City,Ray Charles (artist),TRUE
1976,Best Recording for Children,The Little Prince.,"Richard Burton (narrated by), Jonathan Winters (performed by), Billy Simpson (performed by)",TRUE
1976,Best Rhythm & Blues Song,Where Is The Love,"Richard Finch (songwriter), Harry Wayne Casey (songwriter), Willie Clarke (songwriter), Betty Wright (songwriter/artist)",TRUE
1976,Best Soul Gospel Performance,Take Me Back,Andraé Crouch (artist),TRUE
1976,Best Spoken Word Album,"Give 'em Hell, Harry!",James Whitmore,TRUE
1976,Best Spoken Word Recording,Give 'Em Hell Harry,James Whitmore (artist),TRUE
1976,Record of the Year,Love Will Keep Us Together,"Daryl Dragon (artist), Captain & Tennille (producer)",TRUE
1976,Song of the Year,Send In The Clowns,"Judy Collins (artist), Stephen Sondheim (songwriter)",TRUE
1976,Best Country Vocal Performance - Female,Jolene (Live track performance).,Dolly Parton,FALSE
1976,Best Country Vocal Performance - Male,Misty,Ray Stevens,FALSE
1977,Album of Best Original Score Written for a Motion Picture or Television Special,Car Wash (Various Artists),Norman Whitfield (composer),TRUE
1977,Album of the Year,Songs In The Key Of Life,Stevie Wonder (artist/producer),TRUE
1977,Best Album Notes,The Changing Face Of Harlem - The Savoy Sessions (Various Artists),Dan Morgenstern (album notes writer),TRUE
1977,Best Album Package,Chicago X,"Chicago (artist), John Berg (art director)",TRUE
1977,Best Album of Original Score Written for a Motion Picture or Television Special,Car Wash,Norman Whitfield,TRUE
1977,Best Album of Original Score Written for a Motion Picture or Television Special,Posthumously.,"Rich Man, Poor Man",FALSE
1977,Best Album of Original Score Written for a Motion Picture or Television Special,The Omen,Jerry Goldsmith,FALSE
1977,Best Arrangement Accompanying Vocalist(s),If You Leave Me Now,"James William Guercio (arranger), Jimmie Haskell (arranger)",TRUE
1977,"Best Arrangement for Voices (duo, group or chorus)",Afternoon Delight,Starland Vocal Band (arranger/artist),TRUE
1977,Best Cast Show Album,Bubbling Brown Sugar,"Original Broadway Cast (artist), Luigi Creatore (producer), Hugo Peretti (producer)",TRUE
1977,Best Chamber Music Performance,The Art Of Courtly Love,David Munrow (artist),TRUE
1977,Best Choral Performance (other than opera),Rachmaninoff: The Bells,"London Symphony Chorus (artist), London Symphony Orchestra (artist)",TRUE
1977,Best Classical Orchestral Performance,Strauss: Also Sprach Zarathustra,Chicago Symphony Orchestra (artist),TRUE
1977,"Best Classical Performance, Instrumental Soloist or Soloists (with orchestra)",Beethoven: The Five Piano Concertos,"London Philharmonic Orchestra (artist), Artur Rubinstein (artist)",TRUE
1977,"Best Classical Performance, Instrumental Soloist or Soloists (without orchestra)",Horowitz Concerts 1975/76,Vladimir Horowitz (artist),TRUE
1977,Best Classical Vocal Soloist Performance,Herbert: Music Of Victor Herbert,,TRUE
1977,Best Comedy Recording,Bicentennial Nigger,Richard Pryor,TRUE
1977,Best Country Instrumental Performance,Chester And Lester,"Les Paul (artist), Chet Atkins (artist)",TRUE
1977,Best Country Song,Broken Lady,Larry Gatlin (songwriter),TRUE
1977,Best Country Vocal Performance by a Duo or Group,The End Is Not In Sight (The Cowboy Tune),The Amazing Rhythm Aces (artist),TRUE
1977,"Best Country Vocal Performance, Female",Elite Hotel,Emmylou Harris (artist),TRUE
1977,"Best Country Vocal Performance, Male",(I'm A) Stand By My Woman Man,Ronnie Milsap (artist),TRUE
1977,Best Engineered Recording - Non-Classical,Breezin',"George Benson (artist), Al Schmitt (engineer)",TRUE
1977,"Best Engineered Recording, Classical",Gershwin: Rhapsody In Blue,"Rudy Ray Moore (engineer), Edward T. Graham (engineer), Milton Cherin (engineer)",TRUE
1977,Best Ethnic or Traditional Recording,Mark Twang,John Hartford (artist),TRUE
1977,Best Gospel Performance (other than soul gospel),Where The Soul Never Dies,The Oak Ridge Boys (artist),TRUE
1977,Best Inspirational Performance,"The Astonishing, Outrageous, Amazing, Incredible, Unbelievable, Different World of Gary S. Paxton",Gary S. Paxton (artist),TRUE
1977,Best Instrumental Arrangement,Leprechaun's Dream,Chick Corea (arranger/artist),TRUE
1977,Best Instrumental Composition,Bellavia,Chuck Mangione (artist/composer),TRUE
1977,Best Jazz Performance by a Big Band,The Ellington Suites,Duke Ellington (artist),TRUE
1977,Best Jazz Performance by a Group,The Leprechaun,Chick Corea (artist),TRUE
1977,Best Jazz Performance by a Soloist (instrumental),Basie And Zoot,Count Basie (soloist),TRUE
1977,Best Jazz Vocal Performance,Fitzgerald And Pass...Again,Ella Fitzgerald (artist),TRUE
1977,Best Latin Recording,Unfinished Masterpiece,Eddie Palmieri (artist),TRUE
1977,Best New Artist of the Year,Starland Vocal Band (artist),,TRUE
1977,Best Opera Recording,Gershwin: Porgy And Bess,"Michael Moorcock (producer), Lorin Maazel (producer), The Cleveland Orchestra (artist)",TRUE
1977,Best Pop Instrumental Performance,Breezin',George Benson (artist),TRUE
1977,"Best Pop Vocal Performance by a Duo, Group or Chorus",If You Leave Me Now,Chicago (artist),TRUE
1977,"Best Pop Vocal Performance, Female",Hasten Down The Wind,Linda Ronstadt (artist),TRUE
1977,Best Producer of the Year,Stevie Wonder (producer),,TRUE
1977,Best R&B Instrumental Performance,Theme From Good King Bad,George Benson (artist),TRUE
1977,"Best R&B Vocal Performance by a Duo, Group or Chorus",You Don't Have To Be A Star (To Be In My Show),"Marilyn McCoo (artist), Billy Davis Jr. (artist)",TRUE
1977,"Best R&B Vocal Performance, Female",Sophisticated Lady (She's A Different Lady),Natalie Cole (artist),TRUE
1977,"Best R&B Vocal Performance, Male",I Wish,Stevie Wonder (artist),TRUE
1977,Best Recording for Children,Prokofiev: Peter and the Wolf / Saint-Saens: Carnival of the Animals.,"Hermione Gingold (Narrated by), Karl Böhm (Conducting the Vienna Philharmonic Orchestra)",TRUE
1977,Best Recording for Children,The nominations for Frank Churchill and Leigh Harline were posthumously.,Snow White and the Seven Dwarfs,FALSE
1977,Best Recording for Children,Disney's A Christmas Carol.,"Wayne Allwine (voice of Mickey Mouse), Alan Young (voice of Scrooge McDuck)",FALSE
1977,Best Rhythm & Blues Song,Lowdown,"Boz Scaggs (songwriter), David Paich (songwriter/artist)",TRUE
1977,Best Soul Gospel Performance,How I Got Over,Mahalia Jackson (artist),TRUE
1977,Best Spoken Word Recording,Great American Documents,"James Earl Jones (artist), Henry Fonda (artist), Orson Welles (artist), Helen Hayes (artist)",TRUE
1977,Record of the Year,This Masquerade,"George Benson (artist), Tommy LiPuma (producer)",TRUE
1977,Song of the Year,I Write The Songs,"Barry Manilow (artist), Bruce Johnston (songwriter)",TRUE
1977,Best Country Vocal Performance - Female,All I Can Do.,Dolly Parton,FALSE
1977,Best New Artist,Boston,,FALSE
1978,Album of the Year,Rumours,"Fleetwood Mac (artist/producer), Ken Caillat (producer), Richard Dashut (producer)",TRUE
1978,Best Album Notes,Bing Crosby - A Legendary Performer,"George T. Simon (album notes writer), Bing Crosby (artist)",TRUE
1978,Best Album Package,Simple Dreams,"John Kosh (art director), Linda Ronstadt (artist)",TRUE
1978,Best Album of Original Score written for a Motion Picture or Television Special,Star Wars: Episode IV - A New Hope,John Williams,TRUE
1978,Best Album of Original Score written for a Motion Picture or Television Special,Rocky,Bill Conti,FALSE
1978,Best Album of Original Score written for a Motion Picture or Television Special,You Light Up My Life,Joseph Brooks,FALSE
1978,Best Arrangement Accompanying Vocalist(s),Love Theme From A Star Is Born (Evergreen),"Barbra Streisand (artist), Ian Freebairn-Smith (arranger)",TRUE
1978,Best Arrangement for Voices,New Kid In Town,Eagles (arranger/artist),TRUE
1978,Best Cast Show Album,Annie,"Martin Charnin (composer), Charles Strouse (composer/producer), Larry Morton (producer)",TRUE
1978,Best Chamber Music Performance,Schoenberg: Quartets For Strings (Complete),Juilliard String Quartet (artist),TRUE
1978,Best Choral Performance (other than opera),Verdi: Requiem,"Chicago Symphony Chorus (artist), Chicago Symphony Orchestra (artist)",TRUE
1978,Best Classical Album,Concert Of The Century,"Leonard Bernstein (artist), Dietrich Fischer-Dieskau (artist), Vladimir Horowitz (artist), Yehudi Menuhin (artist), Mstislav Rostropovich (artist), Isaac Stern (artist), Lyndon Woodside (artist), Thomas Frost (producer)",TRUE
1978,Best Classical Orchestral Performance,Mahler: Symphony No. 9 In D,Chicago Symphony Orchestra (artist),TRUE
1978,Best Classical Performance Instrumental Soloist or Soloists (with orchestra),Vivaldi: The Four Seasons,"London Philharmonic Orchestra (artist), Itzhak Perlman (artist)",TRUE
1978,Best Classical Performance Instrumental Soloist or Soloists (without orchestra),"Beethoven: Piano Sonata No. 18 In E Flat/Schumann: Fantasiestucke, Op. 12",Artur Rubinstein (artist),TRUE
1978,Best Classical Vocal Soloist Performance,Bach: Arias,The Academy of St. Martin-in-the-Fields (artist),TRUE
1978,Best Comedy Recording,Let's Get Small,Steve Martin,TRUE
1978,Best Comedy Recording,Are You Serious???,Richard Pryor,FALSE
1978,Best Country Instrumental Performance,Country Instrumentalist Of The Year,Hargus 'Pig' Robbins (artist),TRUE
1978,Best Country Song,Don't It Make My Brown Eyes,"Richard Leigh (songwriter), Crystal Gayle (artist)",TRUE
1978,Best Country Vocal Performance by a Duo or Group,Heaven's Just A Sin Away,The Kendalls (artist),TRUE
1978,"Best Country Vocal Performance, Female",Don't It Make My Brown Eyes Blue,Crystal Gayle (artist),TRUE
1978,"Best Country Vocal Performance, Male",Lucille,Kenny Rogers (artist),TRUE
1978,Best Engineered Recording - Non-Classical,Aja,"Steely Dan (artist), Bill Schnee (engineer), Roger Nichols (engineer), Elliot Scheiner (engineer), Al Schmitt (engineer)",TRUE
1978,"Best Engineered Recording, Classical",Ravel: Bolero,"Georg Solti (conductor), Kenneth Wilkinson (engineer)",TRUE
1978,Best Ethnic or Traditional Recording,Hard Again,Muddy Waters (artist),TRUE
1978,"Best Gospel Performance, Contemporary or Insprirational",Sail On,The Imperials (artist),TRUE
1978,"Best Gospel Performance, Traditional",Just A Little Talk With Jesus,The Oak Ridge Boys (artist),TRUE
1978,Best Inspirational Performance,Home Where I Belong,B.J. Thomas (artist),TRUE
1978,Best Instrumental Arrangement,Nadia's Theme (The Young And The Restless),"Harry Betts (arranger), Perry Botkin Jr. (arranger), Barry De Vorzon (arranger/artist)",TRUE
1978,Best Instrumental Composition,Main Titles from 'Star Wars'.,Star Wars: Episode IV - A New Hope,TRUE
1978,Best Jazz Performance by a Big Band,Prime Time,Count Basie (artist),TRUE
1978,Best Jazz Performance by a Group,The Phil Woods Six - Live From The Showboat,Phil Woods (artist),TRUE
1978,Best Jazz Performance by a Soloist,The Giants,Oscar Peterson (soloist),TRUE
1978,Best Jazz Vocal Performance,Look To The Rainbow,Al Jarreau (artist),TRUE
1978,Best Latin Recording,Dawn,Mongo Santamaria (artist),TRUE
1978,Best New Artist of the Year,Debby Boone (artist),,TRUE
1978,Best Opera Recording,Gershwin: Porgy And Bess,"Houston Grand Opera Orchestra (artist), Thomas Z. Shepard (producer), John De Main (artist)",TRUE
1978,Best Original Score Written for a Motion Picture or a Television Special,Star Wars,John Williams (composer/artist),TRUE
1978,Best Pop Instrumental Performance,Star Wars: Episode IV - A New Hope,John Williams (music arranged and conducted by),TRUE
1978,Best Pop Instrumental Recording,Star Wars,John Williams (artist),TRUE
1978,Best Pop Vocal Performance by a Group,How Deep Is Your Love,The Bee Gees (artist),TRUE
1978,"Best Pop Vocal Performance, Female",Love Theme From A Star Is Born (Evergreen),Barbra Streisand (artist),TRUE
1978,"Best Pop Vocal Performance, Male",Handy Man,James Taylor (artist),TRUE
1978,Best R&B Instrumental Performance,Q,Brothers Johnson (artist),TRUE
1978,Best R&B Song,Last Dance (1978),,TRUE
1978,Best R&B Vocal Performance - Female,Last Dance (1978),Donna Summer (artist),TRUE
1978,"Best R&B Vocal Performance by a Duo, Group or Chorus",Best Of My Love,Emotions (artist),TRUE
1978,"Best R&B Vocal Performance, Female",Don't Leave Me This Way,Thelma Houston (artist),TRUE
1978,"Best R&B Vocal Performance, Male",Unmistakably Lou,Lou Rawls (artist),TRUE
1978,Best Recording for Children,Aren't You Glad You're You (Various Artists),,TRUE
1978,Best Recording for Children,Russell Hoban: The Mouse and his Child,Peter Ustinov,FALSE
1978,Best Rhythm & Blues Song,You Make Me Feel Like Dancing,"Leo Sayer (songwriter), Vini Poncia (songwriter)",TRUE
1978,"Best Soul Gospel Performance, Contemporary",Wonderful!,"Edwin Hawkins (artist), The Edwin Hawkins Singers (artist)",TRUE
1978,"Best Soul Gospel Performance, Traditional",James Cleveland Live At Carnegie Hall,James Cleveland (artist),TRUE
1978,Best Spoken Word Recording,The Belle Of Amherst,Julie Harris (artist),TRUE
1978,Producer of the Year,Peter Asher (producer),,TRUE
1978,Record of the Year,Hotel California,"Bill Szymczyk (producer), Eagles (artist)",TRUE
1978,Song of the Year,Love Theme From A Star Is Born (Evergreen),"Barbra Streisand (songwriter/artist), Paul Williams (songwriter)",TRUE
1978,Best Country Vocal Performance - Female,Higher and Higher.,Dolly Parton,FALSE
1978,Best New Artist,Foreigner,,FALSE
1978,Best Pop Vocal Performance - Female,Here You Come Again.,Dolly Parton,FALSE
1979,Album of the Year,Saturday Night Fever - Soundtrack (Various Artists),"Thomas J. Valentino (producer), David Shire (producer), William Salter (producer), Karl Richardson (producer), Freddie Perren (producer), Bill Oakes (producer), Bobby Martin (producer), Arif Mardin (producer), Ralph MacDonald (producer), Ron Kersey (producer), Albhy Galuten (producer), The Bee Gees (artist), Broadway Eddie (producer), Harry Wayne Casey (producer), Richard Finch (producer)",TRUE
1979,Best Album Notes,"A Bing Crosby Collection, Vols. I & II",Mike Brooks (album notes writer),TRUE
1979,Best Album Package,Boys In The Trees,"Tony Lane (art director), Johnny Lee (art director), Carly Simon (artist)",TRUE
1979,Best Album of Original Score Written for a Motion Picture or Television Special,Pilot (#1.0).,Close Encounters of the Third Kind,TRUE
1979,Best Album of Original Score Written for a Motion Picture or Television Special,Holocaust,Morton Gould,FALSE
1979,Best Album of Original Score Written for a Motion Picture or Television Special,Revenge of the Pink Panther,"Henry Mancini (composer), Leslie Bricusse (lyricist)",FALSE
1979,Best Album of Original Score Written for a Motion Picture or a Television Special,Close Encounters Of The Third Kind,John Williams (composer),TRUE
1979,Best Arrangement Accompanying Vocal(s),Got To Get You Into My Life,"Earth Wind & Fire (artist), Maurice White (arranger)",TRUE
1979,Best Arrangement for Voices,Stayin' Alive,The Bee Gees (artist),TRUE
1979,Best Cast Show Album,Ain't Misbehavin' (Various Artists),Thomas Z. Shepard (producer),TRUE
1979,Best Chamber Music Performance,Beethoven: Sonatas For Violin And Piano,"Vladimir Ashkenazy (artist), Itzhak Perlman (artist)",TRUE
1979,"Best Choral Performance, Classical (other than opera)",Beethoven: Missa Solemnis,"Chicago Symphony Chorus (artist), Georg Solti (conductor), Chicago Symphony Orchestra (artist)",TRUE
1979,Best Classical Album,Brahms: Concerto For Violin In D,"Carlo Maria Giulini (artist), Itzhak Perlman (artist), Christopher Bishop (producer)",TRUE
1979,Best Classical Orchestral Performance,Beethoven: Symphonies (9) (Complete),Herbert von Karajan (conductor),TRUE
1979,"Best Classical Performance, Instrumental Soloist(s) (with orchestra)",Rachmaninoff: Con. No. 3 In D Minor For Piano (Horowitz Golden Jubilee),"New York Philharmonic (artist), Vladimir Horowitz (artist)",TRUE
1979,"Best Classical Performance, Instrumental Soloist(s) (without orchestra)",The Horowitz Concerts 1977/78,Vladimir Horowitz (artist),TRUE
1979,Best Classical Vocal Soloist Performance,Hits From Lincoln Center,Luciano Pavarotti (artist),TRUE
1979,Best Comedy Recording,A Wild and Crazy Guy,Steve Martin,TRUE
1979,Best Comedy Recording,The Wizard Of Comedy.,Richard Pryor,FALSE
1979,Best Country Instrumental Performance,One O'Clock Jump,Asleep at the Wheel (artist),TRUE
1979,Best Country Song,The Gambler,"Don Schlitz (songwriter), Kenny Rogers (artist)",TRUE
1979,Best Country Vocal Performance - Female,Here You Come Again.,Dolly Parton,TRUE
1979,Best Country Vocal Performance by a Duo or Group,Mamas Don't Let Your Babies Grow Up To Be Cowboys,"Waylon Jennings (artist), Willie Nelson (artist)",TRUE
1979,"Best Country Vocal Performance, Female",Here You Come Again,Dolly Parton (artist),TRUE
1979,"Best Country Vocal Performance, Male",Georgia On My Mind,Willie Nelson (artist),TRUE
1979,Best Engineered Recording - Non-Classical,FM (No Static At All),"Roger Nichols (engineer), Al Schmitt (engineer)",TRUE
1979,"Best Engineered Recording, Classical",Varese: Ameriques/Arcana/Ionisation (Boulez Conducts Varese),"Pierre Boulez (conductor), Rudy Ray Moore (engineer), Edward T. Graham (artist), Arthur Kendy (engineer)",TRUE
1979,Best Ethnic or Traditional Recording,I'm Ready,Muddy Waters (artist),TRUE
1979,"Best Gospel Performance, Contemporary or Inspirational",What A Friend,Larry Hart (artist),TRUE
1979,"Best Gospel Performance, Traditional",Refreshing,The Happy Goodman Family (artist),TRUE
1979,Best Historical Repackage Album,"The Lester Young Story, Vol. 3",Lester Young (artist),TRUE
1979,Best Inspirational Performance,Happy Man,B.J. Thomas (artist),TRUE
1979,Best Instrumental Arrangement,The Wiz Main Title - Overture Part One,"Robert Freedman (arranger), Quincy Jones (arranger)",TRUE
1979,Best Instrumental Composition,Theme From Close Encounters Of The Third Kind,John Williams (artist),TRUE
1979,"Best Jazz Instrumental Performance, Big Band",Live In Munich,"Mel Lewis (artist), Thad Jones (artist)",TRUE
1979,"Best Jazz Instrumental Performance, Group",Friends,Chick Corea (artist),TRUE
1979,"Best Jazz Instrumental Performance, Soloist",Montreaux '77 - Oscar Peterson Jam,Oscar Peterson (soloist),TRUE
1979,Best Jazz Vocal Performance,All Fly Home,Al Jarreau (artist),TRUE
1979,Best Latin Recording,Homenaje a Beny More,Tito Puente (artist),TRUE
1979,Best New Artist,A Taste of Honey (artist),,TRUE
1979,Best Opera Recording,Lehar: The Merry Widow,"New York City Opera Orchestra (artist), Julius Rudel (conductor), John Coveney (producer), George Sponhaltz (producer)",TRUE
1979,Best Pop Instrumental Performance,Children Of Sanchez,Chuck Mangione (artist),TRUE
1979,"Best Pop Vocal Performance by a Duo, Group or Chorus",Saturday Night Fever,The Bee Gees (artist),TRUE
1979,"Best Pop Vocal Performance, Female",You Needed Me,Anne Murray (artist),TRUE
1979,"Best Pop Vocal Performance, Male",Copacabana (At The Copa),Barry Manilow (artist),TRUE
1979,Best R&B Instrumental Performance,Runnin',Earth Wind & Fire (artist),TRUE
1979,"Best R&B Vocal Performance by a Duo, Group or Chorus",All 'n All,Earth Wind & Fire (artist),TRUE
1979,"Best R&B Vocal Performance, Female",Last Dance,Donna Summer (artist),TRUE
1979,"Best R&B Vocal Performance, Male",On Broadway,George Benson (artist),TRUE
1979,Best Recording for Children,The Muppet Show,"Jim Henson (produced and performed by), Frank Oz (performed by), Jerry Nelson (performed by), Richard Hunt (performed by), Dave Goelz (performed by)",TRUE
1979,Best Recording for Children,The Hobbit,"Maury Laws (composed by), Orson Bean (performed by), John Huston (performed by), Hans Conried (performed by)",FALSE
1979,Best Rhythm & Blues Song,Last Dance,"Donna Summer (artist), Paul Jabara (songwriter)",TRUE
1979,Best Rock Vocal Performance - Female,Hot Stuff (1979),Donna Summer (artist),TRUE
1979,"Best Soul Gospel Performance, Contemporary",Live In London,Andraé Crouch (artist),TRUE
1979,"Best Soul Gospel Performance, Traditional",Live And Direct,The Mighty Clouds of Joy (artist),TRUE
1979,Best Spoken Word Recording,Citizen Kane,Orson Welles (artist),TRUE
1979,Producer of the Year,"The Bee Gees (producer), Albhy Galuten (producer), Karl Richardson (producer)",,TRUE
1979,Record of the Year,Just The Way You Are,"Billy Joel (artist), Phil Ramone (producer)",TRUE
1979,Song of the Year,Just The Way You Are,Billy Joel (songwriter),TRUE
1979,Best Disco Recording,Bad Girls (1979),"Donna Summer (artist), Giorgio Moroder (producer), Pete Bellotte (producer)",FALSE
1979,Best Pop Vocal Performance - Female,Bad Girls (1979),Donna Summer (artist),FALSE
1979,Best R&B Vocal Performance - Female,Dim All The Lights (1979),Donna Summer (artist),FALSE
1980,Album of the Year,52nd Street.,"Billy Joel (artist), Phil Ramone (producer)",TRUE
1980,Best Album Notes,Charlie Parker - The Complete Savoy Sessions.,"James Patrick (album notes writer), Bob Porter (album notes writer), Charlie Parker (artist)",TRUE
1980,Best Album Package,Breakfast In America.,"Supertramp (artist), Mike Doud (art director), Mick Haggerty (art director)",TRUE
1980,Best Album of Original Score Written for a Motion Picture or Television Special,Superman,John Williams,TRUE
1980,Best Album of Original Score Written for a Motion Picture or Television Special,Apocalypse Now,"Carmine Coppola, Francis Ford Coppola",FALSE
1980,Best Arrangement Accompanying Vocals,What A Fool Believes.,"Michael McDonald (arranger), The Doobie Brothers (artists)",TRUE
1980,Best Cast Show Album,Sweeney Todd.,"Stephen Sondheim (composer/lyricist), Thomas Z. Shepard (producer), Angela Lansbury (artist), Len Cariou (artist)",TRUE
1980,Best Chamber Music Performance,Copland: Appalachian Spring.,Dennis Russell Davies (artist),TRUE
1980,"Best Choral Performance, Classical (other than opera)",Brahms: A German Requiem.,"Georg Solti (conductor), Chicago Symphony Chorus (artists), Chicago Symphony Orchestra (artists)",TRUE
1980,Best Classical Album,Brahms: Symphonies (1-4).,"Georg Solti (artist), James Mallison (producer)",TRUE
1980,Best Classical Orchestral Recording,Brahms: Symphonies (1-4).,"Georg Solti (conductor), Chicago Symphony Orchestra (artists)",TRUE
1980,"Best Classical Performance, Instrumental Soloist or Soloists (with orchestra)",Bartók: Piano Cons. Nos. 1 & 2.,"Maurizio Pollini (artist), Chicago Symphony Orchestra (artists)",TRUE
1980,"Best Classical Performance, Instrumental Soloist or Soloists (without orchestra)",The Horowitz Concerts 1978/79.,Vladimir Horowitz (artist),TRUE
1980,Best Classical Vocal Soloist Performance,O Sole Mio - Favorite Neapolitan Songs.,Orchestra del Teatro Comunale di Bologna (artists),TRUE
1980,Best Comedy Recording,Reality...What a Concept,Robin Williams,TRUE
1980,Best Comedy Recording,Wanted .,Richard Pryor,FALSE
1980,Best Country Instrumental Performance,Big Sandy/Leather Britches.,"Doc Watson (artist), Merle Watson (artist)",TRUE
1980,Best Country Performance by a Duo or Group with Vocal,The Devil Went Down To Georgia.,The Charlie Daniels Band (artist),TRUE
1980,Best Country Song,You Decorated My Life.,"Kenny Rogers (artist), Debbie Hupp (songwriter), Bob Morrison (songwriter)",TRUE
1980,"Best Country Vocal Performance, Female",Blue Kentucky Girl.,Emmylou Harris (artist),TRUE
1980,"Best Country Vocal Performance, Male",The Gambler.,Kenny Rogers (artist),TRUE
1980,Best Disco Recording,I Will Survive.,"Gloria Gaynor (artist), Freddie Perren (producer), Dino Fekaris (producer)",TRUE
1980,"Best Engineered Recording, Classical",Sondheim: Sweeney Todd (Original Cast).,"Anthony Salvatore (engineer), Angela Lansbury (artist), Len Cariou (artist)",TRUE
1980,"Best Engineered Recording, Non-Classical",Breakfast In America.,"Supertramp (artist), Peter Henderson (engineer)",TRUE
1980,Best Ethnic or Traditional Recording,Muddy Mississippi Waters Live.,Muddy Waters (artist),TRUE
1980,"Best Gospel Performance, Contemporary or Inspirational",Heed The Call.,The Imperials (artist),TRUE
1980,"Best Gospel Performance, Traditional",Lift Up The Name Of Jesus.,The Blackwood Brothers (artists),TRUE
1980,Best Historical Reissue Album,Billie Holiday - Giants Of Jazz.,Billie Holiday (artist),TRUE
1980,Best Inspirational Performance,You Gave Me Love (When Nobody Gave Me A Prayer).,B.J. Thomas (artist),TRUE
1980,Best Instrumental Arrangement,Soulful Strut.,"Klaus Ogermann (arranger), George Benson (artist)",TRUE
1980,Best Instrumental Composition,Prelude and Main Title March.,Superman,TRUE
1980,"Best Jazz Fusion Performance, Vocal or Instrumental",8:30,Weather Report (artist),TRUE
1980,"Best Jazz Instrumental Performance, Big Band","Duke Ellington At Fargo, 1940 Live.",Duke Ellington (artist),TRUE
1980,"Best Jazz Instrumental Performance, Group",Duet.,"Chick Corea (artist), Gary Burton (artist)",TRUE
1980,"Best Jazz Instrumental Performance, Soloist",Jousts.,Oscar Peterson (soloist),TRUE
1980,Best Jazz Vocal Performance,Fine And Mellow.,Ella Fitzgerald (artist),TRUE
1980,Best Latin Recording,Irakere.,Irakere (artist),TRUE
1980,Best New Artist,Rickie Lee Jones (artist),,TRUE
1980,Best Opera Recording,Britten: Peter Grimes.,"Colin Davis (conductor), Vittorio Negri (producer), Orchestra of the Royal Opera House (artists)",TRUE
1980,Best Pop Instrumental Performance,Rise.,Herb Alpert (artist),TRUE
1980,"Best Pop Vocal Performance by a Duo, Group or Chorus",Minute By Minute.,The Doobie Brothers (artists),TRUE
1980,"Best Pop Vocal Performance, Female",I'll Never Love This Way Again.,Dionne Warwick (artist),TRUE
1980,"Best Pop Vocal Performance, Male",52nd Street.,Billy Joel (artist),TRUE
1980,Best R&B Instrumental Performance,Boogie Wonderland.,Earth Wind & Fire (artist),TRUE
1980,"Best R&B Vocal Performance by a Duo, Group or Chorus",After The Love Has Gone.,Earth Wind & Fire (artist),TRUE
1980,"Best R&B Vocal Performance, Female",Deja Vu.,Dionne Warwick (artist),TRUE
1980,"Best R&B Vocal Performance, Male",Don't Stop 'til You Get Enough.,Michael Jackson (artist),TRUE
1980,Best Recording for Children,The Muppet Movie,"Jim Henson (produced and performed by), Paul Williams (produced by), Frank Oz (performed by), Dave Goelz (performed by), Jerry Nelson (performed by), Richard Hunt (performed by)",TRUE
1980,Best Rhythm & Blues Song,After The Love Has Gone.,"Earth Wind & Fire (artist), David Foster (songwriter), Jay Graydon (songwriter), Bill Champlin (songwriter)",TRUE
1980,Best Rock Instrumental Performance,Rockestra Theme.,Paul McCartney (artist),TRUE
1980,Best Rock Vocal Performance by a Duo or Group,Heartache Tonight.,Eagles (artists),TRUE
1980,"Best Rock Vocal Performance, Female",Hot Stuff.,Donna Summer (artist),TRUE
1980,"Best Rock Vocal Performance, Male",Gotta Serve Somebody.,Bob Dylan (artist),TRUE
1980,"Best Soul Gospel Performance, Contemporary",I'll Be Thinking Of You.,Andraé Crouch (artist),TRUE
1980,"Best Soul Gospel Performance, Traditional",Changing Times.,The Mighty Clouds of Joy (artists),TRUE
1980,Best Spoken Word Album,Ages of Man : Reading from Shakespeare,John Gielgud,TRUE
1980,Classical Producer of the Year,James Mallison (producer),,TRUE
1980,Producer of the Year,Larry Butler (producer),,TRUE
1980,Record of the Year,What A Fool Believes.,"The Doobie Brothers (artists), Ted Templeman (producer)",TRUE
1980,Song of the Year,What A Fool Believes.,"The Doobie Brothers (artists), Kenny Loggins (songwriter), Michael McDonald (songwriter)",TRUE
1981,Album of the Year,Christopher Cross.,"Christopher Cross (artist), Michael Omartian (producer)",TRUE
1981,Best Album Notes,"Trilogy: Past, Present And Future.","David McClintick (album notes writer), Frank Sinatra (artist)",TRUE
1981,Best Album Package,Against The Wind.,"Roy Kohara (art director), Bob Seger & The Silver Bullet Band (artists)",TRUE
1981,Best Album of Original Score Written for a Motion Picture or Television Special,Star Wars: Episode V - The Empire Strikes Back,John Williams,TRUE
1981,Best Album of Original Score Written for a Motion Picture or Television Special,One-Trick Pony,Paul Simon,FALSE
1981,Best Album of Original Score Written for a Motion Picture or Television Special,Urban Cowboy,"JD Souther, Boz Scaggs, David Foster, Jerry Foster, Bill Rice, Brian Collins, Robby Campbell, Joe Walsh, Bob Morrison, Johnny Wilson, Dan Fogelberg, Bob Seger, Wayland Holyfield, Bob House, Wanda Mallette, Patti Ryan",FALSE
1981,Best Arrangement Accompanying Vocalist(s),Sailing.,"Christopher Cross (artist/arranger), Michael Omartian (arranger)",TRUE
1981,Best Arrangement for Voices,Birdland.,"The Manhattan Transfer (artists), Janis Siegel (arranger)",TRUE
1981,Best Cast Show Album,Evita - Premier American Recording (Various Artists).,"Andrew Lloyd Webber (composer/producer), Tim Rice (lyricist/producer)",TRUE
1981,Best Chamber Music Performance,Play Music For Two Violins (Moszkowski: Suite For Two Violins/Shostakovich: Duets/Prokofiev: Sonata For Two Violins).,"Itzhak Perlman (artist), Pinchas Zukerman (artist)",TRUE
1981,"Best Choral Performance, Classical (other than opera)",Mozart: Requiem.,"Norbert Balatsch (chorus master), Carlo Maria Giulini (conductor), The Philharmonia Chorus (artists), The Philharmonia Orchestra (artists)",TRUE
1981,Best Classical Album,Berg: Lulu (Complete Version).,"Pierre Boulez (artist), Günther Breest (producer), Michael Horwath (producer)",TRUE
1981,Best Classical Orchestral Recording,Bruckner: Symphony No. 6 In A.,"Georg Solti (conductor), Chicago Symphony Orchestra (artists)",TRUE
1981,"Best Classical Performance, Instrumental Soloist or Soloists (with orchestra)",Berg: Violin Concerto/Stravinsky: Violin Concerto In D.,"Itzhak Perlman (artist), Boston Symphony Orchestra (artists)",TRUE
1981,"Best Classical Performance, Instrumental Soloist or Soloists (without orchestra)",The Spanish Album.,Itzhak Perlman (artist),TRUE
1981,Best Classical Vocal Soloist Performance,"Prima Donna, Vol. 5 - Great Soprano Arias From Handel To Britten.","Henry Lewis (artist), The Philharmonia Orchestra (artists)",TRUE
1981,Best Comedy Recording,No Respect.,Rodney Dangerfield,TRUE
1981,Best Country Instrumental Performance,Orange Blossom Special/Hoedown.,Gilley's Urban Cowboy Band (artists),TRUE
1981,Best Country Performance by a Duo or Group with Vocal,That Lovin' You Feelin' Again.,"Emmylou Harris (artist), Roy Orbison (artist)",TRUE
1981,Best Country Song,On The Road Again.,Willie Nelson (artist/songwriter),TRUE
1981,"Best Country Vocal Performance, Female",Could I Have This Dance?.,Anne Murray (artist),TRUE
1981,"Best Country Vocal Performance, Male",He Stopped Loving Her Today.,George Jones (artist),TRUE
1981,"Best Engineered Recording, Classical",Berg: Lulu (Complete Version).,"Karl-August Naegler (engineer), Pierre Boulez (conductor)",TRUE
1981,"Best Engineered Recording, Non-Classical",The Wall.,"Pink Floyd (artists), James Guthrie (engineer)",TRUE
1981,Best Ethnic or Traditional Folk Recording,Rare Blues (Various Artists).,,TRUE
1981,"Best Gospel Performance, Contemporary or Inspirational",The Lord's Prayer.,"Reba Rambo-McGuire (artist), Dony McGuire (artist), B.J. Thomas (artist), Andraé Crouch (artist), Walter Hawkins (artist), Tramaine Hawkins (artist), Cynthia Clawson (artist), The Archers (artist)",TRUE
1981,"Best Gospel Performance, Traditional",We Come To Worship.,The Blackwood Brothers (artists),TRUE
1981,Best Historical Reissue Album,Segovia - The EMI Recordings 1927-39.,Andrés Segovia (artist),TRUE
1981,Best Inspirational Performance,With My Song I Will Praise Him.,Debby Boone (artist),TRUE
1981,Best Instrumental Arrangement,"Dinorah, Dinorah.","Jerry Hey (arranger), Quincy Jones (arranger), George Benson (artist)",TRUE
1981,Best Instrumental Composition,The Empire Strikes Back.,John Williams (artist/composer),TRUE
1981,"Best Jazz Fusion Performance, Vocal or Instrumental",Birdland.,The Manhattan Transfer (artists),TRUE
1981,"Best Jazz Instrumental Performance, Big Band",On The Road.,Count Basie (artist),TRUE
1981,"Best Jazz Instrumental Performance, Group",We Will Meet Again.,Bill Evans (artist),TRUE
1981,"Best Jazz Instrumental Performance, Soloist",I Will Say Goodbye.,Bill Evans (soloist),TRUE
1981,"Best Jazz Vocal Performance, Female",A Perfect Match - Ella And Basie.,Ella Fitzgerald (artist),TRUE
1981,"Best Jazz Vocal Performance, Male",Moody's Mood.,George Benson (artist),TRUE
1981,Best Latin Recording,La Onda Va Bien.,Cal Tjader (artist),TRUE
1981,Best New Artist,Christopher Cross (artist),,TRUE
1981,Best Opera Recording,Berg: Lulu (Complete Version).,"Orchestre de l'Opéra national de Paris (artists), Pierre Boulez (conductor), Günther Breest (producer), Michael Horwath (producer)",TRUE
1981,Best Pop Instrumental Performance,One On One.,"Earl Klugh (artist), Bob James (artist)",TRUE
1981,Best Pop Performance by a Duo or Group with Vocal,Guilty.,"Barbra Streisand (artist), Barry Gibb (artist)",TRUE
1981,"Best Pop Vocal Performance, Female",The Rose.,Bette Midler,TRUE
1981,"Best Pop Vocal Performance, Male",This Is It.,Kenny Loggins (artist),TRUE
1981,Best R&B Instrumental Performance,Off Broadway.,George Benson (artist),TRUE
1981,Best R&B Performance by a Duo or Group with Vocal,Shining Star.,The Manhattans (artists),TRUE
1981,"Best R&B Vocal Performance, Female",Never Knew Love Like This Before.,Stephanie Mills (artist),TRUE
1981,"Best R&B Vocal Performance, Male",Give Me The Night.,George Benson (artist),TRUE
1981,Best Recording for Children,In Harmony/A Sesame Street Record (Various Artists).,,TRUE
1981,Best Rhythm & Blues Song,Never Knew Love Like This Before.,"Stephanie Mills (artist), James Mtume (songwriter), Reggie Lucas (songwriter)",TRUE
1981,Best Rock Instrumental Performance,Reggatta De Blanc.,The Police (artists),TRUE
1981,Best Rock Performance by a Duo or Group with Vocal,Against The Wind.,Bob Seger & The Silver Bullet Band (artists),TRUE
1981,"Best Rock Vocal Performance, Female",Crimes Of Passion.,Pat Benatar (artist),TRUE
1981,"Best Rock Vocal Performance, Male",Glass Houses.,Billy Joel (artist),TRUE
1981,"Best Soul Gospel Performance, Contemporary",Rejoice.,Shirley Caesar (artist),TRUE
1981,"Best Soul Gospel Performance, Traditional","Lord, Let Me Be An Instrument.","James Cleveland (artist), The Charles Fold Singers (artists)",TRUE
1981,"Best Spoken Word, Documentary or Drama Recording","Gertrude Stein, Gertrude Stein, Gertrude Stein.",Pat Carroll (artist),TRUE
1981,Classical Producer of the Year,Robert Woods (producer),,TRUE
1981,Producer of the Year (Non-Classical),Phil Ramone (producer),,TRUE
1981,Record of the Year,Sailing.,"Christopher Cross (artist), Michael Omartian (producer)",TRUE
1981,Song of the Year,Sailing.,Christopher Cross (artist/songwriter),TRUE
1981,Best Spoken Word Album,A Curb in the Sky,Peter Ustinov,FALSE
1982,Album of the Year,Double Fantasy.,"John Lennon (artist/producer), Yoko Ono (artist/producer), Jack Douglas (producer)",TRUE
1982,Best Album Notes,Erroll Garner - Master Of The Keyboard.,"Dan Morgenstern (album notes writer), Erroll Garner (artist)",TRUE
1982,Best Album Package,Tattoo You.,"The Rolling Stones (artists), Peter Corriston (art director)",TRUE
1982,Best Album of Original Score Written for a Motion Picture or Television Special,Raiders of the Lost Ark,John Williams,TRUE
1982,Best Album of Original Score Written for a Motion Picture or Television Special,Endless Love,"Jonathan Tunick, Lionel Richie, Thomas McClary",FALSE
1982,Best Album of Original Score Written for a Motion Picture or Television Special,The Jazz Singer,"Neil Diamond, Gilbert Bécaud, Alan E. Lindgren, Richard Bennett, Doug Rhone",FALSE
1982,Best Arrangement On An Instrumental Recording,Velas.,"Johnny Mandel (arranger), Quincy Jones (artist/arranger)",TRUE
1982,Best Cast Show Album,"Lena Horne - The Lady And Her Music, Live On Broadway.","Lena Horne (artist), Quincy Jones (producer)",TRUE
1982,Best Chamber Music Performance,Tchaikovsky: Piano Trio In A Minor.,"Vladimir Ashkenazy (artist), Lynn Harrell (artist), Itzhak Perlman (artist)",TRUE
1982,Best Choral Performance (other than opera),Haydn: The Creation.,"Neville Marriner (conductor), The Academy of St. Martin-in-the-Fields (artists), Chorus of St. Martin-In-The-Fields (artists)",TRUE
1982,Best Classical Album,Mahler: Symphony No. 2 In C Minor.,"Georg Solti (artist), James Mallison (producer)",TRUE
1982,Best Classical Orchestral Recording,Mahler: Symphony No. 2 In C Minor.,"Georg Solti (conductor), Chicago Symphony Orchestra (artists)",TRUE
1982,"Best Classical Performance, Instrumental Soloist or Soloists (with orchestra)",Isaac Stern 60th Anniversary Celebration.,"Itzhak Perlman (artist), Isaac Stern (artist), Pinchas Zukerman (artist), New York Philharmonic (artists)",TRUE
1982,"Best Classical Performance, Instrumental Soloist or Soloists (without orchestra)",The Horowitz Concerts 1979/80.,Vladimir Horowitz (artist),TRUE
1982,Best Classical Vocal Soloist Performance,Live From Lincoln Center - Sutherland/Horne/Pavarotti.,"Richard Bonynge (artist), New York City Opera Orchestra (artists)",TRUE
1982,Best Comedy Recording,Rev. Du Rite,Richard Pryor,TRUE
1982,Best Country Instrumental Performance,Country After All These Years.,Chet Atkins (artist),TRUE
1982,Best Country Performance by a Duo or Group with Vocal,Elvira.,The Oak Ridge Boys (artists),TRUE
1982,Best Country Song,9 to 5,9 to 5,TRUE
1982,"Best Country Vocal Performance, Female",9 to 5.,9 to 5,TRUE
1982,"Best Country Vocal Performance, Male",(There's) No Gettin' Over Me.,Ronnie Milsap (artist),TRUE
1982,"Best Engineered Recording, Classical",Isaac Stern 60th Anniversary Celebration.,"Ray Moore (engineer), Edward T. Graham (engineer), Andrew Kazdin (engineer), Itzhak Perlman (violin), Pinchas Zukerman (violin), Zubin Mehta (conductor), Isaac Stern (violin)",TRUE
1982,"Best Engineered Recording, Non-Classical",Gaucho.,"Steely Dan (artist), Jerry Garszva (engineer), Roger Nichols (engineer), Elliot Scheiner (engineer), Bill Schnee (engineer)",TRUE
1982,Best Ethnic or Traditional Folk Recording,There Must Be A Better World Somewhere.,B.B. King (artist),TRUE
1982,"Best Gospel Performance, Contemporary or Inspirational",Priority.,The Imperials (artists),TRUE
1982,"Best Gospel Performance, Traditional",The Masters V.,The Masters V (artists),TRUE
1982,Best Historical Album,Hoagy Carmichael - From Stardust To Ole Buttermilk Sky.,Hoagy Carmichael (artist),TRUE
1982,Best Inspirational Performance,Amazing Grace.,B.J. Thomas (artist),TRUE
1982,Best Instrumental Arrangement Accompanying Vocal(s),Ai No Corrida.,"Jerry Hey (arranger), Quincy Jones (artist/arranger)",TRUE
1982,Best Instrumental Composition,The Theme From Hill Street Blues.,Mike Post (artist/composer),TRUE
1982,"Best Jazz Fusion Performance, Vocal or Instrumental",Winelight.,Grover Washington Jr. (artist),TRUE
1982,"Best Jazz Instrumental Performance, Big Band",Walk On The Water.,Gerry Mulligan (artists),TRUE
1982,"Best Jazz Instrumental Performance, Group","Chick Corea & Gary Burton In Concert - Zurich, October 28, 1979.","Gary Burton (artist), Chick Corea (artist)",TRUE
1982,"Best Jazz Instrumental Performance, Soloist",Bye Bye Blackbird.,John Coltrane (soloist),TRUE
1982,"Best Jazz Vocal Performance, Duo or Group",Until I Met You (Corner Pocket).,The Manhattan Transfer (artists),TRUE
1982,"Best Jazz Vocal Performance, Female",Digital III At Montreaux.,Ella Fitzgerald (artist),TRUE
1982,"Best Jazz Vocal Performance, Male",Blue Rondo A La Turk.,Al Jarreau (artist),TRUE
1982,Best Latin Recording,Guajira Pa La Jeva.,Clare Fischer (artist),TRUE
1982,Best New Artist,Sheena Easton (artist),,TRUE
1982,Best Opera Recording,Janácek: From The House Of The Dead.,"Jiri Zahradnícek (artist), Ivo Zidek (artist), Charles Mackerras (conductor), James Mallison (producer), Wiener Philharmoniker (artists), Václav Vítek (artist)",TRUE
1982,Best Pop Instrumental Performance,The Theme From Hill Street Blues.,"Larry Carlton (artist), Mike Post (artist)",TRUE
1982,Best Pop Performance by a Duo or Group with Vocal,Boy From New York City.,The Manhattan Transfer (artists),TRUE
1982,"Best Pop Vocal Performance, Female","Lena Horne - The Lady And Her Music, Live On Broadway.",Lena Horne (artist),TRUE
1982,"Best Pop Vocal Performance, Male",Breakin' Away.,Al Jarreau (artist),TRUE
1982,Best R&B Instrumental Performance,All I Need Is You.,David Sanborn (artist),TRUE
1982,Best R&B Performance by a Duo or Group with Vocal,The Dude.,Quincy Jones (artist),TRUE
1982,"Best R&B Vocal Performance, Female",Hold On I'm Comin'.,Aretha Franklin (artist),TRUE
1982,"Best R&B Vocal Performance, Male",One Hundred Ways.,James Ingram (artist),TRUE
1982,Best Recording for Children,Sesame Country.,"The Muppets (artists), Glen Campbell (artist), Crystal Gayle (artist), Loretta Lynn (artist), Tanya Tucker (artist)",TRUE
1982,Best Rhythm & Blues Song,Just The Two Of Us.,"Grover Washington Jr., William Salter (songwriter), Ralph MacDonald (songwriter), Bill Withers (songwriter/artist)",TRUE
1982,Best Rock Instrumental Performance,Behind My Camel.,The Police (artists),TRUE
1982,Best Rock Performance by a Duo or Group with Vocal,Don't Stand So Close To Me.,The Police (artists),TRUE
1982,"Best Rock Vocal Performance, Female",Fire And Ice.,Pat Benatar (artist),TRUE
1982,"Best Rock Vocal Performance, Male",Jessie's Girl.,Rick Springfield (artist),TRUE
1982,"Best Soul Gospel Performance, Contemporary",Don't Give Up.,Andraé Crouch (artist),TRUE
1982,"Best Soul Gospel Performance, Traditional",The Lord Will Make A Way.,Al Green (artist),TRUE
1982,"Best Spoken Word, Documentary or Drama Recording",Donovan's Brain.,Orson Welles (artist),TRUE
1982,Best Vocal Arrangement for Two or More Voices,A Nightingale Sang In Berkeley Square.,"The Manhattan Transfer (artist), Gene Puerling (arranger)",TRUE
1982,Classical Producer of the Year,James Mallison (producer),,TRUE
1982,Producer of the Year,Quincy Jones (producer),,TRUE
1982,Record of the Year,Bette Davis Eyes.,"Val Garay (producer), Kim Carnes (artist)",TRUE
1982,Song of the Year,Bette Davis Eyes.,"Kim Carnes (artist), Donna Weiss (songwriter), Jackie DeShannon (songwriter)",TRUE
1982,Video Of The Year,Michael Nesmith In Elephant Parts.,Michael Nesmith (artist),TRUE
1983,Album of the Year,Toto IV.,"Bobby Kimball (producer), Steve Lukather (producer), David Paich (producer), Jeff Porcaro (producer), Mike Porcaro (producer), Steve Porcaro (producer), TOTO (artists)",TRUE
1983,Best Album Notes,Bunny Berigan - Giants Of Jazz.,"Bunny Berigan (artist), John Chilton (album notes writer), Richard M. Sudhalter (album notes writer)",TRUE
1983,Best Album Package,Get Closer.,"Kosh (art director), Ron Larson (art director), Linda Ronstadt (artist)",TRUE
1983,Best Album of Original Score Written for a Motion Picture or Television Special,E.T. the Extra-Terrestrial,John Williams,TRUE
1983,Best Album of Original Score Written for a Motion Picture or Television Special,Ragtime,Randy Newman,FALSE
1983,Best Album of Original Score Written for a Motion Picture or Television Special,Victor Victoria,"Henry Mancini (composer), Leslie Bricusse (lyricist)",FALSE
1983,Best Arrangement On An Instrumental Recording,Flying.,John Williams (artist/arranger),TRUE
1983,Best Cast Show Album,Dreamgirls(Various Artists).,"Henry Krieger (composer), Tom Eyen (lyricist), David Foster (producer)",TRUE
1983,Best Chamber Music Performance,"Brahms: The Sonatas For Clarinet & Piano, Op. 120.","Richard Stoltzman (artist), Richard Goode (artist)",TRUE
1983,Best Choral Performance (other than opera),Berlioz: La Damnation De Faust.,"Georg Solti (conductor), Chicago Symphony Chorus (artists), Chicago Symphony Orchestra (artists)",TRUE
1983,Best Classical Album,Bach: The Goldberg Variations.,"Glenn Gould (artist), Samuel H. Carter (producer)",TRUE
1983,"Best Classical Performance, Instrumental Soloist (with orchestra)",Elgar: Violin Concerto In B Minor.,"Itzhak Perlman (artist), Chicago Symphony Orchestra (artists)",TRUE
1983,Best Classical Vocal Soloist Performance,Verdi: Arias (Leontyne Price Sings Verdi).,"Israel Philharmonic Orchestra (artists), Zubin Mehta (artist)",TRUE
1983,Best Comedy Recording,Live On The Sunset Strip.,Richard Pryor (artist),TRUE
1983,Best Comedy Recording,The Steve Martin Brothers,Steve Martin,FALSE
1983,Best Country Instrumental Performance,Alabama Jubilee.,Roy Clark (artist),TRUE
1983,Best Country Performance by a Duo or Group with Vocal,Mountain Music.,Alabama (artists),TRUE
1983,Best Country Song,Always On My Mind.,"Willie Nelson (artist), Wayne Carson (songwriter), Johnny Christopher (songwriter), Mark James (songwriter)",TRUE
1983,"Best Country Vocal Performance, Female",Break It To Me Gently.,Juice Newton (artist),TRUE
1983,"Best Country Vocal Performance, Male",Always On My Mind.,Willie Nelson (artist),TRUE
1983,"Best Engineered Recording, Classical",Mahler: Symphony No. 7 In E Minor (Song Of The Night).,"James Levine (conductor), Paul Goodman (engineer)",TRUE
1983,"Best Engineered Recording, Non-Classical",Toto IV.,"David Leonard (engineer), Greg Ladanyi (engineer), Tom Knox (engineer), Al Schmitt (engineer), TOTO (artist)",TRUE
1983,Best Ethnic or Traditional Folk Recording,Queen Ida & The Bon Temps Zydeco Band On Tour.,Queen Ida (artist),TRUE
1983,"Best Gospel Performance, Contemporary",Age To Age.,Amy Grant (artist),TRUE
1983,"Best Gospel Performance, Traditional",I'm Following You.,The Blackwood Brothers (artists),TRUE
1983,Best Historical Album,"The Tommy Dorsey/Frank Sinatra Sessions - Vols. 1 ,2 & 3.","Tommy Dorsey (artist), Frank Sinatra (artist)",TRUE
1983,Best Inspirational Performance,He Set My Life To Music.,Barbara Mandrell (artist),TRUE
1983,Best Instrumental Arrangement Accompanying Vocal(s),Flying - Theme from 'E.T. the Extra-Terrestrial'.,E.T. the Extra-Terrestrial,TRUE
1983,Best Instrumental Composition,Flying - Theme from 'E.T. the Extra-Terrestrial'.,E.T. the Extra-Terrestrial,TRUE
1983,"Best Jazz Fusion Performance, Vocal or Instrumental",Offramp.,Pat Metheny (artist),TRUE
1983,"Best Jazz Instrumental Performance, Big Band",Warm Breeze.,Count Basie (artist),TRUE
1983,"Best Jazz Instrumental Performance, Group",More Live.,The Phil Woods Quartet (artists),TRUE
1983,"Best Jazz Instrumental Performance, Soloist",We Want Miles.,Miles Davis (artist),TRUE
1983,"Best Jazz Vocal Performance, Duo or Group",Route 66.,The Manhattan Transfer (artists),TRUE
1983,"Best Jazz Vocal Performance, Female",Gershwin Live!.,Sarah Vaughan (artist),TRUE
1983,"Best Jazz Vocal Performance, Male",An Evening With George Shearing & Mel Tormé.,Mel Tormé (artist),TRUE
1983,Best Latin Recording,Machito & His Salsa Big Band '82.,Machito (artist),TRUE
1983,Best New Artist,Men at Work (artist),,TRUE
1983,Best New Artist,The Stray Cats,,FALSE
1983,Best Opera Recording,Wagner: Der Ring Des Nibelungen.,"Jeannine Altmeyer (artist), Hermann Becht (artist), Peter Hofmann (artist), Siegfried Jerusalem (artist), Gwyneth Jones (artist), Manfred Jung (artist), Donald McIntyre (artist), Matti Salminen (artist), Ortrun Wenkel (artist), Heinz Zednik (artist), Pierre Boulez (conductor), Andrew Kazdin (producer), Bayreuth Festival Orchestra (artists)",TRUE
1983,Best Orchestral Performance,Mahler: Sym. No. 7 In E Min. (Song Of The Night).,"James Levine (conductor), Chicago Symphony Orchestra (artists)",TRUE
1983,Best Pop Instrumental Performance,Chariots of Fire Theme (Dance Version).,Chariots of Fire,TRUE
1983,Best Pop Performance by a Duo or Group with Vocal,Up Where We Belong.,"Joe Cocker (artist), Jennifer Warnes (artist)",TRUE
1983,"Best Pop Vocal Performance, Female",You Should Hear How She Talks About You.,Melissa Manchester (artist),TRUE
1983,"Best Pop Vocal Performance, Male",Truly.,Lionel Richie (artist),TRUE
1983,Best R&B Instrumental Performance,Sexual Healing (Instrumental Version).,Marvin Gaye (artist),TRUE
1983,Best R&B Performance by a Duo or Group with Vocal,Wanna Be With You.,Earth Wind & Fire (artists),TRUE
1983,"Best R&B Vocal Performance, Female",And I Am Telling You I'm Not Going.,Jennifer Holliday (artist),TRUE
1983,"Best R&B Vocal Performance, Male",Sexual Healing.,Marvin Gaye (artist),TRUE
1983,Best Recording for Children,In Harmony 2 (various artists).,,TRUE
1983,Best Rhythm & Blues Song,Turn Your Love Around.,"Bill Champlin (songwriter), Jay Graydon (songwriter), Steve Lukather (songwriter), George Benson (artist)",TRUE
1983,Best Rock Instrumental Performance,D.N.A..,A Flock of Seagulls (artists),TRUE
1983,Best Rock Performance by a Duo or Group with Vocal,Eye Of The Tiger.,Survivor (artists),TRUE
1983,"Best Rock Vocal Performance, Female",Shadows Of The Night.,Pat Benatar (artist),TRUE
1983,"Best Rock Vocal Performance, Male",Hurts So Good.,John Mellencamp (artist),TRUE
1983,"Best Soul Gospel Performance, Contemporary",Higher Plane.,Al Green (artist),TRUE
1983,"Best Soul Gospel Performance, Traditional",Precious Lord.,Al Green (artist),TRUE
1983,"Best Spoken Word, Documentary or Drama Recording",Raiders Of The Lost Ark - The Movie On Record (Various Artists).,,TRUE
1983,Best Traditional Blues Recording,Alright Again.,Clarence 'Gatemouth' Brown (artist),TRUE
1983,Best Vocal Arrangement for Two or More Voices,Rosanna.,"TOTO (artist), David Paich (arranger)",TRUE
1983,Classical Producer of the Year,Robert Woods (producer),,TRUE
1983,Producer of the Year,TOTO (artist),,TRUE
1983,Record of the Year,Rosanna.,"Bobby Kimball (producer), Steve Lukather (producer), David Paich (producer), Jeff Porcaro (producer), Mike Porcaro (producer), Steve Porcaro (producer), TOTO (artists)",TRUE
1983,Song of the Year,Always On My Mind.,"Mark James (songwriter), Johnny Christopher (songwriter), Wayne Carson (songwriter), Willie Nelson (artist)",TRUE
1983,Video Of The Year,Physical.,Olivia Newton-John (artist),TRUE
1983,Best Country Vocal Performance - Female,I Will Always Love You.,Dolly Parton,FALSE
1983,Best Pop Vocal Performance - Female,She Works Hard for the Money,Donna Summer (artist),FALSE
1984,Album of the Year,Thriller.,"Michael Jackson (artist/producer), Quincy Jones (producer)",TRUE
1984,Best Album Notes,The Interplay Sessions.,"Orrin Keepnews (album notes writer), Bill Evans (artist)",TRUE
1984,Best Album Package,Speaking In Tongues.,"Robert Rauschenberg (art director), Talking Heads (artists)",TRUE
1984,Best Album of Original Score Written for a Motion Picture or Television Special,Flashdance,"Giorgio Moroder, Keith Forsey, Irene Cara, Shandi Sinnamon, Ronald Magness, Doug Cotler, Richard Gilbert, Michael Boddicker, Jerry Hey, Phil Ramone, Michael Sembello, Kim Carnes, Duane Hitchings, Dennis Matkosky",TRUE
1984,Best Album of Original Score Written for a Motion Picture or Television Special,Star Wars: Episode VI - Return of the Jedi,John Williams,FALSE
1984,Best Album of Original Score Written for a Motion Picture or Television Special,Tootsie,Dave Grusin,FALSE
1984,Best Arrangement on an Instrumental,Summer Sketches '82.,Dave Grusin (artist/arranger),TRUE
1984,Best Cast Show Album,Cats (Complete Original Broadway Cast Recording).,"Original Broadway Cast (artists), Andrew Lloyd Webber (producer)",TRUE
1984,Best Chamber Music Performance,"Brahms: Sonata For Cello And Piano In E Minor, Op. 38 And Sonata In F, Op. 99.","Rudolf Serkin (artist), Mstislav Rostropovich (artist)",TRUE
1984,Best Choral Performance (other than opera),Haydn: The Creation.,"Georg Solti (conductor), Chicago Symphony Chorus (artists), Chicago Symphony Orchestra (artists)",TRUE
1984,Best Classical Album,Mahler: Symphony No. 9 In D.,"Georg Solti (artist), James Mallinson (producer)",TRUE
1984,Best Classical Performance – Instrumental Soloist or Soloists (with orchestra),Haydn: Trumpet Concerto In E Flat/L. Mozart: Trumpet Concerto In D/Hummel: Trumpet Concerto In E Flat.,"Wynton Marsalis (artist), National Philharmonic Orchestra (artists)",TRUE
1984,Best Classical Performance – Instrumental Soloist or Soloists (without orchestra),Beethoven: Piano Sonatas Nos. 12 & 13.,Glenn Gould (artist),TRUE
1984,Best Classical Vocal Soloist Performance,Leontyne Price & Marilyn Horne In Concert At The Met.,"James Levine (artist), Metropolitan Opera Orchestra (artists)",TRUE
1984,Best Comedy Recording,Eddie Murphy: Comedian.,Eddie Murphy (artist),TRUE
1984,Best Comedy Recording,Throbbing Python of Love,Robin Williams,FALSE
1984,Best Country Instrumental Performance,Fireball.,The New South (artist),TRUE
1984,Best Country Performance by a Duo or Group with Vocal,The Closer You Get....,Alabama (artist),TRUE
1984,"Best Country Vocal Performance, Female",A Little Good News.,Anne Murray (artist),TRUE
1984,"Best Country Vocal Performance, Male",I.O.U..,Lee Greenwood (artist),TRUE
1984,"Best Engineered Recording, Classical",Mahler: Symphony No. 9 In D.,"James Lock (engineer), Georg Solti (conductor)",TRUE
1984,"Best Engineered Recording, Non-Classical",Thriller.,"Bruce Swedien (engineer), Michael Jackson (artist)",TRUE
1984,Best Ethnic or Traditional Folk Recording,I'm Here.,Clifton Chenier & His Red Hot Louisiana Band (artists),TRUE
1984,Best Gospel Performance by a Duo or Group,More Than Wonderful.,"Sandi Patty (artist), Larnell Harris (artist)",TRUE
1984,"Best Gospel Performance, Female",Ageless Medley.,Amy Grant (artist),TRUE
1984,"Best Gospel Performance, Male",Walls Of Glass.,Russ Taff (artist),TRUE
1984,Best Historical Album,"The Greatest Recordings Of Arturo Toscanini - Symphonies, Vol. I.",Arturo Toscanini (artist),TRUE
1984,Best Inspirational Performance,He's A Rebel.,Donna Summer (artist),TRUE
1984,Best Instrumental Arrangement Accompanying Vocal(s),What's New.,"Linda Ronstadt (artist), Nelson Riddle (arranger)",TRUE
1984,Best Instrumental Composition,Love Theme From Flashdance(various artists).,"Giorgio Moroder (composer), Helen St. John (artist)",TRUE
1984,"Best Jazz Fusion Performance, Vocal or Instrumental",Travels.,Pat Metheny (artists),TRUE
1984,"Best Jazz Instrumental Performance, Big Band",All In Good Time.,Rob McConnell & The Boss Brass (artists),TRUE
1984,"Best Jazz Instrumental Performance, Group",At The Vanguard.,The Phil Woods Quartet (artists),TRUE
1984,"Best Jazz Instrumental Performance, Soloist",Think Of One.,Wynton Marsalis (soloist),TRUE
1984,"Best Jazz Vocal Performance, Duo or Group",Why Not!.,The Manhattan Transfer (artist),TRUE
1984,"Best Jazz Vocal Performance, Female",The Best Is Yet To Come.,Ella Fitzgerald (artist),TRUE
1984,"Best Jazz Vocal Performance, Male",Top Drawer,Mel Tormé (artist),TRUE
1984,Best Latin Pop Performance,Me Enamoré.,José Feliciano (artist),TRUE
1984,Best Mexican-American Performance,Anselma.,Los Lobos (artist),TRUE
1984,Best New Artist,Culture Club (artists),,TRUE
1984,Best New Country Song,Stranger In My House.,"Mike Reid (songwriter), Ronnie Milsap (artist)",TRUE
1984,Best Opera Recording,Verdi: La Traviata.,"Plácido Domingo (artist), Cornell MacNeil (artist), Teresa Stratas (artist), James Levine (conductor), Jay David Saks (producer), Max Wilcox (producer), Metropolitan Opera Orchestra (artists)",TRUE
1984,Best Orchestral Recording,Mahler: Symphony No. 9 In D.,"Georg Solti (conductor), Chicago Symphony Orchestra (artists)",TRUE
1984,Best Pop Instrumental Performance,Being With You.,George Benson (artist),TRUE
1984,Best Pop Instrumental Performance,Love Theme from Flashdance.,Flashdance,FALSE
1984,Best Pop Performance by a Duo or Group with Vocal,Every Breath You Take.,The Police (artists),TRUE
1984,"Best Pop Vocal Performance, Female",Flashdance - What A Feeling.,Irene Cara (artist),TRUE
1984,"Best Pop Vocal Performance, Male",Thriller.,Michael Jackson (artist),TRUE
1984,Best R&B Instrumental Performance,Rockit.,Herbie Hancock (artist),TRUE
1984,Best R&B Performance by a Duo or Group with Vocal,Ain't Nobody.,"Chaka Khan (artist), Rufus (artist)",TRUE
1984,"Best R&B Vocal Performance, Female",Chaka Khan.,Chaka Khan (artist),TRUE
1984,"Best R&B Vocal Performance, Male",Billie Jean.,Michael Jackson (artist),TRUE
1984,Best Recording for Children,E.T. the Extra-Terrestrial album.,E.T. the Extra-Terrestrial,TRUE
1984,Best Rhythm & Blues Song,Billie Jean.,Michael Jackson (artist/songwriter),TRUE
1984,Best Rock Instrumental Performance,Brimstone And Treacle.,Sting (artist),TRUE
1984,Best Rock Performance by a Duo or Group with Vocal,Synchronicity.,The Police (artists),TRUE
1984,"Best Rock Vocal Performance, Female",Love Is A Battlefield.,Pat Benatar (artist),TRUE
1984,"Best Rock Vocal Performance, Male",Beat It.,Michael Jackson (artist),TRUE
1984,Best Soul Gospel Performance by a Duo or Group,I'm So Glad I'm Standing Here Today.,"Barbara Mandrell (artist), Bobby Jones (artist)",TRUE
1984,"Best Soul Gospel Performance, Female",We Sing Praises.,Sandra Crouch (artist),TRUE
1984,"Best Soul Gospel Performance, Male",I'll Rise Again.,Al Green (artist),TRUE
1984,Best Spoken Word or Non-musical Recording,Copland: A Lincoln Portrait.,William Warfield (artist),TRUE
1984,Best Traditional Blues Recording,Blues 'N' Jazz.,B.B. King (artist),TRUE
1984,Best Tropical Latin Performance,On Broadway.,Tito Puente (artist),TRUE
1984,Best Video Album,Duran Duran,,TRUE
1984,Best Video Album,Grace Jones,,FALSE
1984,Best Video Album,Olivia,Olivia Newton-John,FALSE
1984,"Best Video, Short Form",Girls On Film/Hungry Like The Wolf.,Duran Duran (artist),TRUE
1984,Best Vocal Arrangement for Two or More Voices,Be Bop Medley.,"Chaka Khan (artist/arranger), Arif Mardin (artist)",TRUE
1984,Classical Producer of the Year,"Marc Aubort (producer), Joanna Nickrenz (producer)",,TRUE
1984,"Producer of the Year, Non-Classical","Michael Jackson (producer), Quincy Jones (producer)",,TRUE
1984,Record of the Year,Beat It.,"Michael Jackson (artist/producer), Quincy Jones (producer)",TRUE
1984,Song of the Year,Every Breath You Take.,"The Police (artists), Sting (songwriter)",TRUE
1985,Album of the Year,Can't Slow Down.,"Lionel Richie (artist/producer), James Carmichael (producer)",TRUE
1985,Best Album Notes,Big Band Jazz.,"Count Basie (artist), Tommy Dorsey (artist), Benny Goodman (artist), Fletcher Henderson (artist), Chick Webb (artist), Paul Whiteman (artist), Gunther Schuller (notes writer), Martin Williams (notes writer)",TRUE
1985,Best Album Package,She's So Unusual.,"Cyndi Lauper (artist), Janet Perr (art director)",TRUE
1985,Best Album of Original Score Written for a Motion Picture or a Television Special,Purple Rain,"Prince, Lisa Coleman, Wendy Melvoin, John L. Nelson",TRUE
1985,Best Album of Original Score Written for a Motion Picture or a Television Special,Footloose,"Bill Wolfer, Dean Pitchford, Kenny Loggins, Tom Snow, Sammy Hagar, Michael Gore, Eric Carmen, Jim Steinman",FALSE
1985,Best Album of Original Score Written for a Motion Picture or a Television Special,Yentl,"Michel Legrand, Alan Bergman, Marilyn Bergman",FALSE
1985,Best Arrangement on an Instrumental,Grace (Gymnastics Theme).,"Quincy Jones (arranger/artist), Jeremy Lubbock (arranger)",TRUE
1985,Best Cast Show Album,Sunday In The Park With George.,"Stephen Sondheim (composer/lyricist), Thomas Z. Shepard (producer), Bernadette Peters (artist), Mandy Patinkin (artist)",TRUE
1985,Best Chamber Music Performance,Beethoven: The Late String Quartets.,Juilliard String Quartet (artists),TRUE
1985,Best Choral Performance (other than opera),Brahms: A German Requiem.,"Chicago Symphony Chorus (artists), Chicago Symphony Orchestra (artists), James Levine (conductor), Margaret Hills (choir director)",TRUE
1985,Best Classical Album,Amadeus.,"Neville Marriner (artist), John Strauss (producer)",TRUE
1985,Best Classical Orchestral Recording,Prokofiev: Symphony No. 5 In B Flat.,"Leonard Slatkin (artist), Saint Louis Symphony Orchestra (artists)",TRUE
1985,Best Classical Performance – Instrumental Soloist or Soloists (with orchestra),"Wynton Marsalis-Edita Gruberova-Handel, Purcell, Etc,.","Wynton Marsalis (artist), English Chamber Orchestra (artists)",TRUE
1985,Best Classical Performance – Instrumental Soloist or Soloists (without orchestra),Bach: The Unaccompanied Cello Suites.,Yo-Yo Ma (artist),TRUE
1985,Best Classical Vocal Soloist Performance,Ravel: Songs of Maurice Ravel.,"Pierre Boulez (artist), BBC Symphony Orchestra (artists), Ensemble Intercontemporain (artists)",TRUE
1985,Best Comedy Recording,Eat It.,'Weird Al' Yankovic,TRUE
1985,Best Comedy Recording,Rappin' Rodney.,Rodney Dangerfield,FALSE
1985,Best Country Instrumental Performance,Wheel Hoss.,Ricky Skaggs (artist),TRUE
1985,Best Country Performance by a Duo or Group with Vocal,Mama He's Crazy.,The Judds (artists),TRUE
1985,Best Country Song,City Of New Orleans.,"Steve Goodman (songwriter), Willie Nelson (artist)",TRUE
1985,"Best Country Vocal Performance, Female",In My Dreams.,Emmylou Harris (artist),TRUE
1985,"Best Country Vocal Performance, Male",That's The Way Love Goes.,Merle Haggard (artist),TRUE
1985,"Best Engineered Recording, Classical","Prokofiev: Symphony No. 5 in B Flat, Op. 100.","Paul Goodman (engineer), Leonard Slatkin (conductor)",TRUE
1985,"Best Engineered Recording, Non-Classical",17,"Chicago (artists), Humberto Gatica (engineer)",TRUE
1985,Best Ethnic or Traditional Folk Recording,Elizabeth Cotten Live!.,Elizabeth Cotten (artist),TRUE
1985,Best Gospel Performance by a Duo or Group,Keep The Flame Burning.,"Debby Boone (artist), Phil Driscoll (artist)",TRUE
1985,"Best Gospel Performance, Female",Angels.,Amy Grant (artist),TRUE
1985,"Best Gospel Performance, Male",Michael W. Smith.,Michael W. Smith (artist),TRUE
1985,Best Historical Album,Big Band Jazz.,"Count Basie (artist), Tommy Dorsey (artist), Benny Goodman (artist), Fletcher Henderson (artist), Chick Webb (artist), Paul Whiteman (artist), J.R. Taylor (producer)",TRUE
1985,Best Inspirational Performance,Forgive Me.,Donna Summer (artist),TRUE
1985,Best Instrumental Arrangement Accompanying Vocal(s),Hard Habit To Break.,"Chicago (artists), David Foster (arranger), Jeremy Lubbock (arranger)",TRUE
1985,Best Instrumental Composition,Olympic Fanfare & Theme.,John Williams (artist/composer),TRUE
1985,"Best Jazz Fusion Performance, Vocal or Instrumental",First Circle.,Pat Metheny (artist),TRUE
1985,"Best Jazz Instrumental Performance, Big Band",88 Basie Street.,Count Basie (artist),TRUE
1985,"Best Jazz Instrumental Performance, Group",New York Scene.,"Art Blakey (artist), Art Blakey & the Jazz Messengers (artists)",TRUE
1985,"Best Jazz Instrumental Performance, Soloist",Hot House Flowers.,Wynton Marsalis (soloist),TRUE
1985,Best Jazz Vocal Performance,Nothin' But The Blues.,Joe Williams (artist),TRUE
1985,Best Latin Pop Performance,Always In My Heart (Siempre En Mi Corazon).,Plácido Domingo (artist),TRUE
1985,Best Mexican-American Performance,Me Gustas Tal Como Eres.,"Luis Miguel (artist), Sheena Easton (artist)",TRUE
1985,"Best Music Video, Short Form",David Bowie.,David Bowie,TRUE
1985,Best New Artist,Cyndi Lauper (artist),,TRUE
1985,Best New Classical Composition,Barber: Antony And Cleopatra.,Samuel Barber (composer),TRUE
1985,Best Opera Recording,Bizet: Carmen.,"Orchestre national de France (artists), Les Enfants de la Maîtrise de Radio-France (artists), Ruggero Raimondi (artist), Michel Glotz (producer), Lorin Maazel (conductor), Plácido Domingo (artist), Faith Esham (artist), Julia Migenes (artist)",TRUE
1985,Best Pop Instrumental Performance,Ghostbusters (Instrumental).,Ray Parker Jr. (artist),TRUE
1985,Best Pop Performance by a Duo or Group with Vocal,Jump (For My Love).,The Pointer Sisters (artists),TRUE
1985,"Best Pop Vocal Performance, Female",What's Love Got To Do With It.,Tina Turner (artist),TRUE
1985,"Best Pop Vocal Performance, Male",Against All Odds (Take A Look At Me Now).,Phil Collins (artist),TRUE
1985,Best R&B Instrumental Performance,Sound System.,Herbie Hancock (artist),TRUE
1985,Best R&B Performance by a Duo or Group with Vocal,Yah Mo B There.,"Michael McDonald (artist), James Ingram (artist)",TRUE
1985,"Best R&B Vocal Performance, Female",I Feel For You.,Chaka Khan (artist),TRUE
1985,"Best R&B Vocal Performance, Male",Caribbean Queen (No More Love On The Run).,Billy Ocean (artist),TRUE
1985,Best Recording for Children,Where The Sidewalk Ends.,"Shel Silverstein (artist), Ron Haffkine (producer)",TRUE
1985,Best Reggae Recording,Anthem.,Black Uhuru (artist),TRUE
1985,Best Rhythm & Blues Song,I Feel For You.,"Prince (songwriter), Chaka Khan (artist)",TRUE
1985,Best Rock Instrumental Performance,Cinema.,Yes (artist),TRUE
1985,Best Rock Performance by a Duo or Group with Vocal,Purple Rain - Music From The Motion Picture.,"Prince (artist), The Revolution (artists)",TRUE
1985,"Best Rock Vocal Performance, Female",Better Be Good To Me.,Tina Turner (artist),TRUE
1985,"Best Rock Vocal Performance, Male",Dancing In The Dark.,Bruce Springsteen (artist),TRUE
1985,Best Soul Gospel Performance by a Duo or Group,Sailin' On The Sea Of Your Love.,"Shirley Caesar (artist), Al Green (artist)",TRUE
1985,"Best Soul Gospel Performance, Female",Sailin'.,Shirley Caesar (artist),TRUE
1985,"Best Soul Gospel Performance, Male",Always Remember.,Andraé Crouch (artist),TRUE
1985,Best Spoken Word Album,The Words Of Gandhi.,Ben Kingsley (artist),TRUE
1985,Best Traditional Blues Recording,Blues Explosion.,"Stevie Ray Vaughan (artist), Double Trouble (artist), John Hammond (artist), Sugar Blue (artist), The New Hawks (artist), The Blues Machine (artist), KoKo Taylor (artist), Luther 'Guitar Jr.' Johnson (artist), J.B. Hutto (artist)",TRUE
1985,Best Tropical Latin Performance,Palo Pa Rumba.,Eddie Palmieri (artist),TRUE
1985,Best Video Album,Michael Jackson: Thriller,Michael Jackson,TRUE
1985,Best Video Album,Billy Joel: Live from Long Island,Billy Joel,FALSE
1985,Best Video Album,Eurythmics: Sweet Dreams,"Annie Lennox, David A. Stewart",FALSE
1985,Best Video Album,We're All Devo,"Bob Casale, Gerald V. Casale, Mark Mothersbaugh, Robert Mothersbaugh, Alan Myers",FALSE
1985,Best Vocal Arrangement for Two or More Voices,Automatic.,"Anita Pointer (arranger), June Pointer (arranger), Ruth Pointer (arranger), The Pointer Sisters (artist)",TRUE
1985,Classical Producer Of The Year,Steven Epstein (producer),,TRUE
1985,"Producer of the Year, Non-Classical","Lionel Richie (producer), James Anthony Carmichael (producer), David Foster (producer)",,TRUE
1985,Record of the Year,What's Love Got To Do With It.,"Tina Turner (artist), Terry Britten (producer)",TRUE
1985,Song of the Year,What's Love Got To Do With It.,"Tina Turner (artist), Terry Britten (songwriter), Graham Lyle (songwriter)",TRUE
1986,Album of the Year,No Jacket Required.,"Hugh Padgham (producer), Phil Collins (artist/producer)",TRUE
1986,Best Album Notes,"Sam Cooke Live At The Harlem Square Club, 1963.","Peter Guralnick (writer), Sam Cooke (artist)",TRUE
1986,Best Album Of Original Score Written For A Motion Picture Or A Television Special,Beverly Hills Cop (various artists).,"Harold Faltermeyer (composer), Marc Benno (composer), Keith Forsey (composer), Micki Free (composer), Jon Gilutin (composer), Hawk (composer), Howard Hewett (composer), Bunny Hull (composer), Howie Rice (composer), Sharon Robinson (composer), Danny Sembello (composer), Sue Sheridan (composer), Richard C. Teisen II (composer), Allee Willis (composer)",TRUE
1986,Best Album Package,Lush Life.,"Kosh (art director), Ron Larson (art director), Linda Ronstadt (artist)",TRUE
1986,Best Album of Original Score Written for a Motion Picture or Television Special,Beverly Hills Cop,"Harold Faltermeyer, Keith Forsey, Micki Free, Howard Hewett, Sharon Robinson, Danny Sembello, Sue Sheridan, Allee Willis",TRUE
1986,Best Album of Original Score Written for a Motion Picture or Television Special,Back to the Future,"Johnny Colla, Chris Hayes, Huey Lewis, Lindsey Buckingham, Alan Silvestri, Eric Clapton, Sean Hopper",FALSE
1986,Best Album of Original Score Written for a Motion Picture or Television Special,Witness,Maurice Jarre,FALSE
1986,Best Arrangement on an Instrumental,Early A.M. Attitude.,"Dave Grusin (artist/arranger), Lee Ritenour (artist/arranger)",TRUE
1986,Best Cast Show Album,West Side Story.,"John McClure (producer), Kiri Te Kanawa (artist), Jose Carreras (artist)",TRUE
1986,Best Chamber Music Performance,Brahms: Cello And Piano Sonatas In E Minor And F.,"Yo-Yo Ma (artist), Emanuel Ax (artist)",TRUE
1986,Best Choral Performance (other than opera),Berlioz: Requiem.,"Robert Shaw (conductor), Atlanta Symphony Orchestra (artists), Atlanta Symphony Chorus (artists)",TRUE
1986,Best Classical Album,Berlioz: Requiem.,"Robert Shaw (artist), John Aler (artist), Robert Woods (producer)",TRUE
1986,Best Classical Orchestral Recording,Faure: Pelleas Et Melisande.,"Robert Shaw (conductor), Atlanta Symphony Orchestra (artists)",TRUE
1986,Best Classical Performance - Instrumental Soloist or Soloists (with or without orchestra),"Elgar: Cello Concerto, Op. 85/Walton: Concerto For Cello & Orch.","Yo-Yo Ma (artist), London Symphony Orchestra (artists)",TRUE
1986,Best Classical Performance - Instrumental Soloist or Soloists (without orchestra),Ravel: Gaspard De La Nuit; Pavane Pour Une Infante Defunte; Valses Nobles Et Sentimentales.,Vladimir Ashkenazy (artist),TRUE
1986,Best Classical Vocal Soloist Performance,Berlioz: Requiem.,"Robert Shaw (artist), Atlanta Symphony Orchestra (artists)",TRUE
1986,Best Comedy Recording,Whoopi Goldberg Original Broadway Show Record,Whoopi Goldberg,TRUE
1986,Best Contemporary Composition,Lloyd Webber: Requiem.,Andrew Lloyd Webber (composer),TRUE
1986,"Best Country Instrumental Performance (orchestra, group or soloist)",Cosmic Square Dance.,"Mark Knopfler (artist), Chet Atkins (artist)",TRUE
1986,Best Country Performance by a Duo or Group with Vocal,Why Not Me.,The Judds (artist),TRUE
1986,Best Country Song,The Highwayman,Jimmy Webb (songwriter),TRUE
1986,"Best Country Vocal Performance, Female",I Don't Know Why You Don't Want Me.,Rosanne Cash,TRUE
1986,"Best Country Vocal Performance, Male",Lost In The Fifties Tonight (In The Still Of The Night).,Ronnie Milsap (artist),TRUE
1986,"Best Engineered Recording, Classical",Berlioz: Requiem.,"Jack Renner (engineer), Robert Shaw (conductor)",TRUE
1986,"Best Engineered Recording, Non-Classical",Brothers In Arms.,"Dire Straits (artist), Neil Dorfsman (engineer)",TRUE
1986,Best Ethnic or Traditional Folk Recording,My Toot Toot.,Rockin' Sidney (artist),TRUE
1986,"Best Gospel Performance by a Duo or Group, Choir or Chorus",I've Just Seen Jesus.,"Sandi Patty (artist), Larnelle Harris (artist)",TRUE
1986,"Best Gospel Performance, Female",Unguarded.,Amy Grant (artist),TRUE
1986,"Best Gospel Performance, Male",How Excellent Is Thy Name.,Larnelle Harris (artist),TRUE
1986,Best Historical Album,RCA/Met - 100 Singers - 100 Years (various artists).,,TRUE
1986,Best Inspirational Performance,Come Sunday.,Jennifer Holliday (artist),TRUE
1986,Best Instrumental Arrangement Accompanying Vocals,Lush Life.,"Linda Ronstadt (artist), Nelson Riddle (arranger)",TRUE
1986,Best Instrumental Composition,Miami Vice Theme.,Jan Hammer (artist/composer),TRUE
1986,"Best Jazz Fusion Performance, Vocal or Instrumental",Straight To The Heart.,David Sanborn (artist),TRUE
1986,"Best Jazz Instrumental Performance, Big Band",The Cotton Club - Original Motion Picture Soundtrack.,"John Barry (artist), Bob Wilber (artist)",TRUE
1986,"Best Jazz Instrumental Performance, Group",Black Codes From The Underground.,Wynton Marsalis Group (artists),TRUE
1986,"Best Jazz Instrumental Performance, Soloist",Black Codes From The Underground.,Wynton Marsalis (soloist),TRUE
1986,"Best Jazz Vocal Performance, Duo or Group",Vocalese.,The Manhattan Transfer (artists),TRUE
1986,"Best Jazz Vocal Performance, Female",Cleo At Carnegie - The 10th Anniversary Concert.,Cleo Laine (artist),TRUE
1986,"Best Jazz Vocal Performance, Male",Another Night In Tunisia.,"Jon Hendricks (artist), Bobby McFerrin (artist)",TRUE
1986,Best Latin Pop Performance,Es Fácil Amar.,Lani Hall (artist),TRUE
1986,Best Mexican-American Performance,Simplemente Mujer.,Vikki Carr (artist),TRUE
1986,"Best Music Video, Long Form",Huey Lewis & The News - The Heart Of Rock 'n' Roll.,"Mario Cipollina (artist), Johnny Colla (artist), Bill Gibson (artist), Chris Hayes (artist), Sean Hopper (artist), Huey Lewis (artist), Bruce Gowers (video director)",TRUE
1986,"Best Music Video, Long Form",The Police: Synchronicity Concert,"The Police (artist), Kevin Godley (video director), Lol Creme (video director)",FALSE
1986,"Best Music Video, Long Form",Wham!: The Video,Wham! (artist),FALSE
1986,"Best Music Video, Short Form",We Are The World - The Video Event. The artist USA for Africa did not receive a Grammy Award for this win.,We Are The World: The Story Behind The Song,TRUE
1986,"Best Music Video, Short Form",Phil Collins: No Jacket Required,"Phil Collins (artist), James Yukich (video director), Paul Flattery (video producer)",FALSE
1986,Best New Artist,Sade (artist),,TRUE
1986,Best New Artist,Julian Lennon,,FALSE
1986,Best New Classical Artist,Stravinsky: L' Histoire Du Soldat (The Soldier's Tale - Suite) - (also) - Walton: Façade (An Instrumental Suite In The Original Scoring).,,TRUE
1986,Best Opera Recording,Schoenberg: Moses Und Aron.,"Georg Solti (conductor), Franz Mazura (artist), Philip Langridge (artist), James Mallison (producer), Chicago Symphony Orchestra (artists), Chicago Symphony Chorus (artists)",TRUE
1986,Best Polka Recording,70 Years Of Hits.,Frankie Yankovic (artist),TRUE
1986,"Best Pop Instrumental Performance, (Orchestra, Group or Soloist)",Miami Vice Theme.,Jan Hammer (artist),TRUE
1986,Best Pop Performance by a Duo or Group with Vocals,We Are the World. The artist USA for Africa did not receive a Grammy Award for this win.,Quincy Jones (producer),TRUE
1986,"Best Pop Vocal Performance, Female",Saving All My Love For You.,Whitney Houston (artist),TRUE
1986,"Best Pop Vocal Performance, Male",No Jacket Required.,Phil Collins (artist),TRUE
1986,"Best R&B Instrumental Performance (Orchestra, Group or Soloist)",Musician.,Ernie Watts (artist),TRUE
1986,Best R&B Performance by a Duo or Group with Vocal,Nightshift.,The Commodores (artist),TRUE
1986,"Best R&B Vocal Performance, Female",Freeway Of Love.,Aretha Franklin (artist),TRUE
1986,"Best R&B Vocal Performance, Male",In Square Circle.,Stevie Wonder (artist),TRUE
1986,Best Recording for Children,Follow That Bird - Original Motion Picture Soundtrack.,"Jim Henson (artist), Sesame Street Cast (artists)",TRUE
1986,Best Recording for Children,The Velveteen Rabbit.,Meryl Streep,FALSE
1986,Best Reggae Recording,Cliff Hanger.,Jimmy Cliff (artist),TRUE
1986,Best Rhythm & Blues Song,Freeway Of Love.,"Aretha Franklin (artist), Jeffrey Cohen (songwriter), Narada Michael Walden (songwriter)",TRUE
1986,"Best Rock Instrumental Performance (Orchestra, Group or Soloist)",Escape.,Jeff Beck (artist),TRUE
1986,Best Rock Performance by a Duo or Group with Vocal,Money for Nothing.,Dire Straits (artists),TRUE
1986,Best Rock Performance by a Duo or Group with Vocal,We Built This City.,Jefferson Starship,FALSE
1986,"Best Rock Vocal Performance, Female",One Of The Living.,Tina Turner (artist),TRUE
1986,"Best Rock Vocal Performance, Male",The Boys Of Summer.,Don Henley (artist),TRUE
1986,"Best Soul Gospel Performance by a Duo or Group, Choir or Chorus",Tomorrow.,The Winans (artists),TRUE
1986,"Best Soul Gospel Performance, Female",Martin.,Shirley Caesar (artist),TRUE
1986,"Best Soul Gospel Performance, Male",Bring Back The Days Of Yea And Nay.,Marvin Winans (artist),TRUE
1986,Best Spoken Word or Non-musical Recording,Ma Rainey's Black Bottom.,Original Broadway Cast (artist),TRUE
1986,Best Traditional Blues Recording,My Guitar Sings The Blues.,B.B. King (artist),TRUE
1986,Best Tropical Latin Performance,Solito.,Eddie Palmieri (artist),TRUE
1986,Best Vocal Arrangement for Two or More Voices,Another Night In Tunisia.,"The Manhattan Transfer (artist), Cheryl Bentyne (arranger), Bobby McFerrin (arranger)",TRUE
1986,Classical Producer of the Year,Robert Woods (producer),,TRUE
1986,Producer of the Year (Non-Classical),"Phil Collins (producer), Hugh Padgham (producer)",,TRUE
1986,Record of the Year,We Are the World (various artists).,Quincy Jones (producer),TRUE
1986,Song of the Year,We Are the World (various artists).,"Lionel Richie (songwriter), Michael Jackson (songwriter)",TRUE
1987,Album of the Year,Graceland.,Paul Simon (artist/producer),TRUE
1987,Best Album Notes,The Voice - The Columbia Years 1943-1952.,"Frank Conroy (writer), Andrew Sarris (writer), Jonathan Schwartz (writer), Gary Giddins (writer), Stephen Holden (writer), Wilfrid Sheed (writer), Murray Kempton (writer), Frank Sinatra (artist)",TRUE
1987,Best Album Package,Tutu.,"Eiko Ishioka (art director), Miles Davis (artist)",TRUE
1987,Best Arrangement on an Instrumental,Suite Memories.,"Bill Watrous (artist), Patrick Williams (arranger/artist)",TRUE
1987,Best Chamber Music Performance,Beethoven: Cello And Piano Sonata No. 4 In C & Variations.,"Emanuel Ax (artist), Yo-Yo Ma (artist)",TRUE
1987,Best Classical Album,"Horowitz - The Studio Recordings, New York 1985.","Vladimir Horowitz (artist), Thomas Frost (producer)",TRUE
1987,Best Classical Orchestral Recording,Liszt: A Faust Symphony.,"Georg Solti (conductor), Chicago Symphony Orchestra (artists)",TRUE
1987,Best Classical Performance - Instrumental Soloist or Soloists (with or without orchestra),"Horowitz - The Studio Recordings, New York 1985.",Vladimir Horowitz (artist),TRUE
1987,Best Classical Vocal Soloist Performance,Mozart: Kathleen Battle Sings Mozart.,"André Previn (artist), Royal Philharmonic Orchestra (artists)",TRUE
1987,Best Comedy Recording,"Those Of You With Or Without Children, You'll Understand.",Bill Cosby,TRUE
1987,Best Comedy Recording,Twist And Shout.,George Carlin: Playin' with Your Head,FALSE
1987,Best Comedy Recording,I Have a Pony,Steven Wright,FALSE
1987,Best Contemporary Composition,Lutoslawski: Symphony No. 3.,Witold Lutoslawski (composer),TRUE
1987,Best Contemporary Folk Recording,Tribute to Steve Goodman.,"Al Bunetta (producer), Dan Einstein (producer), Hank Neuberger (producer), Arlo Guthrie (artist), John Hartford (artist), Richie Havens (artist), Bonnie Koloc (artist), John Prine (artist), Nitty Gritty Dirt Band (artists)",TRUE
1987,"Best Country Instrumental Performance (orchestra, group or soloist)",Raisin' The Dickins.,Ricky Skaggs (artists),TRUE
1987,Best Country Performance by a Duo or Group with Vocal,Grandpa (Tell Me 'Bout the Good Ol' Days).,The Judds (artists),TRUE
1987,Best Country Song,Grandpa (Tell Me 'Bout the Good Ol' Days).,"Jamie O'Hara (songwriter), The Judds (artists)",TRUE
1987,"Best Country Vocal Performance, Female",Whoever's in New England.,Reba McEntire (artist),TRUE
1987,"Best Country Vocal Performance, Male",Lost in the Fifties Tonight.,Ronnie Milsap (artist),TRUE
1987,"Best Engineered Recording, Classical","Horowitz - The Studio Recordings, New York 1985.","Paul Goodman (engineer), Vladimir Horowitz (artist)",TRUE
1987,"Best Engineered Recording, Non-Classical",Back In The High Life.,"Jason Corsaro (engineer), Tom Lord Alge (engineer), Steve Winwood (artist)",TRUE
1987,"Best Gospel Performance by a Duo or Group, Choir or Chorus",They Say.,"Sandi Patty (artist), Deniece Williams (artist)",TRUE
1987,"Best Gospel Performance, Female",Morning Like This.,Sandi Patty (artist),TRUE
1987,"Best Gospel Performance, Male",Triumph.,Philip Bailey (artist),TRUE
1987,Best Historical Album,"Atlantic Rhythm And Blues 1947-1974, Vols. 1-7 (various artists).","Brook Benton (artist), Ray Charles (artist), The Coasters (artists), The Drifters (artists), Roberta Flack (artist), Aretha Franklin (artist), Otis Redding (artist)",TRUE
1987,Best Instrumental Arrangement Accompanying Vocals,Somewhere.,"David Foster (arranger), Barbra Streisand (artist)",TRUE
1987,Best Instrumental Composition,Out Of Africa.,John Barry (composer),TRUE
1987,"Best Jazz Fusion Performance, Vocal or Instrumental",Double Vision.,"Bob James (artist), David Sanborn (artist)",TRUE
1987,"Best Jazz Instrumental Performance, Big Band",The Tonight Show Band with Doc Severinsen.,Doc Severinsen (artist),TRUE
1987,"Best Jazz Instrumental Performance, Group",J Mood.,Wynton Marsalis (artist),TRUE
1987,"Best Jazz Instrumental Performance, Soloist",Tutu.,Miles Davis (artist),TRUE
1987,"Best Jazz Vocal Performance, Duo or Group",Free Fall.,2 2 Plus (artist),TRUE
1987,"Best Jazz Vocal Performance, Female",Timeless.,Diane Schuur (artist),TRUE
1987,"Best Jazz Vocal Performance, Male",Round Midnight.,Bobby McFerrin (artist),TRUE
1987,Best Latin Pop Performance,Le Lo Lai.,José Feliciano (artist),TRUE
1987,Best Mexican-American Performance,Ay Te Dejo en San Antonio.,Flaco Jiménez (artist),TRUE
1987,"Best Music Video, Long Form",Bring on the Night,"Sting (artist/video producer), Michael Apted (video director)",TRUE
1987,"Best Music Video, Long Form",Frank Sinatra: Portrait of an Album,"Frank Sinatra (artist), Emil G. Davidson (video director)",FALSE
1987,"Best Music Video, Long Form",White City,"Pete Townshend (artist), Richard Lowenstein (video director)",FALSE
1987,"Best Music Video, Short Form",Dire Straits: Brothers in Arms,"Dire Straits (artist), Bill Mather (video director), Jeff Brown (video producer)",TRUE
1987,"Best Music Video, Short Form",Supertramp: Brother Where You Bound,"Supertramp (artist), Rene Daalder (video director)",FALSE
1987,Best Musical Cast Show Album,Follies in Concert.,"Thomas Z. Shepard (producer), Original 1986 Cast (artists)",TRUE
1987,Best New Age Recording,Down to the Moon.,,TRUE
1987,Best New Artist,"Bruce Hornsby & The Range, (artists)",,TRUE
1987,Best Opera Recording,Bernstein: Candide.,"New York City Opera Orchestra (artists), Elizabeth Ostrow (producer), John Mauceri (conductor), Scott Reeve (artist), Erie Mills (artist), John Lankston (artist), Jack Harrold (artist), James Billings (artist), Maris Clement (artist), Joyce Castle (artist), David Eisler (artist), Chicago Symphony Chorus (artists)",TRUE
1987,Best Polka Recording,Another Polka Celebration.,Eddie Blazonczyk's Versatones (artists),TRUE
1987,"Best Pop Instrumental Performance, (Orchestra, Group or Soloist)",Top Gun Anthem.,Top Gun,TRUE
1987,Best Pop Performance by a Duo or Group with Vocal,That's What Friends Are For.,"Dionne Warwick (artist), Elton John (artist), Gladys Knight (artist), Stevie Wonder (artist)",TRUE
1987,"Best Pop Vocal Performance, Female",The Broadway Album.,Barbra Streisand (artist),TRUE
1987,"Best Pop Vocal Performance, Male",Higher Love.,Steve Winwood (artist),TRUE
1987,"Best R&B Instrumental Performance (Orchestra, Group or Soloist)",And You Know That.,Yellowjackets (artists),TRUE
1987,Best R&B Performance by a Duo or Group with Vocal,Kiss.,"Prince (artist), The Revolution (artist)",TRUE
1987,"Best R&B Vocal Performance, Female",Rapture.,Anita Baker (artist),TRUE
1987,"Best R&B Vocal Performance, Male",Living in America.,James Brown (artist),TRUE
1987,Best Recording for Children,The Alphabet.,"Jim Henson (producer), Kathryn King (producer), Geri Van Rees (producer), Sesame Street Cast (artists)",TRUE
1987,Best Reggae Recording,Babylon The Bandit.,Steel Pulse (artists),TRUE
1987,Best Rhythm & Blues Song,Sweet Love.,"Anita Baker (artist/songwriter), Gary Bias (songwriter), Louis A. Johnson (songwriter)",TRUE
1987,"Best Rock Instrumental Performance (Orchestra, Group or Soloist)",Peter Gunn.,"The Art of Noise (artists), Duane Eddy (artist)",TRUE
1987,Best Rock Performance by a Duo or Group with Vocal,Missionary Man.,Eurythmics (artists),TRUE
1987,"Best Rock Vocal Performance, Female",Back Where You Started.,Tina Turner (artist),TRUE
1987,"Best Rock Vocal Performance, Male",Addicted to Love.,Robert Palmer (artist),TRUE
1987,"Best Soul Gospel Performance by a Duo or Group, Choir or Chorus",Let My People Go.,The Winans (artists),TRUE
1987,"Best Soul Gospel Performance, Female",I Surrender All.,Deniece Williams (artist),TRUE
1987,"Best Soul Gospel Performance, Male",Going Away.,Al Green (artist),TRUE
1987,Best Spoken Word or Non-musical Recording,Interviews From The Class Of '55 Recording Sessions.,"Johnny Cash (artist), Carl Perkins (artist), Jerry Lee Lewis (artist), Roy Orbison (artist), Sam Phillips (artist), Rick Nelson (artist), Chips Moman (artist)",TRUE
1987,Best Spoken Word or Non-musical Recording,Gulliver,John Gielgud,FALSE
1987,Best Traditional Blues Recording,Showdown!.,"Albert Collins (artist), Johnny Copeland (artist), Robert Cray (artist)",TRUE
1987,Best Traditional Folk Recording,Riding the Midnight Train.,Doc Watson (artist),TRUE
1987,Best Tropical Latin Performance,Escenas.,Rubén Blades (artist),TRUE
1987,Classical Producer of the Year,Thomas Frost (artist),,TRUE
1987,Producer of the Year (Non-Classical),"Jimmy Jam (artist), Terry Lewis (artist)",,TRUE
1987,Record of the Year,Higher Love.,"Steve Winwood (artist/producer), Russ Titelman (producer)",TRUE
1987,Song of the Year,That's What Friends Are For.,"Stevie Wonder (artist), Gladys Knight (artist), Elton John (artist), Dionne Warwick (artist), Carole Bayer Sager (songwriter), Burt Bacharach (songwriter)",TRUE
1987,Best Performance Music Video,Horowitz in Moscow,Brian Large,FALSE
1988,Album of the Year,The Joshua Tree.,"U2 (artists), Daniel Lanois (producer), Brian Eno (producer)",TRUE
1988,Best Album Notes,Thelonious Monk - The Complete Riverside Recordings.,"Thelonious Monk (artist), Orrin Keepnews (album notes writer)",TRUE
1988,Best Album Package,King's Record Shop.,"Bill Johnson (art director), Rosanne Cash (artist)",TRUE
1988,Best Album of Original Instrumental Background Score Written for a Motion Picture or Television,The Untouchables,Ennio Morricone,TRUE
1988,Best Album of Original Instrumental Background Score Written for a Motion Picture or Television,The Glass Menagerie,Henry Mancini,FALSE
1988,Best Album of Original Instrumental Background Score Written for a Motion Picture or Television,The Witches of Eastwick,John Williams,FALSE
1988,Best Arrangement on an Instrumental,Take The A Train.,"Doc Severinsen (artist), Bill Holman (arranger), The Tonight Show Band (artists)",TRUE
1988,Best Chamber Music Performance,Beethoven: The Complete Piano Trios.,"Itzhak Perlman, Lynn Harrell, Vladimir Ashkenazy",TRUE
1988,Best Choral Performance (other than opera),Hindemith: When Lilacs Last In The Dooryard Bloom'd.,"Robert Shaw (conductor), Atlanta Symphony Orchestra (artists)",TRUE
1988,Best Classical Album,Horowitz In Moscow.,"Vladimir Horowitz (artist), Thomas Frost (producer)",TRUE
1988,Best Classical Performance - Instrumental Soloist(s) (with orchestra),Mozart: Violin Concertos Nos. 2 And 4.,"Itzhak Perlman (artist), Vienna Philharmonic Orchestra and Chorus (artists)",TRUE
1988,Best Classical Performance - Instrumental Soloist(s) (without orchestra),Horowitz In Moscow.,Vladimir Horowitz (artist),TRUE
1988,Best Classical Vocal Soloist Performance,Salzburg Recital.,Kathleen Battle (artist),TRUE
1988,Best Comedy Recording,A Night At The Met.,Robin Williams: An Evening at the Met,TRUE
1988,Best Comedy Recording,Would Jesus Wear A Rolex?,Ray Stevens,FALSE
1988,Best Concept Music Video,Land of Confusion,"Genesis (artists), John Lloyd (video director), Jim Yukich (video director), Jon Blair (video producer)",TRUE
1988,Best Contemporary Blues Recording,Strong Persuader.,The Robert Cray Band (artists),TRUE
1988,Best Contemporary Composition,Penderecki: Cello Concerto No. 2.,Krzysztof Penderecki (artist),TRUE
1988,Best Contemporary Folk Recording,Unfinished Business.,Steve Goodman (artist),TRUE
1988,"Best Country Instrumental Performance (orchestra, group or soloist)",String Of Pars.,Asleep at the Wheel (artist),TRUE
1988,Best Country Performance by a Duo or Group with Vocal,Trio.,"Dolly Parton (artist), Linda Ronstadt (artist), Emmylou Harris (artist)",TRUE
1988,Best Country Song,"Forever and Ever, Amen.","Randy Travis (artist), Paul Overstreet (songwriter), Don Schlitz (songwriter)",TRUE
1988,Best Country Vocal Performance by a Duo or Group,Trio.,"Linda Ronstadt, Emmylou Harris, Dolly Parton",TRUE
1988,"Best Country Vocal Performance, Duet","Make No Mistake, She's Mine.","Kenny Rogers (artist), Ronnie Milsap (artist)",TRUE
1988,"Best Country Vocal Performance, Female",80's Ladies.,K.T. Oslin (artist),TRUE
1988,"Best Country Vocal Performance, Male",Always & Forever.,Randy Travis,TRUE
1988,"Best Engineered Recording, Classical",Faure: Requiem/Durufle: Requiem.,"Jack Renner (engineer), Robert Shaw (conductor)",TRUE
1988,"Best Engineered Recording, Non-Classical",Bad.,"Michael Jackson (artist), Bruce Swedien (engineer), Humberto Gatica (engineer)",TRUE
1988,"Best Gospel Performance by a Duo or Group, Choir or Chorus",Crack The Sky.,"Broken Heart (artist), Mylon LeFevre (artist)",TRUE
1988,"Best Gospel Performance, Female",I Believe In You.,Deniece Williams (artist),TRUE
1988,"Best Gospel Performance, Male",The Father Hath Provided.,Larnelle Harris (artist),TRUE
1988,Best Historical Album,Thelonious Monk - The Complete Riverside Recordings.,Thelonious Monk (artist),TRUE
1988,Best Instrumental Arrangement Accompanying Vocal(s),Deedles' Blues.,"Count Basie (artists), Diane Schuur (artist), Frank Foster (arranger)",TRUE
1988,Best Instrumental Composition,Call Sheet Blues (various artists).,"Dexter Gordon (artist), Ron Carter (composer), Herbie Hancock (composer), Billy Higgins (composer), Wayne Shorter (composer)",TRUE
1988,"Best Jazz Fusion Performance, Vocal or Instrumental",Still Life (Talking).,Pat Metheny (artists),TRUE
1988,"Best Jazz Instrumental Performance, Big Band",Digital Duke.,Mercer Ellington (artist),TRUE
1988,"Best Jazz Instrumental Performance, Group",Marsalis Standard Time - Volume I.,Wynton Marsalis (artist),TRUE
1988,"Best Jazz Instrumental Performance, Soloist",The Other Side Of Round Midnight.,Dexter Gordon (artist),TRUE
1988,"Best Jazz Vocal Performance, Female",Diane Schuur & The Count Basie Orchestra.,Diane Schuur (artist),TRUE
1988,"Best Jazz Vocal Performance, Male",What Is This Thing Called Love.,Bobby McFerrin (artist),TRUE
1988,Best Latin Pop Performance,Un Hombre Solo.,Julio Iglesias (artist),TRUE
1988,Best Mexican-American Performance,Gracias! America Sin Fronteras.,Los Tigres del Norte (artists),TRUE
1988,Best Musical Cast Show Album,Les Miserables.,"Claude-Michel Schönberg (composer/producer), Alain Boublil (lyricist/producer), Herbert Kretzmer (lyricist)",TRUE
1988,Best New Age Performance,Yusef Lateef's Little Symphony.,Yusef Lateef (artist),TRUE
1988,Best New Artist,Jody Watley (artist),,TRUE
1988,Best Opera Recording,R. Strauss: Ariadne Auf Naxos.,"James Levine (conductor), Cord Garben (producer), Vienna Philharmonic Orchestra and Chorus (artists), Agnes Baltsa (artist), Kathleen Battle (artist), Gary Lakes (artist), Hermann Prey (artist), Anna Tomowa-Sintow (artist)",TRUE
1988,Best Orchestral Recording,Beethoven: Symphony No. 9 In D Minor.,"Georg Solti (conductor), Chicago Symphony Orchestra (artists)",TRUE
1988,Best Performance Music Video,The Prince's Trust All-Star Rock Concert. (Various Artists),Anthony Eaton (video producer),TRUE
1988,Best Polka Recording,A Polka Just For Me.,Jimmy Sturr (artist),TRUE
1988,"Best Pop Instrumental Performance (Orchestra, Group or Soloist)",Minute by Minute.,Larry Carlton (artist),TRUE
1988,Best Pop Performance By A Duo Or Group With Vocal,(I've Had) The Time Of My Life.,"Bill Medley (artist), Jennifer Warnes (artist)",TRUE
1988,Best Pop Performance By A Duo Or Group With Vocal,Big Generator.,Yes,FALSE
1988,"Best Pop Vocal Performance, Female",I Wanna Dance with Somebody (Who Loves Me).,Whitney Houston (artist),TRUE
1988,"Best Pop Vocal Performance, Male",Bring On The Night.,Sting (artist),TRUE
1988,"Best R&B Instrumental Performance (Orchestra, Group or Soloist)",Chicago Song.,David Sanborn (artist),TRUE
1988,Best R&B Performance by a Duo or Group with Vocal,I Knew You Were Waiting (For Me).,"Aretha Franklin (artist), George Michael (artist)",TRUE
1988,"Best R&B Vocal Performance, Female",Aretha.,Aretha Franklin (artist),TRUE
1988,"Best R&B Vocal Performance, Male",Just to See Her.,Smokey Robinson (artist),TRUE
1988,Best Rap Performance,Parents Just Don't Understand,"Will Smith, DJ Jazzy Jeff",TRUE
1988,Best Recording for Children,The Elephant's Child.,"Bobby McFerrin (artist), Jack Nicholson (artist)",TRUE
1988,Best Reggae Recording,No Nuclear War.,Peter Tosh (artist),TRUE
1988,Best Rhythm & Blues Song,Lean On Me.,"Club Nouveau (artist), Bill Withers (songwriter)",TRUE
1988,"Best Rock Instrumental Performance (Orchestra, Group or Soloist)",Jazz from Hell.,Frank Zappa (artist),TRUE
1988,Best Rock Performance by a Duo or Group with Vocal,The Joshua Tree.,U2 (artist),TRUE
1988,"Best Rock Vocal Performance, Solo",Tunnel of Love.,Bruce Springsteen (artist),TRUE
1988,Best Song Written Specifically for a Motion Picture or Television,Somewhere Out There.,"James Ingram (artist), Linda Ronstadt (artist), Barry Mann (songwriter), James Horner (songwriter), Cynthia Weil (songwriter)",TRUE
1988,Best Song Written Specifically for a Motion Picture or for Television,Somewhere Out There.,An American Tail,TRUE
1988,Best Song Written Specifically for a Motion Picture or for Television,Nothing's Gonna Stop Us Now.,Mannequin,FALSE
1988,Best Song Written Specifically for a Motion Picture or for Television,Who's That Girl.,Who's That Girl,FALSE
1988,"Best Soul Gospel Performance by a Duo or Group, Choir or Chorus",Ain't No Need To Worry.,"Anita Baker (artist), The Winans (artists)",TRUE
1988,"Best Soul Gospel Performance, Female",For Always.,CeCe Winans (artist),TRUE
1988,"Best Soul Gospel Performance, Male",Everything's Gonna Be Alright.,Al Green (artist),TRUE
1988,Best Spoken Word Album,Lake Wobegon Days,Garrison Keillor,TRUE
1988,Best Traditional Blues Recording,Houseparty New Orleans Style.,Henry 'Professor Longhair' Byrd (artist),TRUE
1988,Best Traditional Folk Recording,Shaka Zulu.,"Ladysmith Black Mambazo, (artist)",TRUE
1988,Best Tropical Latin Performance,La Verdad - The Truth,Eddie Palmieri (artist),TRUE
1988,Classical Producer of the Year,Robert Woods (producer),,TRUE
1988,"Producer of the Year, (Non Classical)",Narada Michael Walden (producer),,TRUE
1988,Record of the Year,Graceland.,Paul Simon (producer),TRUE
1988,Song of the Year,Somewhere Out There.,An American Tail,TRUE
1988,Song of the Year,La Bamba.,La Bamba,FALSE
1988,Song of the Year,Luka.,Suzanne Vega (songwriter and performer),FALSE
1988,Best Country Vocal Performance - Female,King's Record Shop.,Rosanne Cash,FALSE
1988,Best Pop Performance by a Duo or Group with Vocal,Somewhere Out There.,An American Tail,FALSE
1988,Best Rock Vocal Performance by a Duo or Group,For the album 'Bad Animals'.,Heart,FALSE
1989,Album of the Year,Faith.,George Michael (artist/producer),TRUE
1989,Album of the Year,Roll With It.,Steve Winwood (artist),FALSE
1989,Album of the Year,For 'Tracy Chapman',Tracy Chapman (artist),FALSE
1989,Best Album Notes,Crossroads.,"Eric Clapton (artist), Anthony DeCurtis (notes writer)",TRUE
1989,Best Album Notes,Show Boat.,"London Sinfonietta (artists), John McGlinn (artist), Lillian Gish (artist), Nancy Kulp (artist), Teresa Stratas (artist), Jerry Hadley (artist), Frederica von Stade (artist)",FALSE
1989,Best Album Package,Tired of Runnin'.,"The O'Kanes (artists), Bill Johnson (art director)",TRUE
1989,Best Album Package,Bete Noire.,Bryan Ferry (artist),FALSE
1989,Best Album Package,Picture This.,Valentine Brothers (artists),FALSE
1989,Best Album of Original Instrumental Background Score Written for a Motion Picture or Television,The Last Emperor,"David Byrne, Cong Su, Ryuichi Sakamoto",TRUE
1989,Best Album of Original Instrumental Background Score Written for a Motion Picture or Television,Fatal Attraction,Maurice Jarre,FALSE
1989,Best Album of Original Instrumental Background Score Written for a Motion Picture or Television,Who Framed Roger Rabbit,Alan Silvestri,FALSE
1989,Best Arrangement on an Instrumental,Memos From Paradise.,"Eddie Daniels (artist), Roger Kellaway (arranger)",TRUE
1989,Best Arrangement on an Instrumental,Suite from The Thorn Birds.,"Henry Mancini (artist), R.P.O. Pops (artists)",FALSE
1989,Best Arrangement on an Instrumental,A Night in Tunisia.,Turtle Island String Quartet (artists),FALSE
1989,Best Bluegrass Recording (vocal or instrumental),Southern Flavor.,Bill Monroe (artist),TRUE
1989,Best Bluegrass Recording (vocal or instrumental),Home Is Where the Heart Is.,David Grisman (artist),FALSE
1989,Best Bluegrass Recording (vocal or instrumental),"Fifteenth Anniversary Celebration, Live at the Kennedy Center.",Seldom Scene & Their Very Special Guests (artists),FALSE
1989,Best Chamber Music Performance,Bartók: Sonata for Two Pianos & Percussion.,"Georg Solti (artist), Murray Perahia (artist), Evelyn Glennie (artist), David Corkhill (artist)",TRUE
1989,Best Chamber Music Performance,Dvorak: String Quartet in F (American Quartet); Smetana: String Quartet in E Minor (From My Life).,Guarneri Quartet (artists),FALSE
1989,Best Chamber Music Performance,"Hindemith: Viola Sonata Op. 11, No. 4; Violin Sonata, 4; Op. 25, No. 4; Violin Sonatas,'37.","Robert Levin (artist), Kim Kashkashian (artist)",FALSE
1989,Best Classical Album,Verdi: Requiem & Operatic Choruses.,"Atlanta Symphony Orchestra (artist), Robert Woods (producer), Robert Shaw (conductor)",TRUE
1989,Best Classical Performance - Instrumental Soloist (without orchestra),"Albéniz: Iberia, Navarra, Suite Espagnola.",Alicia de Larrocha (artist),TRUE
1989,Best Classical Performance - Instrumental Soloist (without orchestra),"Bach: The Well-Tempered Clavier, Book 1.",Keith Jarrett (artist),FALSE
1989,Best Classical Performance - Instrumental Soloist (without orchestra),"Mozart: Piano Sonata No.– in B Flat, K. 333.",Vladimir Horowitz (artist),FALSE
1989,Best Classical Performance - Instrumental Soloist(s) (with orchestra),Mozart: Piano Concerto No. 23 in A.,"La Scala Opera Orchestra (artist), Vladimir Horowitz (artist), Carlo Maria Giulini (conductor)",TRUE
1989,Best Classical Performance - Instrumental Soloist(s) (with orchestra),Dutilleux: L'Arbre des Songes - Concerto for Violin and Orchestra.,"Isaac Stern (artist), Lorin Maazel (conductor), Orchestre national de France (artists)",FALSE
1989,Best Classical Performance - Instrumental Soloist(s) (with orchestra),"Baroque Music for Trumpets (Vivaldi, Telemann, Pachelbel, Haydn, von Biber)","Wynton Marsalis (artist), Raymond Leppard (conductor), English Chamber Orchestra (artists)",FALSE
1989,Best Classical Performance - Instrumental Soloist(s) (with orchestra),"Bartok: Works for Piano and Orchestra (Concerto No. 1, Concerto No. 2, Rhapsody for Piano and Orches.","Zoltán Kocsis (artist), Iván Fischer (conductor), Budapest Festival Orchestra (artists)",FALSE
1989,Best Classical Vocal Soloist Performance,Luciano Pavarotti in Concert.,"Luciano Pavarotti (artist), Symphony Orchestra of Amelia Romangna (artist), Emerson Buckley (conductor)",TRUE
1989,Best Classical Vocal Soloist Performance,Schubert: Winterreise.,"Christa Ludwig (artist), James Levine (artist)",FALSE
1989,Best Classical Vocal Soloist Performance,"Handel, Schubert, Schumann: Lieder.","Jessye Norman (artist), Geoffrey Parsons (artist)",FALSE
1989,Best Comedy Recording,Even Worse.,"Good Morning, Vietnam",TRUE
1989,Best Comedy Recording,Fontaine : Why Am I Straight,George Carlin: What Am I Doing in New Jersey?,FALSE
1989,Best Concept Music Video,Weird Al Yankovic: Fat,"'Weird Al' Yankovic (artist), Jay Levey (video director), Susan Zwerman (video producer)",TRUE
1989,Best Concept Music Video,Neil Young: This Note's for You,"Neil Young (artist), Julien Temple (video director), Lynn Rose Higgins (video producer)",FALSE
1989,Best Contemporary Blues Recording,Don't Be Afraid of the Dark.,The Robert Cray Band (artist),TRUE
1989,Best Contemporary Blues Recording,Seven Year Itch.,Etta James (artist),FALSE
1989,Best Contemporary Blues Recording,LOW-COMMOTION.,Ry Cooder (artist),FALSE
1989,Best Contemporary Composition,Adams: Nixon in China.,"John Adams (composer), Orchestra of St. Luke's (artist), Edo de Waart (conductor)",TRUE
1989,Best Contemporary Composition,A Quiet Place.,"Leonard Bernstein (conductor), Austrian Radio Symphony Orchestra (artists)",FALSE
1989,Best Contemporary Composition,Amour.,Suzanne Stephens (artist),FALSE
1989,Best Contemporary Folk Album,Tracy Chapman.,Tracy Chapman,TRUE
1989,Best Contemporary Folk Album,Short Sharp Shocked.,Michelle Shocked (artist),FALSE
1989,"Best Country Instrumental Performance (orchestra, group or soloist)",Sugarfoot Rag.,Asleep at the Wheel (artist),TRUE
1989,Best Country Performance by a Duo or Group with Vocal,Give a Little Love.,The Judds (artist),TRUE
1989,Best Country Performance by a Duo or Group with Vocal,Highway 101 - 2.,Highway 101 (artist),FALSE
1989,Best Country Performance by a Duo or Group with Vocal,Gonna Take a Lot of River.,The Oak Ridge Boys (artists),FALSE
1989,Best Country Song,Hold Me.,K.T. Oslin (songwriter),TRUE
1989,Best Country Song,She's No Lady.,Lyle Lovett (artist),FALSE
1989,Best Country Song,I Couldn't Leave You if I Tried.,Rodney Crowell (artist),FALSE
1989,Best Country Vocal Collaboration,Crying.,"Roy Orbison (artist), k.d. lang (artist)",TRUE
1989,Best Country Vocal Collaboration,We Believe in Happy Endings.,"Earl Thomas Conley (artist), Emmylou Harris (artist)",FALSE
1989,Best Country Vocal Collaboration,It's Such a Small World.,"Rodney Crowell (artist), Rosanne Cash (artist)",FALSE
1989,"Best Country Vocal Performance, Female",Hold Me.,K.T. Oslin (artist),TRUE
1989,"Best Country Vocal Performance, Male",Old 8x10.,Randy Travis (artist),TRUE
1989,"Best Country Vocal Performance, Male",Buenas Noches from a Lonely Room.,Dwight Yoakam (artist),FALSE
1989,"Best Country Vocal Performance, Male",Diamonds and Dirt.,Rodney Crowell (artist),FALSE
1989,"Best Engineered Recording, Classical",Verdi: Requiem & Operatic Choruses.,"Atlanta Symphony Orchestra (artists), Robert Shaw (conductor), Jack Renner (engineer)",TRUE
1989,"Best Engineered Recording, Classical",Bruckner: Symphony No. 7 in E.,"Georg Solti (conductor), Chicago Symphony Orchestra (artists)",FALSE
1989,"Best Engineered Recording, Classical",Beethoven: Missa Solemnis; Mozart: Great C Minor Mass.,"Robert Shaw (conductor), Atlanta Symphony Orchestra (artists)",FALSE
1989,"Best Engineered Recording, Non-Classical",Roll With It.,"Tom Lord Alge (engineer), Steve Winwood (artist)",TRUE
1989,"Best Engineered Recording, Non-Classical",Facets.,Doc Severinsen (artist),FALSE
1989,"Best Engineered Recording, Non-Classical",Let It Roll.,Little Feat (artist),FALSE
1989,Best Female Pop Vocal Performance,Fast Car.,Tracy Chapman,TRUE
1989,Best Female Pop Vocal Performance,Chalk Mark in the Rain Storm.,Joni Mitchell (artist),FALSE
1989,Best Female Pop Vocal Performance,One Moment In Time.,Whitney Houston (artist),FALSE
1989,Best Female R&B Vocal Performance,Giving You the Best That I Got,Anita Baker,TRUE
1989,Best Female R&B Vocal Performance,Girlfriend,Pebbles,FALSE
1989,Best Female R&B Vocal Performance,Right Stuff,Vanessa Williams,FALSE
1989,"Best Gospel Performance by a Duo or Group, Choir or Chorus",The Winans Live at Carnegie Hall.,The Winans (artists),TRUE
1989,"Best Gospel Performance by a Duo or Group, Choir or Chorus",D&K.,DeGarmo and Key (artists),FALSE
1989,"Best Gospel Performance by a Duo or Group, Choir or Chorus",Doing It by the Book.,The Whites (artists),FALSE
1989,"Best Gospel Performance, Female",Lead Me On.,Amy Grant (artist),TRUE
1989,"Best Gospel Performance, Female",Do You Hear What I Hear?.,Deniece Williams (artist),FALSE
1989,"Best Gospel Performance, Female",Almighty God.,Sandi Patty (artist),FALSE
1989,"Best Gospel Performance, Male",Christmas.,Larnelle Harris (artist),TRUE
1989,"Best Gospel Performance, Male",Russ Taff.,Russ Taff (artist),FALSE
1989,"Best Gospel Performance, Male",Real Life Conversations.,Steven Curtis Chapman (artist),FALSE
1989,Best Hard Rock/Metal Performance Vocal or Instrumental,Crest of a Knave.,Jethro Tull (artists),TRUE
1989,Best Hard Rock/Metal Performance Vocal or Instrumental,Cold Metal.,Iggy Pop (artist),FALSE
1989,Best Hard Rock/Metal Performance Vocal or Instrumental,And Justice For All.,Metallica (artists),FALSE
1989,Best Historical Album,Crossroads.,"Bill Levenson (producer), Eric Clapton (artist)",TRUE
1989,Best Historical Album,Classic Hoagy Carmichael,Hoagy Carmichael (artist),FALSE
1989,Best Instrumental Arrangement Accompanying Vocal(s),No One Is Alone.,"Cleo Laine (artist), Jonathan Tunick (arranger)",TRUE
1989,Best Instrumental Composition,The Batman Theme.,Danny Elfman (composer),TRUE
1989,Best Jazz Fusion Performance,Politics.,Yellowjackets (artists),TRUE
1989,Best Jazz Fusion Performance,John Patitucci.,John Patitucci (artist),FALSE
1989,Best Jazz Fusion Performance,Amaretto.,Tom Scott (artist),FALSE
1989,Best Jazz Instrumental Performance Soloist (On a Jazz Recording),Don't Try This at Home.,Michael Brecker (artist),TRUE
1989,Best Jazz Instrumental Performance Soloist (On a Jazz Recording),Music from Siesta.,Miles Davis (artist),FALSE
1989,Best Jazz Instrumental Performance Soloist (On a Jazz Recording),The Wynton Marsalis Quartet Live at Blues Alley.,Wynton Marsalis (artist),FALSE
1989,"Best Jazz Instrumental Performance, Big Band",Bud and Bird.,"Monday Night Orchestra (artists), Gil Evans (artist)",TRUE
1989,"Best Jazz Instrumental Performance, Group",Blues for Coltrane: A Tribute to John Coltrane.,"McCoy Tyner (artist), Pharoah Sanders (artist), David Murray (artist), Cecil McBee (artist), Roy Haynes (artist)",TRUE
1989,"Best Jazz Vocal Performance, Duo or Group",Spread Love.,Take 6 (artists),TRUE
1989,"Best Jazz Vocal Performance, Duo or Group",One More Rose.,"Jackie Cain (artist), Roy Krat (artist)",FALSE
1989,"Best Jazz Vocal Performance, Duo or Group",Strings 'n' Swing I Remember Bird.,The Cunninghams (artists),FALSE
1989,"Best Jazz Vocal Performance, Female",Look What I Got!.,Betty Carter (artist),TRUE
1989,"Best Jazz Vocal Performance, Female",The Men in My Life.,Lena Horne (artist),FALSE
1989,"Best Jazz Vocal Performance, Female",Autumn Leaves.,Rickie Lee Jones (artist),FALSE
1989,"Best Jazz Vocal Performance, Male",Brothers.,Bobby McFerrin (artist),TRUE
1989,"Best Jazz Vocal Performance, Male",September Ballads.,Mark Murphy (artist),FALSE
1989,"Best Jazz Vocal Performance, Male",Ever Since the World Ended.,Mose Allison (artist),FALSE
1989,Best Latin Pop Performance,Roberto Carlos.,Roberto Carlos (artist),TRUE
1989,Best Latin Pop Performance,Soy Asî.,José José (artist),FALSE
1989,Best Latin Pop Performance,Las Apariencias Engañan.,Raphael (artist),FALSE
1989,Best Male R&B Vocal Performance,Introducing the Hardline According to Terence Trent D'Arby,Terence Trent D'Arby,TRUE
1989,Best Male R&B Vocal Performance,Any Love,Luther Vandross,FALSE
1989,Best Male R&B Vocal Performance,Joy,Teddy Pendergrass,FALSE
1989,Best Mexican-American Performance,Canciones de Mi Padre.,Linda Ronstadt (artist),TRUE
1989,Best Mexican-American Performance,No Me Olvidarás.,José Javier Solís (artist),FALSE
1989,Best Mexican-American Performance,Vida Nueva.,Los Freddy's (artist),FALSE
1989,Best Mexican-American Performance,Pétalo y Espinas.,Los Yonics (artists),FALSE
1989,Best Musical Cast Show Album,Into the Woods (various artists).,"Jay David Saks (producer), Stephen Sondheim (composer/lyricist)",TRUE
1989,Best New Age Performance,Folksongs for a Nuclear Village.,Shadowfax (artists),TRUE
1989,Best New Artist,Tracy Chapman,,TRUE
1989,Best New Artist,Take 6,,FALSE
1989,Best New Artist,Vanessa Williams,,FALSE
1989,Best Opera Recording,Wagner: Lohengrin.,"Plácido Domingo (artist), Vienna State Opera Orchestra (artist), Hans Sotin (artist), Eva Randová (artist), Jessye Norman (artist), Siegmund Nimsgern (artist), Dietrich Fischer-Dieskau (artist), Georg Solti (conductor), Christopher Raeburn (producer)",TRUE
1989,Best Opera Recording,Mozart: Idomeneo.,"John Pritchard (conductor), Vienna Philharmonic Orchestra and Chorus (artists), Luciano Pavarotti (artist), Agnes Baltsa (artist), Lucia Popp (artist), Edita Gruberova (artist), Leo Nucci (artist)",FALSE
1989,Best Opera Recording,Puccini: La Boheme.,"Leonard Bernstein (conductor), Orchestra dell'Accademia Nazionale di Santa Cecilia (artists), Angelina Réaux (artist), Jerry Hadley (artist), Barbara Daniels (artist), Thomas Hampson (artist)",FALSE
1989,Best Orchestral Recording,Rorem: String Symphony; Sunday Morning; Eagles.,"Atlanta Symphony Orchestra (artist), Robert Shaw (conductor), Louis Lane (conductor), Robert Woods (producer)",TRUE
1989,Best Performance Music Video,Where The Streets Have No Name.,"U2 (artist), Meiert Avis (director), Ben Dossett (producer), Michael Hamlyn (producer)",TRUE
1989,Best Polka Recording,Born to Polka.,Jimmy Sturr (artist),TRUE
1989,Best Polka Recording,Join the Polka Generation.,Lenny Gomulka's Chicago Push (artists),FALSE
1989,Best Polka Recording,All Aboard It's Polka Time.,Walter Ostanek (artist),FALSE
1989,"Best Pop Instrumental Performance (Orchestra, Group Or Soloist)",Close Up.,David Sanborn (artist),TRUE
1989,"Best Pop Instrumental Performance (Orchestra, Group Or Soloist)",Silhouette.,Kenny G (artist),FALSE
1989,"Best Pop Instrumental Performance (Orchestra, Group Or Soloist)",Music from L.A. Law and Otherwise.,Mike Post (artist),FALSE
1989,Best Pop Performance by a Duo or Group with Vocal,Brasil.,The Manhattan Transfer (artists),TRUE
1989,"Best Pop Vocal Performance, Female",Fast Car.,Tracy Chapman (artist),TRUE
1989,"Best Pop Vocal Performance, Female",Chalk Mark in the Rain Storm.,Joni Mitchell (artist),FALSE
1989,"Best Pop Vocal Performance, Female",One Moment In Time,Whitney Houston (artist),FALSE
1989,"Best Pop Vocal Performance, Male","Don't Worry, Be Happy.",Bobby McFerrin (artist),TRUE
1989,"Best Pop Vocal Performance, Male", A Groovy Kind Of Love.,Phil Collins (artist),FALSE
1989,"Best Pop Vocal Performance, Male",Be Still My Beating Heart.,Sting (artist),FALSE
1989,"Best R&B Instrumental Performance (Orchestra, Group or Soloist)",Light Years.,Chick Corea (artist),TRUE
1989,Best R&B Performance by a Duo or Group with Vocals,Love Overboard,Gladys Knight & The Pips,TRUE
1989,Best R&B Performance by a Duo or Group with Vocals,If It Isn't Love,New Edition,FALSE
1989,Best R&B Performance by a Duo or Group with Vocals,Rocket 2 U,The Jets,FALSE
1989,Best Rap Performance,Parents Just Don't Understand.,DJ Jazzy Jeff & The Fresh Prince (artists),TRUE
1989,Best Rap Performance,Wild Wild West.,Kool Moe Dee (artist),FALSE
1989,Best Rap Performance,Going Back To Cali,LL Cool J,FALSE
1989,Best Recording for Children,Pecos Bill,"Robin Williams (artist), Mark Sottnick (producer), Ry Cooder (producer/composer)",TRUE
1989,Best Recording for Children,The Legend of Sleepy Hollow,Glenn Close,FALSE
1989,Best Recording for Children,For the Album The Tale of Peter Rabbit,Meryl Streep,FALSE
1989,Best Reggae Recording,Conscious Party.,Ziggy Marley and the Melody Makers (artists),TRUE
1989,Best Reggae Recording,Hanging Fire.,Jimmy Cliff (artist),FALSE
1989,Best Reggae Recording,UB40,UB40 (artists),FALSE
1989,Best Rhythm & Blues Song,Giving You the Best That I Got,"Anita Baker (artist/songwriter), Randy Holland (songwriter), Skip Scarborough (songwriter)",TRUE
1989,Best Rhythm & Blues Song,I'll Always Love You.,Jimmy George (artist),FALSE
1989,Best Rhythm & Blues Song,Any Love.,"Luther Vandross (artist), Marcus Miller (artist)",FALSE
1989,Best Rock Instrumental,Blues for Salvador.,Carlos Santana (artist),TRUE
1989,Best Rock Instrumental,For the song 'Writes of Winter'.,Jimmy Page,FALSE
1989,Best Rock Instrumental,Hide Away.,The Jeff Healey Band (artist),FALSE
1989,Best Rock Performance by a Duo or Group with Vocal,Desire.,U2 (artists),TRUE
1989,"Best Rock Vocal Performance, Female",Tina Live in Europe.,Tina Turner (artist),TRUE
1989,"Best Rock Vocal Performance, Male",Simply Irresistible.,Robert Palmer (artist),TRUE
1989,"Best Rock Vocal Performance, Male",Unchain My Heart.,Joe Cocker (artist),FALSE
1989,"Best Rock Vocal Performance, Male",Forever Young.,Rod Stewart (artist),FALSE
1989,Best Song Written Specifically for a Motion Picture or Television,Two Hearts.,"Phil Collins (artist/songwriter), Lamont Dozier (songwriter)",TRUE
1989,Best Song Written Specifically for a Motion Picture or Television,One Moment in Time (1988 Summer Olympic Album One Moment in Time).,Whitney Houston (artist),FALSE
1989,Best Song Written Specifically for a Motion Picture or for Television,Two Hearts.,Buster,TRUE
1989,Best Song Written Specifically for a Motion Picture or for Television,Century's End.,"Bright Lights, Big City",FALSE
1989,Best Song Written Specifically for a Motion Picture or for Television,Cry Freedom.,Cry Freedom,FALSE
1989,"Best Soul Gospel Performance by a Duo or Group, Choir or Chorus",Take 6.,Take 6 (artists),TRUE
1989,"Best Soul Gospel Performance by a Duo or Group, Choir or Chorus",That Name.,Edwin Hawkins (artist),FALSE
1989,"Best Soul Gospel Performance by a Duo or Group, Choir or Chorus",Ron Winans Family and Friends Choir.,Ronald Winans Family & Friends Choir (artist),FALSE
1989,"Best Soul Gospel Performance, Female","One Lord, One Faith, One Baptism.",Aretha Franklin (artist),TRUE
1989,"Best Soul Gospel Performance, Female",Live ...in Chicago.,Shirley Caesar (artist),FALSE
1989,"Best Soul Gospel Performance, Female",Pressing On.,Vanessa Bell Armstrong (artist),FALSE
1989,"Best Soul Gospel Performance, Male",Abundant Life.,BeBe Winans (artist),TRUE
1989,"Best Soul Gospel Performance, Male",Back to the Cross.,Melvin Williams (artist),FALSE
1989,"Best Soul Gospel Performance, Male",solo tracks from Special Gift.,Walter Hawkins (artist),FALSE
1989,Best Spoken Word Album,"Speech by Rev. Jesse Jackson, July 27.",Jesse Jackson (artist),TRUE
1989,Best Spoken Word Album,The Screwtape Letters.,John Cleese (artist),FALSE
1989,Best Spoken Word Album,Winters' Tale.,Jonathan Winters (artist),FALSE
1989,Best Traditional Blues Recording,Hidden Charms.,Willie Dixon (artist),TRUE
1989,Best Traditional Blues Recording,Live at Antone's Nightclub.,James Cotton (artist),FALSE
1989,Best Traditional Blues Recording,Saturday Night Zydecko.,Rockin Dopsie Jr. (artist),FALSE
1989,Best Traditional Folk Recording,Folkways - A Vision Shared: A Tribute to Woody Guthrie & Leadbelly (various artists).,"Ralph Rinzler (producer), Joe McEwen (producer), Harold Leventhal (producer), Don DeVito (producer)",TRUE
1989,Best Traditional Folk Recording,Le Mystere des Voix Bulgares.,Bulgarian State Radio & Television Female Vocal Choir (artists),FALSE
1989,Best Traditional Folk Recording,Irish Heartbeat.,"Van Morrison (artist), The Chieftains (artists)",FALSE
1989,Best Tropical Latin Performance,Antecedente.,Rubén Blades (artist),TRUE
1989,Best Tropical Latin Performance,Salsobita.,"Johnny Pacheco (artist), Pete 'El Conde' Rodriguez (artist)",FALSE
1989,Best Tropical Latin Performance,Mister E..,Pete Escovedo (artist),FALSE
1989,Classical Producer of the Year,Robert Woods (producer),,TRUE
1989,Classical Producer of the Year,Joanna Nickrenz (producer),,FALSE
1989,Classical Producer of the Year,Thomas Frost (producer),,FALSE
1989,"Producer of the Year, (Non-Classical)",Neil Dorfsman (producer),,TRUE
1989,"Producer of the Year, (Non-Classical)","L.A. Reid (producer), Kenneth 'Babyface' Edmonds (producer)",,FALSE
1989,"Producer of the Year, (Non-Classical)",Thomas Dolby (producer),,FALSE
1989,Record of the Year,"Don't Worry, Be Happy.","Linda Goldstein (producer), Bobby McFerrin (artist)",TRUE
1989,Record of the Year,Man In The Mirror.,Michael Jackson (artist),FALSE
1989,Record of the Year,Fast Car.,Tracy Chapman (artist),FALSE
1989,Song of the Year,"Don't Worry, Be Happy.",Bobby McFerrin (artist),TRUE
1989,Song of the Year,Piano in the Dark.,"Brenda Russell, Jeff Hall, Scott Cutler",FALSE
1989,Song of the Year,Fast Car.,Tracy Chapman,FALSE
1989,Trustees Award,Cole Porter,,TRUE
1989,Trustees Award,Walt Disney,,TRUE
1989,Best Choral Performance (other than opera),Verdi: Requiem & Operatic Choruses.,"Atlanta Symphony Orchestra (artist), Robert Shaw (conductor)",FALSE
1990,Album of the Year,Nick Of Time,"Bonnie Raitt (artist), Don Was (producer)",TRUE
1990,Best Album Notes,Bird - The Complete Charlie Parker On Verve,"Phil Schaap (album notes writer), Charlie Parker (artist)",TRUE
1990,Best Album Package,Sound + Vision,"David Bowie (artist), Roger Corman (art director)",TRUE
1990,Best Album of Original Instrumental Background Score Written for a Motion Picture or Television,The Fabulous Baker Boys,Dave Grusin,TRUE
1990,Best Album of Original Instrumental Background Score Written for a Motion Picture or Television,Field of Dreams,James Horner,FALSE
1990,Best Album of Original Instrumental Background Score Written for a Motion Picture or Television,Passion.,The Last Temptation of Christ,FALSE
1990,Best Arrangement on an Instrumental,Suite From The Milagro Beanfield War,Dave Grusin (arranger),TRUE
1990,Best Bluegrass Recording,The Valley Road,"Bruce Hornsby (artist), Nitty Gritty Dirt Band (artist)",TRUE
1990,Best Chamber Music Performance,Bartók: 6 String Quartets,Emerson String Quartet (artist),TRUE
1990,Best Choral Performance (other than opera),Britten: War Requiem,"Atlanta Symphony Orchestra (artist), Robert Shaw (artist)",TRUE
1990,Best Classical Album,Bartók: 6 String Quartets,"Wolf Erichson (producer), Emerson String Quartet (artist)",TRUE
1990,Best Classical Performance - Instrumental Soloist (without orchestra),Bach: English Suites,András Schiff (artist),TRUE
1990,"Best Classical Performance, Instrumental Soloist (with orchestra)","Barber: Cello Concerto, Op. 22/Britten: Symphony For Cello And Orchestra, Op. 68","The Baltimore Symphony Orchestra (artist), Yo-Yo Ma (artist)",TRUE
1990,Best Classical Vocal Soloist Performance,"Knoxville - Summer Of 1915 (Music Of Barber, Menotti, Harbison, Stravinsky)",Orchestra of St. Luke's (artist),TRUE
1990,Best Comedy Recording,P.D.Q. Bach: 1712 Overture and Other Musical Assaults.,Peter Schickele,TRUE
1990,Best Contemporary Blues Recording,In Step,"Stevie Ray Vaughan (artist), Double Trouble (artist)",TRUE
1990,Best Contemporary Composition,Reich: Different Trains,Steve Reich (composer),TRUE
1990,Best Contemporary Folk Recording,Indigo Girls,Indigo Girls (artist),TRUE
1990,Best Country Instrumental Performance,Amazing Grace,Randy Scruggs (artist),TRUE
1990,Best Country Performance by a Duo or Group with Vocal,Will The Circle Be Unbroken Vol. 2,Nitty Gritty Dirt Band (artist),TRUE
1990,Best Country Song,After All This Time,Rodney Crowell (songwriter),TRUE
1990,Best Country Vocal Collaboration,There's A Tear In My Beer,"Hank Williams Jr. (artist), Hank Williams (artist)",TRUE
1990,"Best Country Vocal Performance, Female",Absolute Torch And Twang,k.d. lang (artist),TRUE
1990,"Best Country Vocal Performance, Male",Lyle Lovett And His Large Band,Lyle Lovett (artist),TRUE
1990,"Best Engineered Recording, Classical",Britten: War Requiem,"Robert Shaw (conductor), Jack Renner (engineer)",TRUE
1990,"Best Engineered Recording, Non-Classical",Cry Like A Rainstorm - Howl Like The Wind,"George Massenburg (engineer), Linda Ronstadt (artist)",TRUE
1990,"Best Gospel Vocal Performance by a Duo or Group, Choir or Chorus",The Savior Is Waiting,Take 6 (artist),TRUE
1990,"Best Gospel Vocal Performance, Female",Don't Cry,CeCe Winans (artist),TRUE
1990,"Best Gospel Vocal Performance, Male",Meantime,BeBe Winans (artist),TRUE
1990,Best Hard Rock Performance,Cult Of Personality,Living Colour (artist),TRUE
1990,Best Historical Album,Chuck Berry - The Chess Box,Chuck Berry (artist),TRUE
1990,Best Instrumental Arrangement Accompanying Vocals,My Funny Valentine,"Dave Grusin (arranger), Michelle Pfeiffer (artist)",TRUE
1990,Best Instrumental Composition,Batman Theme.,Batman,TRUE
1990,Best Jazz Fusion Performance,Letter From Home,Pat Metheny (artist),TRUE
1990,"Best Jazz Instrumental Performance, Big Band",Aura,Miles Davis (artist),TRUE
1990,"Best Jazz Instrumental Performance, Group",Chick Corea Akoustic Band,Chick Corea Akoustic Band (artist),TRUE
1990,"Best Jazz Instrumental Performance, Soloist (On a Jazz Recording)",Aura,Miles Davis (artist),TRUE
1990,"Best Jazz Vocal Performance, Duo or Group",Makin' Whoopee,"Dr. John (artist), Rickie Lee Jones (artist)",TRUE
1990,"Best Jazz Vocal Performance, Female",Blues On Broadway,Ruth Brown (artist),TRUE
1990,"Best Jazz Vocal Performance, Male",When Harry Met Sally,Harry Connick Jr. (artist),TRUE
1990,Best Latin Pop Performance,Cielito Lindo,José Feliciano (artist),TRUE
1990,Best Metal Performance,One,Metallica (artist),TRUE
1990,Best Mexican-American Performance,La Pistola y El Corazon,Los Lobos (artist),TRUE
1990,Best Music Video - Long Form,Rhythm Nation 1814,"Janet Jackson (artist), Dominic Sena (video director), Jonathan Dayton (video director/video producer), Valerie Faris (video director/video producer), Aristides McGarry (video producer)",TRUE
1990,Best Music Video - Long Form,Hangin' Tough Live,"New Kids on the Block (artist), Doug Nichol (video director)",FALSE
1990,Best Music Video - Long Form,Pink Floyd: Delicate Sound of Thunder,"David Gilmour (artist), Nick Mason (artist), Richard Wright (artist), Jon Carin (artist), Tim Renwick (artist), Guy Pratt (artist), Gary Wallis (artist), Scott Page (artist), Wayne Isham (video director)",FALSE
1990,"Best Music Video, Long Form",Rhythm Nation 1814,"Aristides McGarry (video producer), Janet Jackson (artist), Valerie Faris (video director/video producers), Jonathan Dayton (video director/video producers), Dominic Sena (video director)",TRUE
1990,"Best Music Video, Short Form",Michael Jackson: Leave Me Alone,"Michael Jackson (artist), Jim Blashfield (video director/video producer), Paul Diener (video producer), Frank DiLeo (video producer), Jerry Kramer (video producer)",TRUE
1990,"Best Music Video, Short Form",Hank Williams Jr. and Hank Williams Sr.: There's a Tear in My Beer,"Hank Williams Jr. (artist), Hank Williams (artist), Ethan A. Russell (video director)",FALSE
1990,"Best Music Video, Short Form",Trevor Rabin: Something to Hold on To,"Trevor Rabin (artist), Jeff Stein (video director)",FALSE
1990,Best Musical Cast Show Album,Jerome Robbins' Broadway,"Robert La Fasse (artist), Jason Alexander (artist), Jay David Saks (producer)",TRUE
1990,Best New Age Performance,Passion - Music For The Last Temptation Of Christ,Peter Gabriel (artist),TRUE
1990,Best Opera Recording,Wagner: Die Walkuere,"Metropolitan Opera Orchestra (artist), James Levine (conductor), Cord Garben (producer), James Morris (artist), Kurt Moll (artist), Hildegard Behrens (artist), Gary Lakes (artist), Christa Ludwig (artist), Jessye Norman (artist)",TRUE
1990,Best Orchestral Performance,Mahler: Symphony No. 3 In D Minor,"New York Philharmonic (artist), Leonard Bernstein (conductor)",TRUE
1990,Best Polka Recording,All In My Love For You,Jimmy Sturr (artist),TRUE
1990,Best Pop Instrumental Performance,Healing Chant,Neville Brothers (artist),TRUE
1990,Best Pop Performance by a Duo or Group with Vocal,Don't Know Much,"Linda Ronstadt (artist), Aaron Neville (artist)",TRUE
1990,"Best Pop Vocal Performance, Female",Nick Of Time,Bonnie Raitt (artist),TRUE
1990,"Best Pop Vocal Performance, Male",How Am I Supposed to Live Without You,Michael Bolton (artist),TRUE
1990,Best R&B Instrumental Performance,African Dance,Soul II Soul (artist),TRUE
1990,Best R&B Performance by a Duo or Group with Vocal,Back To Life,"Soul II Soul (artist), Caron Wheeler (artist)",TRUE
1990,"Best R&B Vocal Performance, Female",Giving You The Best That I Got,Anita Baker (artist),TRUE
1990,"Best R&B Vocal Performance, Male",Every Little Step,Bobby Brown (artist),TRUE
1990,Best Rap Performance,Bust A Move,Marvin Young (artist),TRUE
1990,Best Recording for Children,"The Rock-A-Bye Collection, Vol. 1",Tanya Goodman (artist),TRUE
1990,Best Reggae Recording,One Bright Day,"Ziggy Marley (artist), The Melody Makers (artist)",TRUE
1990,Best Rhythm & Blues Song,If You Don't Know Me By Now,"Simply Red (artist), Leon Huff (songwriter), Kenny Gamble (songwriter)",TRUE
1990,Best Rock Instrumental Performance,Jeff Beck's Guitar Shop with Terry Bozzio & Tony Hymas,"Jeff Beck (artist), Terry Bozzio (artist), Tony Hymas (artist)",TRUE
1990,Best Rock Performance by a Duo or Group with Vocal,Traveling Wilburys Volume One,The Traveling Wilburys (artist),TRUE
1990,"Best Rock Vocal Performance, Female",Nick of Time,Bonnie Raitt (artist),TRUE
1990,"Best Rock Vocal Performance, Male",The End of the Innocence,Don Henley (artist),TRUE
1990,Best Song Written Specifically for a Motion Picture or Television,Let The River Run (From Working Girl),Carly Simon (songwriter),TRUE
1990,Best Song Written Specifically for a Motion Picture or for Television,Let the River Run.,Working Girl,TRUE
1990,Best Song Written Specifically for a Motion Picture or for Television,I Love To See You Smile.,Parenthood,FALSE
1990,Best Song Written Specifically for a Motion Picture or for Television,Angel of Harlem.,U2: Rattle and Hum,FALSE
1990,"Best Soul Gospel Vocal Performance, Male or Female",As Long As We're Together,Al Green (artist),TRUE
1990,Best Spoken Word or Non-musical Recording,It's Always Something,Gilda Radner (artist),TRUE
1990,Best Traditional Blues Recording,I'm In The Mood,"John Lee Hooker (artist), Bonnie Raitt (artist)",TRUE
1990,Best Traditional Folk Recording,"Le Mystere Des Voix Bulgares, Vol. II",Bulgarian State Radio & Television Female Vocal Choir (artist),TRUE
1990,Best Tropical Latin Performance,Ritmo En El Corazon,"Ray Barretto (artist), Celia Cruz (artist)",TRUE
1990,Classical Producer of the Year,Robert Woods,,TRUE
1990,Producer of the Year,Peter Asher (artist),,TRUE
1990,Record of the Year,Wind Beneath My Wings,"Bette Midler (artist), Arif Mardin (producer)",TRUE
1990,Song of the Year,Wind Beneath My Wings,"Bette Midler (artist), Larry Henley (songwriter), Jeff Silbar (songwriter)",TRUE
1990,Best Country Vocal Performance - Female,Why'd You Come in Here Looking Like That.,Dolly Parton,FALSE
1990,Best Female Pop Vocal Performance,Wind Beneath my Wings,Bette Midler,FALSE
1990,Best R&B Vocal Performance - Female,Miss You Much.,Janet Jackson,FALSE
1990,Best Rap Performance by a Duo or Group,I Think I Can Beat Mike Tyson,"Will Smith, DJ Jazzy Jeff",FALSE
1990,"Best Soul Gospel Vocal Performance Duo, Group, Choir or Chorus",Let Brotherly Love Continue,Daniel Winans (artist),FALSE
1991,Album of the Year,Back On The Block,Quincy Jones (producer),TRUE
1991,Album of the Year,Mariah Carey.,Mariah Carey,FALSE
1991,Album of the Year,Wilson Phillips,Wilson Phillips (artist),FALSE
1991,Best Album Notes, Brownie - The Complete Emarcy Recordings of Clifford Brown,"Clifford Brown (artist), Dan Morgenstern (notes writer)",TRUE
1991,Best Album Package,Days of Open Hand,"Jeffrey Gold (artist), Len Peltier (art director), Suzanne Vega (art director)",TRUE
1991,Best Alternative Music Performance,I Do Not Want What I Haven't Got,Sinéad O'Connor (artist),TRUE
1991,Best Alternative Music Performance,Strange Angels,Laurie Anderson (artist),FALSE
1991,Best Alternative Music Performance,Goodbye Jumbo,World Party (artist),FALSE
1991,Best Arrangement on an Instrumental,Birdland,"Rod Temperton (artist), Ian Prince (artist), Quincy Jones (artist), Jerry Hey (artist)",TRUE
1991,Best Bluegrass Recording,I've Got That Old Feeling,Alison Krauss (artist),TRUE
1991,Best Chamber Music or Other Small Ensemble Performance,Brahms: The Three Violin Sonatas,"Daniel Barenboim (artist), Itzhak Perlman (artist)",TRUE
1991,Best Choral Performance (other than opera),Walton: Belshazzar's Feast/Bernstein: Chichester Psalms; Missa Brevis,"Atlanta Symphony Orchestra (artist), Robert Shaw (conductor)",TRUE
1991,Best Classical Album,Ives: Sym. No. 2; Gong On The Hook And Ladder; Central Park In The Dark; The Unanswered Question,"Leonard Bernstein (artist), Hans Weber (producer)",TRUE
1991,"Best Classical Performance, Instrumental Soloist (with orchestra)",Shostakovich: Violin Concerto No. 1 In A Minor/Glazunov: Violin Concerto In A Minor,"Itzhak Perlman (artist), Israel Philharmonic Orchestra (artist)",TRUE
1991,"Best Classical Performance, Instrumental Soloist (without orchestra)",The Last Recording,Vladimir Horowitz (artist),TRUE
1991,Best Classical Vocal Performance,"Carreras, Domingo, Pavarotti In Concert",Orchestra Del Maggio Musicale (artist),TRUE
1991,Best Comedy Recording,P.D.Q. Bach: Oedipus Tex And Other Choral Calamities,Peter Schickele (artist),TRUE
1991,Best Comedy Recording,More News from Lake Wobegan,Garrison Keillor,FALSE
1991,Best Contemporary Blues Recording,Family Style,Vaughan Brothers (artist),TRUE
1991,Best Contemporary Composition,Bernstein: Arias & Barcarolles,Leonard Bernstein (composer),TRUE
1991,Best Contemporary Folk Recording,Steady On,Shawn Colvin (artist),TRUE
1991,Best Contemporary Soul Gospel Album,So Much 2 Say,Take 6 (artist),TRUE
1991,Best Country Instrumental Performance,"So Soft, Your Goodbye","Chet Atkins (artist), Mark Knopfler (artist)",TRUE
1991,Best Country Performance by a Duo or Group with Vocal,Pickin' on Nashville,Kentucky Headhunters (artist),TRUE
1991,Best Country Song,Where've You Been,"Kathy Mattea (artist), Don Henry (songwriter), Jon Vezner (songwriter)",TRUE
1991,Best Country Vocal Collaboration,Poor Boy Blues,"Chet Atkins (artist), Mark Knopfler (artist)",TRUE
1991,"Best Country Vocal Performance, Female",Where've You Been,Kathy Mattea (artist),TRUE
1991,"Best Country Vocal Performance, Male",When I Call Your Name,Vince Gill (artist),TRUE
1991,"Best Engineered Recording, Classical",Rachmaninoff: Vespers,"Robert Shaw (conductor), Jack Renner (engineer)",TRUE
1991,"Best Engineered Recording, Non-Classical",Back On the Block,"Bruce Swedien (engineer), Quincy Jones (artist)",TRUE
1991,Best Hard Rock Performance,Time's Up,Living Colour (artist),TRUE
1991,Best Hard Rock Performance,Epic,Faith No More (artist),FALSE
1991,Best Hard Rock Performance,Kickstart My Heart,Tommy Lee (artist),FALSE
1991,Best Historical Album,Robert Johnson - The Complete Recordings,"Lawrence Cohn (producer), Stephen Lavere (producer), Robert Johnson (artist)",TRUE
1991,Best Instrumental Arrangement Accompanying Vocal(s),The Places You Find Love,"Siedah Garrett (artist), Chaka Khan (artist), Quincy Jones (artist), Clif Magness (artist), Jerry Hey (artist), Glen Ballard (artist)",TRUE
1991,Best Instrumental Composition,Change of Heart,"Pat Metheny (composer), Dave Holland (artist), Roy Haynes (artist)",TRUE
1991,Best Instrumental Composition Written for a Motion Picture or for Television,For the original score.,Glory,TRUE
1991,Best Instrumental Composition Written for a Motion Picture or for Television,For the end titles (original soundtrack).,Driving Miss Daisy,FALSE
1991,Best Instrumental Composition Written for a Motion Picture or for Television,For the soundtrack.,Twin Peaks,FALSE
1991,Best Jazz Fusion Performance,Birdland,Quincy Jones (artist),TRUE
1991,"Best Jazz Instrumental Performance, Big Band",Basie's Bag,Frank Foster (artist),TRUE
1991,"Best Jazz Instrumental Performance, Group",The Legendary Oscar Peterson Trio Live At The Blue Note,The Oscar Peterson Trio (artist),TRUE
1991,"Best Jazz Instrumental Performance, Soloist",The Legendary Oscar Peterson Trio Live At The Blue Note,Oscar Peterson (soloist),TRUE
1991,"Best Jazz Vocal Performance, Female",All That Jazz,Ella Fitzgerald (artist),TRUE
1991,"Best Jazz Vocal Performance, Male",We Are in Love,Harry Connick Jr. (artist),TRUE
1991,Best Latin Pop Performance,Por Que Te Tengo Que Olvidar?,José Feliciano (artist),TRUE
1991,Best Male R&B Vocal Performance,Here and Now,Luther Vandross,TRUE
1991,Best Male R&B Vocal Performance,Johnny Gill,Johnny Gill,FALSE
1991,Best Male R&B Vocal Performance,Round and Round,Tevin Campbell,FALSE
1991,Best Metal Performance,Stone Cold Crazy,Metallica (artist),TRUE
1991,Best Metal Performance,Painkiller,Judas Priest (artist),FALSE
1991,Best Metal Performance,Lights ... Camera ... Revolution,Suicidal Tendencies (artist),FALSE
1991,Best Mexican-American Performance,Soy de San Luis,Texas Tornados (artist),TRUE
1991,Best Music Video - Long Form,"Please Hammer, Don't Hurt 'Em: The Movie","M.C. Hammer (artist), Rupert Wainwright (video director), John Oetjen (video producer)",TRUE
1991,Best Music Video - Long Form,Phil Collins: The Singles Collection,"Phil Collins (artist), James Yukich (video director), Paul Flattery (video producer)",FALSE
1991,Best Music Video - Long Form,We Two Are One Too,"Annie Lennox (artist), David A. Stewart (artist), Sophie Muller (video director)",FALSE
1991,"Best Music Video, Long Form","Please Hammer, Don't Hurt 'Em: The Movie New Age","Rupert Wainwright (video director), John Oetjen (video producer), M.C. Hammer (artist)",TRUE
1991,"Best Music Video, Short Form",Opposites Attract,"Paula Abdul (artist), Sharon Oreck (video producer), Michael Patterson (video director), Candace Reckinger (video director)",TRUE
1991,"Best Music Video, Short Form",Madonna: Oh Father,"Madonna (artist), David Fincher (video director), Tim Clawson (video producer)",FALSE
1991,"Best Music Video, Short Form",Sinéad O'Connor: Nothing Compares 2 U,"Sinéad O'Connor (artist), John Maybury (video director), Chris Johnson (video producer)",FALSE
1991,Best Musical Cast Show Album,Les Miserables - The Complete Symphonic Recording,David Caddick (producer),TRUE
1991,Best New Age Performance,Mark Isham,Mark Isham (artist),TRUE
1991,Best New Artist,Vision Of Love.,Mariah Carey,TRUE
1991,Best New Artist,Lisa Stansfield (artist),,FALSE
1991,Best New Artist,Wilson Phillips (artist),,FALSE
1991,Best Opera Recording,Wagner: Das Rheingold,"Cord Garben (producer), Metropolitan Opera Orchestra (artist), James Levine (conductor), Heinz Zednik (artist), Ekkehard Wlaschiha (artist), Jan-Hendrik Rootering (artist), James Morris (artist), Christa Ludwig (artist), Kurt Moll (artist), Siegfried Jerusalem (artist)",TRUE
1991,Best Orchestral Performance,Shostakovich: Symphonies Nos. 1 & 7,"Chicago Symphony Orchestra (artist), Leonard Bernstein (conductor)",TRUE
1991,Best Polka Recording,When It's Polka Time At Your House,Jimmy Sturr (artist),TRUE
1991,Best Pop Gospel Album,Another Time... Another Place,Sandi Patty (artist),TRUE
1991,Best Pop Instrumental Performance,For the theme,Twin Peaks,TRUE
1991,Best Pop Instrumental Performance,Saturday Night And Sunday Morning,Phil Collins (artist),FALSE
1991,Best Pop Instrumental Performance,What's Goin' On,Stanley Jordan (artist),FALSE
1991,Best Pop Performance by a Duo or Group with Vocal,All My Life,"Linda Ronstadt (artist), Aaron Neville (artist)",TRUE
1991,Best Pop Performance by a Duo or Group with Vocal,All I Wanna Do Is Make Love To You,Heart (artist),FALSE
1991,Best Pop Performance by a Duo or Group with Vocal,Unchained Melody,The Righteous Brothers (artist),FALSE
1991,"Best Pop Vocal Performance, Male",Oh Pretty Woman,Roy Orbison (artist),TRUE
1991,"Best Pop Vocal Performance, Male",Georgia On My Mind,Michael Bolton (artist),FALSE
1991,"Best Pop Vocal Performance, Male",Downtown Train,Rod Stewart (artist),FALSE
1991,Best R&B Performance by a Duo or Group with Vocals,I'll Be Good to You,"Ray Charles (artist), Chaka Khan (artist)",TRUE
1991,Best R&B Performance by a Duo or Group with Vocals,The Secret Garden (Sweet Seduction Suite),"Al B. Sure!, James Ingram, El DeBarge, Barry White",FALSE
1991,Best R&B Performance by a Duo or Group with Vocals,Papa Was a Rollin' Stone,Was Not Was,FALSE
1991,"Best R&B Vocal Performance, Female",Compositions,Anita Baker (artist),TRUE
1991,"Best R&B Vocal Performance, Female",'I Can't Complain,Patti LaBelle (artist),FALSE
1991,"Best R&B Vocal Performance, Female",Make It Like It Was,Regina Belle (artist),FALSE
1991,"Best R&B Vocal Performance, Male",Here And Now,Luther Vandross (artist),TRUE
1991,Best Rap Performance by a Duo or Group,Back On The Block,"Ice-T (artist), Kool Moe Dee (artist), Big Daddy Kane (artist), Quincy Jones (artist), Melle Mel (artist), Quincy Jones III (artist)",TRUE
1991,Best Rap Solo Performance,U Can't Touch This,M.C. Hammer (songwriter),TRUE
1991,Best Recording for Children,The Little Mermaid (An Original Walt Disney Records Soundtrack).,"Alan Menken (composer), Howard Ashman (lyricist)",TRUE
1991,Best Reggae Recording,Time Will Tell - A Tribute To Bob Marley,Bunny Wailer (artist),TRUE
1991,Best Rhythm & Blues Song,U Can't Touch This,"M.C. Hammer (songwriter), Alonzo Miller (songwriter), Rick James (songwriter)",TRUE
1991,Best Rock Instrumental Performance,D/FW,Vaughan Brothers (artist),TRUE
1991,Best Rock Instrumental Performance,Flying In A Blue Dream,Joe Satriani (artist),FALSE
1991,Best Rock Instrumental Performance,True Gravity,The Allman Brothers Band (artist),FALSE
1991,Best Rock Performance by a Duo or Group with Vocal,Janie's Got A Gun,Aerosmith (artist),TRUE
1991,Best Rock Performance by a Duo or Group with Vocal,'Blue Sky Mining,Midnight Oil (artist),FALSE
1991,Best Rock Performance by a Duo or Group with Vocal,Almost Hear You Sigh,The Rolling Stones (artist),FALSE
1991,"Best Rock Vocal Performance, Female",Black Velvet,Alannah Myles (artist),TRUE
1991,"Best Rock Vocal Performance, Female",The Angels,Melissa Etheridge (artist),FALSE
1991,"Best Rock Vocal Performance, Female",Steamy Windows,Tina Turner (artist),FALSE
1991,"Best Rock Vocal Performance, Male",Bad Love,Eric Clapton (artist),TRUE
1991,"Best Rock Vocal Performance, Male",You Can Leave Your Hat On,Joe Cocker (artist),FALSE
1991,"Best Rock Vocal Performance, Male",Rockin' In The Free World,Neil Young (artist),FALSE
1991,Best Rock/Contemporary Gospel Album,Beyond Belief,Petra (artist),TRUE
1991,Best Song Written Specifically for a Motion Picture or for Television,Under the Sea.,The Little Mermaid,TRUE
1991,Best Song Written Specifically for a Motion Picture or for Television,Sooner or Later (I Always Get My Man).,Dick Tracy,FALSE
1991,Best Song Written Specifically for a Motion Picture or for Television,Blaze of Glory.,Young Guns II,FALSE
1991,Best Southern Gospel Album,The Great Exchange,Bruce Carroll (artist),TRUE
1991,Best Spoken Word or Non-Musical Recording,Gracie - A Love Story,George Burns,TRUE
1991,Best Traditional Blues Recording,Live at San Quentin,B.B. King (artist),TRUE
1991,Best Traditional Folk Recording,On Praying Ground,Doc Watson (artist),TRUE
1991,Best Traditional Soul Gospel Performance,Tramaine Hawkins Live,Tramaine Hawkins (artist),TRUE
1991,Best Tropical Latin Performance,Lambada Timbales,Tito Puente (artist),TRUE
1991,"Best pop vocal performance, female",Vision Of Love.,Mariah Carey,TRUE
1991,"Best pop vocal performance, female",All Around The World,Lisa Stansfield (artist),FALSE
1991,"Best pop vocal performance, female",I'm Your Baby Tonight,Whitney Houston (artist),FALSE
1991,Classical Producer of the Year,Adam Stern (artist),,TRUE
1991,"Producer of the Year, (Non-Classical)",Quincy Jones (artist),,TRUE
1991,Record of the Year,Another Day In Paradise,"Hugh Padgham (producer), Phil Collins (producer)",TRUE
1991,Record of the Year,U Can't Touch This,M.C. Hammer (artist),FALSE
1991,Record of the Year,Nothing Compares 2 U,Sinéad O'Connor (artist),FALSE
1991,Song of the Year,From A Distance,"Bette Midler (songwriter), Julie Gold (songwriter)",TRUE
1991,Song of the Year,Vision Of Love.,Mariah Carey,FALSE
1991,Song of the Year,Nothing Compares 2 U,Prince (artist),FALSE
1991,Best Gospel Album by a Choir or Chorus,Having Church,James Cleveland (choir director),FALSE
1991,Best R&B Song,Alright,"Janet Jackson, Jimmy Jam, Terry Lewis",FALSE
1992,Album of the Year,Unforgettable With Love,"Andre Fischer (producer), David Foster (producer), Tommy LiPuma (producer), Natalie Cole (artist)",TRUE
1992,Best Album Notes,Star Time,"James Brown (album notes writer), Nelson George (album notes writer), Alan Leeds (album notes writer), Harry Weinger (album notes writer), Cliff White (album notes writer)",TRUE
1992,Best Album Package,Billie Holiday - The Complete Decca Recordings,"Billie Holiday (artist), Vartan (art director)",TRUE
1992,Best Album for Children,A Capella Kids,The Maranatha! Kids (artist),TRUE
1992,Best Alternative Music Album,Out Of Time,R.E.M. (artist),TRUE
1992,Best Alternative Music Album,Good Stuff.,The B-52's,FALSE
1992,Best Alternative Music Album,Nonsuch.,XTC,FALSE
1992,Best Arrangement on an Instrumental,Medley: Bess You Is My Woman/I Loves You Porgy,Dave Grusin (arranger),TRUE
1992,Best Bluegrass Album,Spring Training,"Carl Jackson (artist), John Standing (artist), The Nash Ramblers (artist)",TRUE
1992,Best Chamber Music Performance,Brahms: Piano Quartets (Op. 25 & 26),"Emanuel Ax (artist), Jaime Laredo (artist), Yo-Yo Ma (artist), Isaac Stern (artist)",TRUE
1992,Best Classical Album,Bernstein: Candide,"Hans Weber (producer), Kurt Ollmann (artist), Christa Ludwig (artist), Della Jones (artist), Adolph Green (artist), Jerry Hadley (artist), June Anderson (artist), Nicolai Gedda (artist), Leonard Bernstein (conductor)",TRUE
1992,Best Classical Performance Instrumental Solo Without Orchestra,Granados: Goyescas; Allegro De Concierto; Danza Lenta,Alicia de Larrocha (artist),TRUE
1992,Best Classical Vocal Soloist,"The Girl With Orange Lips (Falla, Ravel, etc.)",,TRUE
1992,Best Comedy Album,P.D.Q. Bach: WTWP Classical Talkity-Talk Radio.,Peter Schickele,TRUE
1992,Best Comedy Album,Parental Advisory: Explicit Lyrics.,George Carlin,FALSE
1992,Best Contemporary Blues Album,"Damn Right, I've Got The Blues",Buddy Guy (artist),TRUE
1992,Best Contemporary Composition,Corigliano: Symphony No. 1,John Corigliano (composer),TRUE
1992,Best Contemporary Folk Album,The Missing Years,John Prine (artist),TRUE
1992,Best Contemporary Jazz Performance,Sassy,The Manhattan Transfer (artist),TRUE
1992,Best Contemporary Soul Gospel Album,Different Lifestyles,"BeBe Winans (artist), CeCe Winans (artist)",TRUE
1992,Best Country Instrumental Performance,The New Nashville Cats,Mark O'Connor (artist),TRUE
1992,Best Country Performance by a Duo or Group with Vocal,Love Can Build A Bridge,The Judds (artist),TRUE
1992,Best Country Song,Love Can Build A Bridge,"Paul Overstreet (songwriter), Naomi Judd (songwriter), John Jarvis (songwriter)",TRUE
1992,Best Country Vocal Collaboration,Restless,"Ricky Skaggs (artist), Vince Gill (artist), Steve Wariner (artist)",TRUE
1992,"Best Country Vocal Performance, Female",Down At The Twist And Shout,Mary Chapin Carpenter (artist),TRUE
1992,"Best Country Vocal Performance, Male",Ropin' The Wind,Garth Brooks (artist),TRUE
1992,"Best Engineered Album, Non-Classical",Unforgettable With Love,"Dave Reitzas (engineer), Al Schmitt (engineer), Armin Steiner (engineer), Woody Woodruff (engineer), Natalie Cole (artist)",TRUE
1992,"Best Engineered Recording, Classical",Bernstein: Candide,"Leonard Bernstein (conductor), Gregor Zielinsky (engineer)",TRUE
1992,Best Gospel Album by Choir or Chorus,The Evolution Of Gospel,"Gary Hines (choir director), Sounds of Blackness (artist)",TRUE
1992,Best Hard Rock Performance with Vocal,For Unlawful Carnal Knowledge,Van Halen (artist),TRUE
1992,Best Historical Album,Billie Holiday - The Complete Decca Recordings,Billie Holiday (artist),TRUE
1992,Best Instrumental Arrangement Accompanying Vocal(s),Unforgettable,"Johnny Mandel (arranger), Natalie Cole (artist)",TRUE
1992,Best Instrumental Composition,Basque,"Elton John (composer), James Galway (artist)",TRUE
1992,Best Instrumental Composition Written for a Motion Picture or for Television,Dances with Wolves,John Barry,TRUE
1992,Best Instrumental Composition Written for a Motion Picture or for Television,Awakenings,Randy Newman,FALSE
1992,Best Instrumental Composition Written for a Motion Picture or for Television,Havana,Dave Grusin,FALSE
1992,Best Instrumental Soloist With Orchestra,Barber: Piano Concerto,"St. Louis Symphony Orchestra (artist), John Browning (artist)",TRUE
1992,"Best Jazz Instrumental Performance, Group",Saturday Night At The Blue Note,Oscar Peterson (artist),TRUE
1992,Best Jazz Instrumental Solo,I Remember You,Stan Getz (soloist),TRUE
1992,Best Jazz Vocal Performance,He Is Christmas,Take 6 (artist),TRUE
1992,Best Large Jazz Ensemble Performance,Live At The Royal Festival Hall,Dizzy Gillespie (artist),TRUE
1992,Best Latin Pop Album,Cosas Del Amor,Vikki Carr (artist),TRUE
1992,Best Metal Performance,Metallica,Metallica (artist),TRUE
1992,Best Mexican-American Album,16 de Septiembre,Joe Torrenueva (artist),TRUE
1992,Best Music Video - Long Form,Madonna: Blond Ambition World Tour Live,"Madonna (artist), David Mallet (video director), Mark Aldo Miceli (video director), Anthony Eaton (video producer)",TRUE
1992,Best Music Video - Long Form,Penelope Spheeris (video director),,FALSE
1992,Best Music Video - Long Form,Sinead O'Connor: Year of the Horse,"Sinéad O'Connor (artist), Sophie Muller (video director)",FALSE
1992,"Best Music Video, Long Form",Madonna - Blonde Ambition World Tour Live,"Anthony Eaton (video producer), Mark Aldo Miceli (video director), David Mallet (video director), Madonna (artist)",TRUE
1992,"Best Music Video, Short Form",R.E.M.: Losing My Religion,"R.E.M. (artist), Tarsem Singh (video director), David Ramser (video producer)",TRUE
1992,"Best Music Video, Short Form",Bob Dylan: Series of Dreams,"Bob Dylan (artist), Meiert Avis (video director)",FALSE
1992,"Best Music Video, Short Form",Garth Brooks: The Thunder Rolls,"Garth Brooks, Bud Schaetzle (Video Director), Martin J. Fischer (Video Line Producer)",FALSE
1992,Best Musical Show Album,The Will Rogers Follies,"Mike Berniker (producer), Betty Comden (lyricist), Adolph Green (lyricist), Cy Coleman (composer/ producer)",TRUE
1992,Best New Age Album,Fresh Aire 7,"Chip Davis (artist), Mannheim Steamroller (artist)",TRUE
1992,Best New Artist,Marc Cohn (artist),,TRUE
1992,Best Opera Recording,Wagner: Gotterdammerung,"Metropolitan Opera Orchestra (artist), Cord Garben (producer), James Levine (conductor), Ekkehard Wlaschiha (artist), Bernd Weikl (artist), Cheryl Studer (artist), Hanna Schwarz (artist), Matti Salminen (artist), Reiner Goldberg (artist), Hildegard Behrens (artist)",TRUE
1992,Best Orchestral Performance,Corigliano: Symphony No. 1,"Chicago Symphony Orchestra (artist), Daniel Barenboim (conductor)",TRUE
1992,Best Performance of a Choral Work,Bach: Mass In B Minor,"Chicago Symphony Chorus (artist), Chicago Symphony Orchestra (artist), Georg Solti (conductor)",TRUE
1992,Best Polka Album,Live At Gilley's!,Jimmy Sturr (artist),TRUE
1992,Best Pop Gospel Album,For The Sake Of The Call,Steven Curtis Chapman (artist),TRUE
1992,Best Pop Instrumental Performance,Star Wars Trilogy.,Robin Hood: Prince of Thieves,TRUE
1992,Best Pop Performance by a Duo or Group with Vocal,Losing My Religion,R.E.M. (artist),TRUE
1992,"Best Pop Vocal Performance, Female",Something To Talk About,Bonnie Raitt (artist),TRUE
1992,"Best Pop Vocal Performance, Male",When A Man Loves A Woman,Michael Bolton (artist),TRUE
1992,Best Pop/Contemporary Gospel Album,For The Sake Of The Call,Steven Curtis Chapman,TRUE
1992,Best R&B Performance by a Duo or Group with Vocal,Cooleyhighharmony,Boyz II Men (artist),TRUE
1992,"Best R&B Vocal Performance, Female",How Can I Ease The Pain,Lisa Fischer (artist),TRUE
1992,"Best R&B Vocal Performance, Male",Power Of Love,Luther Vandross (artist),TRUE
1992,Best Rap Performance by a Duo or Group,Summertime,"Will Smith, DJ Jazzy Jeff",TRUE
1992,Best Rap Performance by a Duo or Group,Fear of a Black Planet,"Public Enemy, Chuck D, Flavor Flav",FALSE
1992,Best Rap Solo Performance,Mama Said Knock You Out,LL Cool J,TRUE
1992,Best Reggae Album,As Raw As Ever,Shabba Ranks (artist),TRUE
1992,Best Rhythm & Blues Song,Power Of Love/Love Power,"Marcus Miller (songwriter), Luther Vandross (songwriter), Teddy Vann (songwriter)",TRUE
1992,Best Rock Instrumental Performance,Cliffs Of Dover,Eric Johnson (artist),TRUE
1992,Best Rock Performance by a Duo or Group with Vocal,"Good Man, Good Woman","Delbert McClinton (artist), Bonnie Raitt (artist)",TRUE
1992,Best Rock Song,Soul Cages,Sting (artist),TRUE
1992,"Best Rock Vocal Performance, Solo",Luck Of The Draw,Bonnie Raitt (artist),TRUE
1992,Best Rock/Contemporary Gospel Album,Under Their Influence,Russ Taff (artist),TRUE
1992,Best Song Written Specifically for a Motion Picture or for Television,(Everything I Do) I Do It For You.,Robin Hood: Prince of Thieves,TRUE
1992,Best Song Written Specifically for a Motion Picture or for Television,Gotta Have You.,Jungle Fever,FALSE
1992,Best Southern Gospel Album,Homecoming,Gaither Vocal Band (artist),TRUE
1992,Best Spoken Word or Non-musical Album,The Civil War,Ken Burns (artist),TRUE
1992,Best Traditional Blues Album,Live At The Apollo,B.B. King (artist),TRUE
1992,Best Traditional Folk Album,The Civil War - Original Soundtrack (Various Artists),,TRUE
1992,Best Traditional Pop Performance,Unforgettable,"Nat 'King' Cole (artist), Natalie Cole (artist)",TRUE
1992,Best Traditional Soul Gospel Album,Pray For Me,The Mighty Clouds of Joy (artist),TRUE
1992,Best Tropical Latin Album,Bachata Rosa,Juan Luis Guerra (artist),TRUE
1992,Best World Music Album,Planet Drum,Mickey Hart (artist),TRUE
1992,Classical Producer of the Year,James Mallinson (artist),,TRUE
1992,"Producer of the Year, (Non Classical)",David Foster (artist),,TRUE
1992,Record of the Year,Unforgettable,"David Foster (producer), Nat 'King' Cole (artist), Natalie Cole (artist)",TRUE
1992,Song of the Year,Unforgettable,"Natalie Cole (artist), Nat 'King' Cole (artist), Irving Gordon (songwriter)",TRUE
1993,Album of the Year,Unplugged,"Eric Clapton (artist), Russ Titelman (producer)",TRUE
1993,Best Album Notes,Queen Of Soul - The Atlantic Recordings,"Aretha Franklin (artist), Jerry Wexler (album notes writers), Dave Marsh (album notes writers), Arif Mardin (album notes writers), Ahmet Ertegun (album notes writers), Tom Dowd (album notes writers), David Thulin (album notes writers)",TRUE
1993,Best Album Package,Spellbound - Compact,"Paula Abdul (artist), Melanie Nissen (art director)",TRUE
1993,Best Album for Children,Beauty And The Beast - Original Motion Picture Soundtrack(Various Artists),,TRUE
1993,Best Alternative Music Album,Bone Machine,Tom Waits (artist),TRUE
1993,Best Arrangement on an Instrumental,Strike Up The Band,Rob McConnell (arranger),TRUE
1993,Best Bluegrass Album,Every Time You Say Goodbye,"Alison Krauss (artist), Union Station (artist)",TRUE
1993,Best Chamber Music Performance,Brahms: Sonatas For Cello & Piano,"Emanuel Ax (artist), Yo-Yo Ma (artist)",TRUE
1993,Best Classical Album,Mahler: Symphony No. 9,"Horst Dittberner (producer), Leonard Bernstein (conductor)",TRUE
1993,Best Classical Performance - Instrumental Solo With Orchestra,Prokofiev: Sinfonia Concertante/Tchaikovsky: Variations On A Rococo Theme,"The Pittsburgh Symphony Orchestra (artist), Yo-Yo Ma (artist)",TRUE
1993,Best Classical Performance - Instrumental Solo Without Orchestra,"Horowitz - Discovered Treasures (Chopin, Liszt, Scarlatti, Scriabin, Clementi)",Vladimir Horowitz (artist),TRUE
1993,Best Classical Vocal Performance,"Kathleen Battle At Carnegie Hall (Handel, Mozart, Liszt, Strauss, etc.)",,TRUE
1993,Best Comedy Album,P.D.Q. Bach: Music for an Awful Lot of Winds and Percussion.,Peter Schickele,TRUE
1993,Best Contemporary Blues Album,The Sky Is Crying,"Double Trouble (artist), Stevie Ray Vaughan (artist)",TRUE
1993,Best Contemporary Composition,Barber: The Lovers,Samuel Barber (composer),TRUE
1993,Best Contemporary Folk Album,Another Country,The Chieftains (artist),TRUE
1993,Best Contemporary Jazz Performance (Instrumental),Secret Story,Pat Metheny (artist),TRUE
1993,Best Contemporary Soul Gospel Album,Handel's Messiah - A Soulful Celebration(Various Artists),,TRUE
1993,Best Country Instrumental Performance,Sneakin' Around,"Jerry Reed (artist), Chet Atkins (artist)",TRUE
1993,Best Country Performance by a Duo or Group with Vocal,Emmylou Harris & The Nash Ramblers At The Ryman,"Emmylou Harris (artist), The Nash Ramblers (artist)",TRUE
1993,Best Country Song,"John Jarvis (songwriter), Vince Gill (artist/songwriter)",,TRUE
1993,Best Country Vocal Collaboration,The Whiskey Ain't Workin',"Travis Tritt (artist), Marty Stuart (artist)",TRUE
1993,"Best Country Vocal Performance, Female",I Feel Lucky,Mary Chapin Carpenter (artist),TRUE
1993,"Best Country Vocal Performance, Male",I Still Believe In You,Vince Gill (artist),TRUE
1993,"Best Engineered Album, Non-Classical",Dangerous,"Michael Jackson (artist), Teddy Riley (engineer), Bruce Swedien (engineer)",TRUE
1993,"Best Engineered Recording, Classical",R. Strauss: Die Frau Ohne Schatten,"Georg Solti (conductor), James Lock (engineer), Philip Siney (engineer), Jonathan Stokes (engineer)",TRUE
1993,Best Gospel Album by a Choir or Chorus,Edwin Hawkins Music & Arts Seminar Mass Choir - Recorded Live In Los Angeles,Edwin Hawkins (choir director),TRUE
1993,Best Hard Rock Performance with Vocal,Give It Away,Red Hot Chili Peppers (artist),TRUE
1993,Best Historical Album,The Complete Capitol Recordings Of The Nat King Cole Trio,Nat 'King' Cole (artist),TRUE
1993,Best Instrumental Arrangement Accompanying Vocal(s),Here's To Life,"Shirley Horn (artist), Johnny Mandel (arranger)",TRUE
1993,Best Instrumental Composition,Harlem Renaissance Suite,Benny Carter (composer),TRUE
1993,Best Instrumental Composition Written for a Motion Picture or for Television,For the instrumental score portion of the soundtrack.,Beauty and the Beast,TRUE
1993,Best Instrumental Composition Written for a Motion Picture or for Television,For the series' theme.,Northern Exposure,FALSE
1993,Best Instrumental Composition Written for a Motion Picture or for Television,Rush,Eric Clapton,FALSE
1993,"Best Jazz Instrumental Performance, Individual or Group",I Heard You Twice The First Time,Branford Marsalis (artist),TRUE
1993,Best Jazz Instrumental Solo,Lush Life,Joe Henderson (soloist),TRUE
1993,Best Jazz Vocal Performance,'Round Midnight,Bobby McFerrin (artist),TRUE
1993,Best Large Jazz Ensemble Performance,The Turning Point,McCoy Tyner (artist),TRUE
1993,Best Latin Pop Album,Otro Dia Mas Sin Verte,Jon Secada (artist),TRUE
1993,Best Metal Performance,Wish,Nine Inch Nails (artist),TRUE
1993,Best Mexican-American Album,Mas Canciones,Linda Ronstadt (artist),TRUE
1993,Best Music Video - Long Form,"Annie Lennox (artist), Sophie Muller (video director), Rob Small (video producer)",,TRUE
1993,Best Music Video - Long Form,Hammerin' Home,"M.C. Hammer (artist), Rupert Wainwright (video director)",FALSE
1993,Best Music Video - Long Form,"Public Enemy (artist), Lawrence Holland (video director)",,FALSE
1993,"Best Music Video, Short Form",Peter Gabriel: Digging in the Dirt,"Peter Gabriel (artist), John Downer (video director/video producer)",TRUE
1993,"Best Music Video, Short Form",Los Lobos: Kiko and the Lavender Moon,"Los Lobos (artist), Ondrej Rudavsky (video director)",FALSE
1993,"Best Music Video, Short Form","Roger Waters: What God Wants, Part 1","Roger Waters (artist), Tony Kaye (video director/video producer)",FALSE
1993,Best Musical Show Album,Guys And Dolls - The New Broadway Cast Recording,Jay David Saks (producer),TRUE
1993,Best New Age Album,Shepherd Moons,Enya (artist),TRUE
1993,Best New Artist,Arrested Development (artist),,TRUE
1993,Best Opera Recording,R. Strauss: Die Frau Ohne Schatten,"Vienna Philharmonic Orchestra and Chorus (artist), Morten Winding (producers), Stephen Traynor (producers), Christopher Raeburn (producers), Georg Solti (conductor), Julia Varady (artist), Reinhild Runkel (artist), José van Dam (artist), Hildegard Behrens (artist), Plácido Domingo (artist), Sumi Jo (artist)",TRUE
1993,Best Orchestral Performance,Mahler: Symphony No. 9,"Berliner Philharmoniker (artist), Leonard Bernstein (conductor)",TRUE
1993,Best Performance of a Choral Work,Orff: Carmina Burana,"San Francisco Symphony (artist), Herbert Blomstedt (conductor)",TRUE
1993,Best Polka Album,35th Anniversary,Walter Ostanek and His Band (artist),TRUE
1993,Best Pop Gospel Album,The Great Adventure,Steven Curtis Chapman (artist),TRUE
1993,Best Pop Instrumental Performance,Beauty and the Beast.,Beauty and the Beast,TRUE
1993,Best Pop Performance By A Duo Or Group With Vocal,Beauty And The Beast.,Beauty and the Beast,TRUE
1993,"Best Pop Vocal Performance, Female",Constant Craving,k.d. lang (artist),TRUE
1993,"Best Pop Vocal Performance, Male",Tears In Heaven,Eric Clapton (artist),TRUE
1993,Best Pop/Contemporary Gospel Album,The Great Adventure,Steven Curtis Chapman,TRUE
1993,Best R&B Instrumental Performance,Doo-Bop,Miles Davis (artist),TRUE
1993,Best R&B Performance by a Duo or Group with Vocal,End Of The Road,Boyz II Men (artist),TRUE
1993,"Best R&B Vocal Performance, Female",The Woman I Am,Chaka Khan (artist),TRUE
1993,"Best R&B Vocal Performance, Male",Heaven And Earth,Al Jarreau (artist),TRUE
1993,Best Rap Performance by a Duo or Group,Tennessee,Arrested Development (artist),TRUE
1993,Best Rap Solo Performance,Baby Got Back,Sir Mix A Lot (artist),TRUE
1993,Best Recording for Children,Beauty and the Beast,,TRUE
1993,Best Reggae Album,X-tra Naked,Shabba Ranks (artist),TRUE
1993,Best Rhythm & Blues Song,End Of The Road,"Boyz II Men (artist), Kenneth 'Babyface' Edmonds (songwriter), L.A. Reid (songwriter), Daryl Simmons (songwriter)",TRUE
1993,Best Rock Instrumental Performance,Little Wing,"Double Trouble (artist), Stevie Ray Vaughan (artist)",TRUE
1993,Best Rock Performance by a Duo or Group with Vocal,Achtung Baby,U2 (artist),TRUE
1993,Best Rock Song,Layla,"Eric Clapton (songwriter), Jim Gordon (songwriter)",TRUE
1993,"Best Rock Vocal Performance, Female",Ain't It Heavy,Melissa Etheridge (artist),TRUE
1993,"Best Rock Vocal Performance, Male",Unplugged,Eric Clapton (artist),TRUE
1993,Best Rock/Contemporary Gospel Album,Unseen Power,Petra (artist),TRUE
1993,Best Song Written Specifically for a Motion Picture or for Television,Beauty and the Beast.,Beauty and the Beast,TRUE
1993,Best Song Written Specifically for a Motion Picture or for Television,It's Probably Me.,Lethal Weapon 3,FALSE
1993,Best Song Written Specifically for a Motion Picture or for Television,Tears in Heaven.,Rush,FALSE
1993,Best Southern Gospel Album,Sometimes Miracles Hide,Bruce Carroll (artist),TRUE
1993,Best Spoken Word or Non-musical Album,What You Can Do To Avoid AIDS,"Robert O'Keefe (artist), Magic Johnson (artist)",TRUE
1993,Best Traditional Blues Album,Goin' Back To New Orleans,Dr. John (artist),TRUE
1993,Best Traditional Folk Album,"An Irish Evening - Live At The Grand Opera House, Belfast",The Chieftains (artist),TRUE
1993,Best Traditional Pop Vocal Performance,Perfectly Frank,Tony Bennett (artist),TRUE
1993,Best Traditional Soul Gospel Album,He's Working It Out For You,Shirley Caesar (artist),TRUE
1993,Best Tropical Latin Album,Frenesi,Linda Ronstadt (artist),TRUE
1993,Best World Music Album,Brasileiro,Sergio Mendes (artist),TRUE
1993,Classical Producer of the Year,Michael Fine (artist),,TRUE
1993,Producer of the Year (Non-Classical),Brian Eno & Daniel Lanois,,TRUE
1993,Record of the Year,Tears in Heaven.,Rush,TRUE
1993,Record of the Year,Acky Breaky Heart.,"Billy Ray Cyrus, Jim Cotten (producer), Joe Scaife (producer)",FALSE
1993,Record of the Year,Constant Craving.,k.d. lang (performer and producer),FALSE
1993,Song of the Year,Tears in Heaven.,Rush,TRUE
1993,Song of the Year,Acky Breaky Heart.,"Don Von Tress (songwriter), Billy Ray Cyrus (performer)",FALSE
1993,Song of the Year,Constant Craving.,"k.d. lang (songwriter and performer), Ben Mink (performer)",FALSE
1993,Best Comedy Recording,Off the Deep End.,'Weird Al' Yankovic,FALSE
1993,Best Female Pop Vocal Performance,MTV Unplugged EP.,Mariah Carey,FALSE
1993,Best Musical Album for Children,The Muppet Christmas Carol,"Robert Kraft (producer), Paul Williams (producer), Chris Caswell (producer)",FALSE
1993,Best R&B Vocal Performance by a Duo or Group,The Best Things in Life Are Free,"Luther Vandross, Janet Jackson",FALSE
1993,Best Spoken Word Album,What You Can Do To Avoid AIDS,Garrison Keillor (stories),FALSE
1994,Album of the Year,The Bodyguard: Original Soundtrack Album.,The Bodyguard,TRUE
1994,Best Album Notes,The Complete Billie Holiday On Verve 1945-1959,"Billie Holiday (artist), Phil Schaap (album notes writer), Buck Clayton (album notes writer), Joel E. Siegel (album notes writer)",TRUE
1994,Best Alternative Music Album,Zooropa,U2 (artist),TRUE
1994,Best Arrangement on an Instrumental,Mood Indigo,Dave Grusin (arranger),TRUE
1994,Best Bluegrass Album,Waitin' For The Hard Times To Go,Nashville Bluegrass Band (artist),TRUE
1994,Best Chamber Music Performance,"Ives: String Quartets Nos. 1, 2/Barber: String Quartet Op. 11 (American Originals)",Emerson String Quartet (artist),TRUE
1994,Best Classical Album,Bartók: The Wooden Prince & Cantata Profana,"Pierre Boulez (conductor), John Aler (artist), John Tomlinson (artist), Karl-August Naegler (producer)",TRUE
1994,Best Classical Performance-Instrumental Soloist (without orchestra),Barber: The Complete Solo Piano Music,John Browning (artist),TRUE
1994,Best Classical Performance-Instrumental Soloist(s) (with orchestra),Berg: Violin Concerto/Rihm: Time Chant,"Chicago Symphony Orchestra (artist), Anne-Sophie Mutter (artist)",TRUE
1994,Best Classical Vocal Performance,"The Art Of Arleen Auger (Works Of Larsen, Purcell, Schumann, Mozart)",,TRUE
1994,Best Contemporary Blues Album,Feels Like Rain,Buddy Guy (artist),TRUE
1994,Best Contemporary Composition,Carter: Violin Concerto,Elliott Carter (composer),TRUE
1994,Best Contemporary Folk Album,Other Voices/Other Room,Nanci Griffith (artist),TRUE
1994,Best Contemporary Jazz Performance (Instrumental),The Road To You,Pat Metheny (artist),TRUE
1994,Best Contemporary Soul Gospel Album,All Out,The Winans (artist),TRUE
1994,Best Country Collaboration with Vocals,I Fall To Pieces,"Aaron Neville (artist), Trisha Yearwood (artist)",TRUE
1994,Best Country Instrumental Performance,Red Wing,"Lucky Oceans (artist), Marty Stuart (artist), Vince Gill (artist), Chet Atkins (artist), Johnny Gimble (artist), Eldon Shamblin (artist), Asleep at the Wheel (artist)",TRUE
1994,Best Country Performance by a Duo or Group with Vocal,Hard Workin' Man,Brooks & Dunn (artist),TRUE
1994,Best Country Song,Passionate Kisses,"Lucinda Williams (songwriter), Mary Chapin Carpenter (artist)",TRUE
1994,Best Country Vocal Collaboration,Does He Love You,"Linda Davis (artist), Reba McEntire (artist)",TRUE
1994,"Best Country Vocal Performance, Female",Passionate Kisses,Mary Chapin Carpenter (artist),TRUE
1994,"Best Country Vocal Performance, Male",Ain't That Lonely Yet,Dwight Yoakam (artist),TRUE
1994,"Best Engineered Album, Non-Classical",Ten Summoner's Tales,"Sting (artist), Hugh Padgham (engineer)",TRUE
1994,"Best Engineered Recording, Classical",Bartók: The Wooden Prince & Cantata Profana,"Margaret Hillis (choral director), Pierre Boulez (conductor), Rainer Maillard engineer)",TRUE
1994,Best Gospel Album by a Choir or Chorus,Live...We Come Rejoicing,Carol Cymbala (choir director),TRUE
1994,Best Hard Rock Performance,Plush.,Stone Temple Pilots,TRUE
1994,Best Hard Rock Performance,Leave It Alone.,Living Colour,FALSE
1994,Best Hard Rock Performance,Cherub Rock.,Smashing Pumpkins,FALSE
1994,Best Hard Rock Performance with Vocal,Plush,Stone Temple Pilots (artist),TRUE
1994,Best Historical Album,The Complete Billie Holiday On Verve 1945-1959,"Billie Holiday (artist), Michael Lang (compilation producer), Phil Schaap (compilation producer)",TRUE
1994,Best Instrumental Arrangement Accompanying Vocal(s),When I Fall In Love,"Clive Griffin (artist), Céline Dion (artist), Jeremy Lubbock (arranger), David Foster (arranger)",TRUE
1994,Best Instrumental Composition,Forever In Love,Kenny G (composer),TRUE
1994,Best Instrumental Composition Written for a Motion Picture or for Television,Aladdin,Alan Menken,TRUE
1994,Best Instrumental Composition Written for a Motion Picture or for Television,Jurassic Park,John Williams,FALSE
1994,Best Instrumental Composition Written for a Motion Picture or for Television,The Firm,Dave Grusin,FALSE
1994,"Best Jazz Instrumental Performance, Individual or Group","So Near, So Far (Musings For Miles)",Joe Henderson (artist),TRUE
1994,Best Jazz Instrumental Solo,Miles Ahead,Joe Henderson (soloist),TRUE
1994,Best Jazz Vocal Performance,Take A Look,Natalie Cole (artist),TRUE
1994,Best Large Jazz Ensemble Performance,Miles And Quincy Live At Montreux,"Miles Davis (artist), Quincy Jones (artist)",TRUE
1994,Best Latin Pop Album,Aries,Luis Miguel (artist),TRUE
1994,Best Metal Performance with Vocal,I Don't Want To Change The World,Ozzy Osbourne (artist),TRUE
1994,Best Mexican-American Album,Selena Live!.,Selena,TRUE
1994,Best Music Video - Long Form,Sting: Ten Summoners Tales,"Sting (artist), Doug Nichol (video director), Julie Fong (video producer)",TRUE
1994,Best Music Video - Long Form,"Daniel Lanois (artist), Philip King (video director)",,FALSE
1994,Best Music Video - Long Form,"Three Phase: Past, Present, Future","Tangerine Dream (artist), Michael Boydstun (video director)",FALSE
1994,"Best Music Video, Short Form",Peter Gabriel: Steam,"Peter Gabriel (artist), Stephen R. Johnson (video director), Prudence Fenton (video producer)",TRUE
1994,"Best Music Video, Short Form",INXS: Beautiful Girl,"INXS (artist), Mark Pellington (video director)",FALSE
1994,"Best Music Video, Short Form",R.E.M.: Everybody Hurts,"R.E.M. (artist), Jake Scott (video director)",FALSE
1994,Best Musical Album for Children,Aladdin,"Alan Menken (produced by), Tim Rice (produced by)",TRUE
1994,Best Musical Show Album,The Who's Tommy,"George Martin (producer), Pete Townshend (composer/lyricist)",TRUE
1994,Best New Age Album(artist),Spanish Angel,Paul Winter Consort (artist),TRUE
1994,Best New Artist,Toni Braxton,,TRUE
1994,Best Opera Recording,Handel: Semele,"English Chamber Orchestra (artist), Ambrosian Opera Chorus (artist), Steven Paul (producer), John Nelson (conductor), Marilyn Horne (artist), Neil Mackie (artist), Sylvia McNair (artist), Samuel Ramey (artist), Mark S. Doss (artist), Michael Chance (artist), Kathleen Battle (artist), John Aler (artist)",TRUE
1994,Best Orchestral Performance,Bartók: The Wooden Prince,"Pierre Boulez (conductor), Chicago Symphony Orchestra (artist)",TRUE
1994,Best Performance of a Choral Work,Bartók: Cantata Profana,"Chicago Symphony Orchestra (artist), Chicago Symphony Chorus (artist), Pierre Boulez (conductor)",TRUE
1994,Best Polka Album,Accordionally Yours,Walter Ostanek and His Band (artist),TRUE
1994,Best Pop Performance by a Duo or Group with Vocals,A Whole New World (Aladdin's Theme).,Aladdin,TRUE
1994,Best Pop Vocal Performance - Female,I Will Always Love You.,The Bodyguard,TRUE
1994,"Best Pop Vocal Performance, Male",If I Ever Lose My Faith In You,Sting (artist),TRUE
1994,Best Pop/Contemporary Gospel Album,The Live Adventure,Steven Curtis Chapman (artist),TRUE
1994,Best R&B Performance by a Duo or Group with Vocal,No Ordinary Love,Sade (artist),TRUE
1994,Best R&B Song,That's the Way Love Goes,"Janet Jackson, Jimmy Jam, Terry Lewis",TRUE
1994,Best R&B Vocal Performance - Female,Another Sad Love Song.,Toni Braxton,TRUE
1994,Best R&B Vocal Performance - Female,I'm Every Woman.,The Bodyguard,FALSE
1994,"Best R&B Vocal Performance, Female",Another Sad Love Song,Toni Braxton (artist),TRUE
1994,Best Rap Performance by a Duo or Group,Rebirth of Slick (Cool Like Dat).,Digable Planets,TRUE
1994,Best Rap Performance by a Duo or Group,Insane in the Brain.,Cypress Hill,FALSE
1994,Best Rap Performance by a Duo or Group,Hip Hop Hooray.,Naughty By Nature,FALSE
1994,Best Rap Solo Performance,Let Me Ride,Dr. Dre (artist),TRUE
1994,Best Recording Package,The Complete Billie Holiday On Verve 1945-1959,"Billie Holiday (artist), David Lau (art director)",TRUE
1994,Best Reggae Album,Bad Boys,Inner Circle (artist),TRUE
1994,Best Rhythm & Blues Song,That's The Way Love Goes,"Janet Jackson (songwriter), Jimmy Jam (songwriter), Terry Lewis (songwriter)",TRUE
1994,Best Rock Gospel Album,Free At Last,D.C. Talk (artist),TRUE
1994,Best Rock Instrumental Performance,Sofa,Steve Vai (artist),TRUE
1994,Best Rock Performance by a Duo or Group with Vocal,Livin' On The Edge,Aerosmith (artist),TRUE
1994,Best Rock Song,Runaway Train,"David Pirner (songwriter), Soul Asylum (artist)",TRUE
1994,"Best Rock Vocal Performance, Solo",I'd Do Anything For Love (But I Won't Do That),Meat Loaf (artist),TRUE
1994,Best Song Written Specifically for a Motion Picture or for Television,A Whole New World.,Aladdin,TRUE
1994,Best Song Written Specifically for a Motion Picture or for Television,Run to You.,The Bodyguard,FALSE
1994,Best Song Written Specifically for a Motion Picture or for Television,I Don't Wanna Fight.,What's Love Got to Do with It,FALSE
1994,"Best Southern Gospel, Country Gospel or Bluegrass Gospel Album",Good News,Kathy Mattea (artist),TRUE
1994,Best Spoken Comedy Album,They're All Gonna Laugh At You (Album),George Carlin: Jammin' in New York,TRUE
1994,Best Spoken Comedy Album,Lake Wobegan,Garrison Keillor,FALSE
1994,Best Spoken Word Album for Children,Audrey Hepburn's Enchanted Tales.,"Audrey Hepburn (narrator), Deborah Raffin (producer), Michael Viner (producer)",TRUE
1994,Best Spoken Word or Non-musical Album,On The Pulse Of Morning,Maya Angelou (artist),TRUE
1994,Best Traditional Folk Album,The Celtic Harp,The Chieftains (artist),TRUE
1994,Best Traditional Pop Vocal Performance,Steppin' Out,Tony Bennett (artist),TRUE
1994,Best Traditional Soul Gospel Album,Stand Still,Shirley Caesar (artist),TRUE
1994,Best Tropical Latin Album,Mi Tierra,Gloria Estefan (artist),TRUE
1994,Best World Music Album,A Meeting By The River,"Ry Cooder (artist), V.M. Bhatt (artist)",TRUE
1994,Classical Producer of the Year,Judith Sherman (artist),,TRUE
1994,Producer of the Year,David Foster (artist),,TRUE
1994,Record of the Year,I Will Always Love You.,The Bodyguard,TRUE
1994,Song of the Year,A Whole New World (Aladdin's Theme).,Aladdin,TRUE
1994,Best Female Pop Vocal Performance,Dreamlover.,Mariah Carey,FALSE
1994,Best Pop Instrumental Performance,Beauty and the Beast (Movie Version).,Beauty and the Beast,FALSE
1994,"Best R&B Vocal Performance, Male",A Song For You,Ray Charles (artist),FALSE
1994,Best Traditional Blues Album,Blues Summit,B.B. King (artist),FALSE
1995,Album of the Year,MTV Unplugged,"Tony Bennett (artist), David Kahne (producer)",TRUE
1995,Best Album Notes,Louis Armstrong - Portrait Of The Artist As A Young Man 1923-1934,"Dan Morgenstern (album notes writer), Loren Schoenberg (album notes writer), Louis Armstrong (artist)",TRUE
1995,Best Alternative Music Performance,Dookie,Green Day (artist),TRUE
1995,Best Bluegrass Album,The Great Dobro Sessions(Various Artists),,TRUE
1995,Best Chamber Music Performance,Beethoven/Mozart: Quintets (Chicago-Berlin),"Daniele Damiano (artist), Hansjörg Schellenberger (artist), Larry Combs (artist), Dale Clevenger (artist), Daniel Barenboim (artist)",TRUE
1995,Best Choral Performance,Berlioz: Messe solennelle,"John Eliot Gardiner (choir director), Monteverdi Choir, Orchestre Révolutionnaire et Romantique",TRUE
1995,Best Classical Album,"Bartók: Concerto For Orchestra; Four Orchestral Pieces, Op. 12","Karl-August Naegler (producer), Pierre Boulez (artist)",TRUE
1995,Best Classical Contemporary Composition,Albert: Cello Concerto,Stephen Albert (composer),TRUE
1995,Best Classical Vocal Performance,"The Impatient Lover - Italian Songs By Beethoven, Schubert, Mozart",,TRUE
1995,Best Contemporary Blues Album,Father Father,Roebuck 'Pops' Staples (artist),TRUE
1995,Best Contemporary Folk Album,American Recordings,Johnny Cash (artist),TRUE
1995,Best Contemporary Jazz Performance,Out Of The Loop,Becker Brothers (artist),TRUE
1995,Best Contemporary Soul Gospel Album,Join The Band,Take 6 (artist),TRUE
1995,Best Country Album,Stones In The Road,Mary Chapin Carpenter (artist),TRUE
1995,Best Country Instrumental Performance,Young Thing,Chet Atkins (artist),TRUE
1995,Best Country Performance by a Duo or Group with Vocal,Blues For Dixie,"Lyle Lovett (artist), Asleep at the Wheel (artist)",TRUE
1995,Best Country Song,I Swear,"Gary Baker (songwriter), Frank J. Myers (songwriter), John Michael Montgomery (artist)",TRUE
1995,Best Country Vocal Collaboration,I Fall To Pieces,"Aaron Neville (artist), Trisha Yearwood (artist)",TRUE
1995,"Best Engineered Album, Non-Classical",Longing In Their Hearts,"Bonnie Raitt (artist), Ed Cherney (engineer)",TRUE
1995,Best Female Country Vocal Performance,Shut Up And Kiss Me,Mary Chapin Carpenter (artist),TRUE
1995,Best Female Pop Vocal Performance,All I Wanna Do,Sheryl Crow (artist),TRUE
1995,Best Female R&B Vocal Performance,Breathe Again.,Toni Braxton,TRUE
1995,Best Female Rock Vocal Performance,Come To My Window,Melissa Etheridge (artist),TRUE
1995,Best Gospel Album by a Choir or Chorus,Live In Atlanta At Morehouse College,"Hezekiah Walker (choir director), The Love Fellowship Crusade Choir (artist)",TRUE
1995,Best Hard Rock Performance,Black Hole Sun,Soundgarden,TRUE
1995,Best Historical Album,The Complete Ella Fitzgerald Song Books On Verve,"Ella Fitzgerald (artist), Michael Lang (compilation producer)",TRUE
1995,Best Instrumental Arrangement,Three Cowboy Songs,Dave Grusin (arranger),TRUE
1995,Best Instrumental Arrangement with Accompanying Vocals,Circle of Life / Nants' Inginyama,The Lion King,TRUE
1995,Best Instrumental Composition,African Skies,Michael Brecker (composer),TRUE
1995,Best Instrumental Composition Written for a Motion Picture or for Television,Schindler's List,John Williams,TRUE
1995,Best Instrumental Composition Written for a Motion Picture or for Television,The Lion King,Hans Zimmer,FALSE
1995,Best Instrumental Composition Written for a Motion Picture or for Television,Wolf,Ennio Morricone,FALSE
1995,Best Instrumental Soloist Performance (with orchestra),"The New York Album - Works Of Albert, Bartok & Bloch",Yo-Yo Ma (artist),TRUE
1995,Best Instrumental Soloist Performance Without Orchestra,"Haydn: Piano Sonatas, Nos. 32, 47, 53, 59",Emanuel Ax (artist),TRUE
1995,"Best Jazz Instrumental Performance, Individual or Group",A Tribute To Miles,"Tony Williams (artist), Wayne Shorter (artist), Wallace Roney (artist), Herbie Hancock (artist), Ron Carter (artist)",TRUE
1995,Best Jazz Instrumental Solo,Prelude To A Kiss,Benny Carter (soloist),TRUE
1995,Best Jazz Vocal Performance,Mystery Lady - Songs Of Billie Holiday,Etta James (artist),TRUE
1995,Best Large Jazz Ensemble Performance,Journey,McCoy Tyner (artist),TRUE
1995,Best Latin Jazz Performance,Danzon,Arturo Sandoval (artist),TRUE
1995,Best Latin Pop Performance,Segundo Romance,Luis Miguel (artist),TRUE
1995,Best Male Country Vocal Performance,When Love Finds You,Vince Gill (artist),TRUE
1995,Best Male Pop Vocal Performance,Can You Feel the Love Tonight.,The Lion King,TRUE
1995,Best Male R&B Vocal Performance,When Can I See You,Kenneth 'Babyface' Edmonds (artist),TRUE
1995,Best Male Rock Vocal Performance,Streets Of Philadelphia,Bruce Springsteen (artist),TRUE
1995,Best Metal Performance,Spoonman,Soundgarden,TRUE
1995,Best Mexican-American Performance,Recuerdo A Javier Solis,Vikki Carr (artist),TRUE
1995,Best Music Video - Long Form,U2: Zoo TV Live from Sydney,"Bono (artist), Adam Clayton (artist), The Edge (artist), Larry Mullen Jr. (artist), David Mallet (video director), Ned O'Hanlon (video producer), Rocky Oldham (video producer)",TRUE
1995,Best Music Video - Long Form,Depeche Mode: Devotional,"Depeche Mode (artist), Anton Corbijn (video director)",FALSE
1995,Best Music Video - Long Form,Peter and the Wolf: A Prokofiev Fantasy,"Claudio Abbado (artist), Sting (narrator), Steve Bendelack (video director), Roger Law (video director), Christopher Swann (video director)",FALSE
1995,"Best Music Video, Short Form",The Rolling Stones: Love Is Strong,"The Rolling Stones (artist), David Fincher (video director), Ceán Chaffin (video producer)",TRUE
1995,"Best Music Video, Short Form",Angélique Kidjo: Agolo,"Angélique Kidjo (artist), Michel Meyer (video director)",FALSE
1995,"Best Music Video, Short Form",Pet Shop Boys: Go West,"Pet Shop Boys (artist), Howard Greenhalgh (video director)",FALSE
1995,Best Musical Album for Children,The Lion King,"Chris Thomas (produced by), Hans Zimmer (produced by), Jay Rifkin (produced by), Mark Mancina (produced by)",TRUE
1995,Best Musical Show Album,Passion,"Original Broadway Cast (artist), Phil Ramone (producer), Stephen Sondheim (composer/lyricist)",TRUE
1995,Best New Age Album,Prayer For The Wild Things,Paul Winter (artist),TRUE
1995,Best New Artist,Sheryl Crow,,TRUE
1995,Best Opera Recording,Floyd: Susannah,"Martin Sauer (producer), Kent Nagano (conductor), Cheryl Studer (artist), Kenny Chesney (artist), Samuel Ramey (artist), Jerry Hadley (artist)",TRUE
1995,Best Orchestral Performance,"Bartók: Concerto For Orchestra: Four Orchestral Pieces, Op. 12","Pierre Boulez (conductor), Chicago Symphony Orchestra (artist)",TRUE
1995,Best Polka Album,Music And Friends,Walter Ostanek (artist),TRUE
1995,Best Pop Album,Longing In Their Hearts,Bonnie Raitt (artist),TRUE
1995,Best Pop Instrumental Performance,Cruisin',Booker T. & the M.G.s (artist),TRUE
1995,Best Pop Performance by a Duo or Group with Vocal,I Swear,Delious Kennedy (artist),TRUE
1995,Best Pop Vocal Collaboration,Funny How Time Slips Away,"Lyle Lovett (artist), Al Green (artist)",TRUE
1995,Best Pop/Contemporary Gospel Album,Mercy,Andraé Crouch (artist),TRUE
1995,Best R&B Album,II,Boyz II Men (artist),TRUE
1995,Best R&B Performance by a Duo or Group with Vocal,I'll Make Love To You,Boyz II Men (artist),TRUE
1995,Best Rap Performance by a Duo or Group,None Of Your Business,Salt-N-Pepa (artist),TRUE
1995,Best Rap Solo Performance,U.N.I.T.Y.,Queen Latifah (artist),TRUE
1995,Best Recording Package,Tribute To The Music Of Bob Wills & The Texas Playboys,"Asleep at the Wheel (artist), Buddy Jackson (art director)",TRUE
1995,Best Recording Package - Boxed,The Complete Ella Fitzgerald Songbooks,"Chris Thompson (art director), Ella Fitzgerald (artist)",TRUE
1995,Best Reggae Album,Crucial! Roots Classics,Bunny Wailer (artist),TRUE
1995,Best Rhythm & Blues Song,I'll Make Love To You,"Boyz II Men (artist), Kenneth 'Babyface' Edmonds (songwriter)",TRUE
1995,Best Rock Album,Voodoo Lounge,The Rolling Stones (artist),TRUE
1995,Best Rock Gospel Album,Wake-Up Call,Petra (artist),TRUE
1995,Best Rock Instrumental Performance,Marooned,Pink Floyd (artist),TRUE
1995,Best Rock Performance by a Duo or Group with Vocal,Crazy,Aerosmith (artist),TRUE
1995,Best Rock Song,Streets Of Philadelphia,Bruce Springsteen (songwriter),TRUE
1995,Best Song Written Specifically for a Motion Picture or for Television,Streets of Philadelphia.,Philadelphia,TRUE
1995,Best Song Written Specifically for a Motion Picture or for Television,Circle of Life.,The Lion King,FALSE
1995,Best Song Written Specifically for a Motion Picture or for Television,I'll Remember.,With Honors,FALSE
1995,"Best Southern Gospel, Country Gospel or Bluegrass Gospel Album",I Know Who Holds Tomorrow,"The Cox Family (artist), Alison Krauss (artist)",TRUE
1995,Best Spoken Comedy Album,Live From Hell,Sam Kinison (artist),TRUE
1995,Best Spoken Word Album for Children,The Lion King Read-Along,Robert Guillaume (artist),TRUE
1995,Best Spoken Word or Non-Musical Album,Get In The Van - On The Road With Black Flag,,TRUE
1995,Best Traditional Blues Album,From The Cradle,Eric Clapton (artist),TRUE
1995,Best Traditional Folk Album,World Gone Wrong,Bob Dylan (artist),TRUE
1995,Best Traditional Pop Vocal Performance,MTV Unplugged,Tony Bennett (artist),TRUE
1995,Best Traditional Soul Gospel Album,Songs Of The Church - Live In Memphis,Albertina Walker (artist),TRUE
1995,Best Tropical Latin Performance,Master Sessions Volume 1,Cachao (artist),TRUE
1995,Best World Music Album,Talking Timbuktu,"Ali Farka Touré (artist), Ry Cooder (artist)",TRUE
1995,Classical Producer of the Year,Andrew Cornall (artist),,TRUE
1995,Producer of the Year,Don Was (artist),,TRUE
1995,Record of the Yearw,All I Wanna Do,"Sheryl Crow (artist), Bill Bottrell (producer)",TRUE
1995,Song of the Year,Streets Of Philadelphia,Bruce Springsteen (songwriter),TRUE
1995,Best Country Collaboration with Vocals,Silver Threads and Golden Needles.,"Dolly Parton, Tammy Wynette, Loretta Lynn",FALSE
1995,"Best Mexican-American Performance, Vocal or Instrumental",Amor Prohibido.,Selena,FALSE
1995,Best Pop Collaboration with Vocals,Endless Love.,"Mariah Carey, Luther Vandross",FALSE
1995,Best Spoken Word Album For Children,Johnny Appleseed,Garrison Keillor,FALSE
1996,Album of the Year,Jagged Little Pill,"Alanis Morissette, Glen Ballard (producer)",TRUE
1996,Best Album Notes,"The Complete Stax/Volt Soul Singles, Vol. 3: 1972-1975(Various Artists)",Rob Bowman (album notes writer),TRUE
1996,Best Alternative Music Performance,MTV Unplugged In New York,Nirvana (artist),TRUE
1996,Best Bluegrass Album,Unleashed,Nashville Bluegrass Band (artist),TRUE
1996,Best Chamber Music Performance,Brahms/Beethoven/Mozart: Clarinet Trios,"Richard Stoltzman (artist), Emanuel Ax (artist), Yo-Yo Ma (artist)",TRUE
1996,Best Choral Performance,Brahms: Ein Deutsches Requiem,"San Francisco Symphony (artist), Herbert Blomstedt (conductor)",TRUE
1996,Best Classical Album,Debussy: La Mer; Nocturnes; Jeux,"Karl-August Naegler (producer), Pierre Boulez (artist)",TRUE
1996,Best Classical Contemporary Composition,Messiaen: Concert A Quatre,Olivier Messiaen (composer),TRUE
1996,Best Classical Engineered Recording,Bartók: Concerto For Orchestra; Kossuth - Symphonic Poem,"Herbert Blomstedt (conductor), Jonathan Stokes (engineer), Michael Mailer (engineer)",TRUE
1996,Best Classical Vocal Performance,The Echoing Air - The Music Of Henry Purcell,The Academy of Ancient Music (artist),TRUE
1996,Best Contemporary Blues Album,Slippin' In,Buddy Guy (artist),TRUE
1996,Best Contemporary Folk Album,Wrecking Ball,Emmylou Harris (artist),TRUE
1996,Best Contemporary Jazz Performance,We Live Here,Pat Metheny (artist),TRUE
1996,Best Contemporary Soul Gospel Album,Alone In His Presence,CeCe Winans (artist),TRUE
1996,Best Country Album,The Woman In Me,Shania Twain (artist),TRUE
1996,Best Country Collaboration with Vocals,Somewhere In The Vicinity Of The Heart,"Alison Krauss (artist), Shenandoah (artist)",TRUE
1996,Best Country Instrumental Performance,Hightower,"Johnny Gimble (artist), Asleep at the Wheel (artist), Bela Fleck (artist)",TRUE
1996,Best Country Performance by a Duo or Group with Vocal,Here Comes The Rain,The Mavericks (artist),TRUE
1996,Best Country Song,Go Rest High On That Mountain,Vince Gill (songwriter),TRUE
1996,"Best Engineered Album, Non-Classical",Wildflowers,"Jim Scott (engineer), Stephen McLaughlin (engineer), Richard Dodd (engineer), David Bianco (engineer)",TRUE
1996,Best Female Country Vocal Performance,"Baby, Now That I've Found You",Alison Krauss (artist),TRUE
1996,Best Female Pop Vocal Performance,No More I Love You's.,Annie Lennox,TRUE
1996,Best Female R&B Vocal Performance,I Apologize,Anita Baker (artist),TRUE
1996,Best Female R&B Vocal Performance,Always Be My Baby.,Mariah Carey,FALSE
1996,Best Female Rock Vocal Performance,You Oughta Know,Alanis Morissette (artist),TRUE
1996,Best Gospel Album by a Choir or Chorus,Praise Him - Live!,Carol Cymbala (choir director),TRUE
1996,Best Hard Rock Performance,Spin The Black Circle,Pearl Jam (artist),TRUE
1996,Best Historical Album,The Heifetz Collection(Various Artists),"Jascha Heifetz (artist), David Satz (mastering engineer), Jon M. Samuels (mastering engineer), Anthony Salvatore (mastering engineer), James Nichols (mastering engineer), Thomas McCluskey (mastering engineer), Ray Hall (mastering engineer), John Pfeiffer (compilation producer)",TRUE
1996,Best Instrumental Arrangement,Lament,"J.J. Johnson (artist), Robert Farnon (arranger)",TRUE
1996,Best Instrumental Arrangement with Accompanying Vocal(s),I Get A Kick Out Of You,"Rob McConnell & The Boss Brass (artist), Mel Tormé (artist), Rob McConnell (arranger)",TRUE
1996,Best Instrumental Composition,A View From The Side,Bill Holman (composer),TRUE
1996,Best Instrumental Composition Written for a Motion Picture or for Television,Crimson Tide.,Crimson Tide,TRUE
1996,Best Instrumental Composition Written for a Motion Picture or for Television,For the main title.,Ed Wood,FALSE
1996,Best Instrumental Composition Written for a Motion Picture or for Television,Buggy Ride.,Wynton Marsalis,FALSE
1996,Best Instrumental Soloist Performance (without orchestra),Schubert: Piano Sonatas (B Flat Major And A Major),Radu Lupu (artist),TRUE
1996,Best Instrumental Soloist(s) Performance (with orchestra),"The American Album - Works Of Bernstein, Barber, Foss","Boston Symphony Orchestra (artist), Itzhak Perlman (artist)",TRUE
1996,"Best Jazz Instrumental Performance, Individual or Group",Infinity,"McCoy Tyner (artist), Michael Brecker (artist)",TRUE
1996,Best Jazz Instrumental Solo,Impressions,Michael Brecker (soloist),TRUE
1996,Best Jazz Vocal Performance,An Evening With Lena Horne,Lena Horne (artist),TRUE
1996,Best Large Jazz Ensemble Performance,All Blues,Tom Scott (artist),TRUE
1996,Best Latin Pop Performance,Amor,Jon Secada (artist),TRUE
1996,Best Male Country Vocal Performance,Go Rest High On That Mountain,Vince Gill (artist),TRUE
1996,Best Male Pop Vocal Performance,Kiss From a Rose,Seal,TRUE
1996,Best Male R&B Vocal Performance,For Your Love,Stevie Wonder (artist),TRUE
1996,Best Male Rock Vocal Performance,You Don't Know How It Feels,Tom Petty (artist),TRUE
1996,Best Metal Performance,Happiness In Slavery,Nine Inch Nails (artist),TRUE
1996,Best Mexican-American/Tejano Music Performance,Flaco Jimenez,Flaco Jiménez (artist),TRUE
1996,Best Music Video - Long Form,Peter Gabriel's Secret World,"Peter Gabriel (artist), François Girard (video director), Robert Warr (video producer)",TRUE
1996,Best Music Video - Long Form,"James McMurtry (video director), K.C. Amos (video director), Sande Chen (video director), Linda Feferman (video director), Johannes Gamble (video director), Nathan Hope (video director), Pip Johnson (video director), Brenda McIntyre (video director), Luillo Ruiz (video director), Deborah Stratman (video director)",,FALSE
1996,Best Music Video - Long Form,"The Line, the Cross & the Curve","Kate Bush (artist/video director), Margarita Doyle (video producer)",FALSE
1996,"Best Music Video, Long Form",Secret World Live,"Peter Gabriel (artist), Robert Warr (video producer), François Girard (video director)",TRUE
1996,"Best Music Video, Short Form",Michael Jackson Feat. Janet Jackson: Scream,"Janet Jackson (artist), Michael Jackson (artist), Mark Romanek (video director), Ceán Chaffin (video producer)",TRUE
1996,"Best Music Video, Short Form",Dave Matthews Band: What Would You Say,"Dave Matthews Band (artist), David Hogan (video director), Jack Hardwicke (video producer)",FALSE
1996,"Best Music Video, Short Form",Sinéad O'Connor: Famine,"Sinéad O'Connor (artist), Andy Delaney (video director), Monty Whitebloom (video director), Sid Daffarn (video producer)",FALSE
1996,Best Musical Album for Children,Sleepy Time Lullabys,Barbara Bailey Hutchison (artist),TRUE
1996,Best New Age Album,Forest,George Winston (artist),TRUE
1996,Best New Artist,Hootie & the Blowfish,,TRUE
1996,Best New Artist,Brandy Norwood,,FALSE
1996,Best New Artist,Shania Twain,,FALSE
1996,Best Opera Recording,Berlioz: Les Troyens,"Choeur de l'Orchestre Symphonique de Montréal (artist), Raymond Minshull (producer), Charles Dutoit (conductor), Deborah Voigt (artist), Gino Quilico (artist), Françoise Pollet (artist), Gary Lakes (artist)",TRUE
1996,Best Orchestral Performance,Debussy: La Mer,"The Cleveland Orchestra (artist), Pierre Boulez (conductor)",TRUE
1996,Best Polka Album,I Love To Polka,Jimmy Sturr (artist),TRUE
1996,Best Pop Album,Turbulent Indigo,Joni Mitchell (artist),TRUE
1996,Best Pop Collaboration with Vocals,Have I Told You Lately That I Love You?,"The Chieftains (artist), Van Morrison (artist)",TRUE
1996,Best Pop Collaboration with Vocals,Scream,"Michael Jackson, Janet Jackson",FALSE
1996,Best Pop Instrumental Performance,Mariachi Suite,Los Lobos (artist),TRUE
1996,Best Pop Performance by a Duo or Group with Vocals,Let Her Cry,Darius Rucker (artist),TRUE
1996,Best Pop/Contemporary Gospel Album,I'll Lead You Home,Michael W. Smith (artist),TRUE
1996,Best R&B Album,Crazysexycool,TLC (artist),TRUE
1996,Best R&B Performance by a Duo or Group with Vocal,Creep,TLC (artist),TRUE
1996,Best Rap Album,Poverty's Paradise.,Naughty By Nature,TRUE
1996,Best Rap Album,Return to the 36 Chambers: The Dirty Version.,Ol' Dirty Bastard,FALSE
1996,Best Rap Album,Me Against the World.,Tupac Shakur,FALSE
1996,Best Rap Performance by a Duo or Group,I'll Be There for You/You're All I Need to Get By .,"Mary J. Blige, Method Man",TRUE
1996,Best Rap Solo Performance,Gangsta's Paradise,Coolio (artist),TRUE
1996,Best Recording Package,Turbulent Indigo,"Joni Mitchell (art director), Robbie Cavolina (art director)",TRUE
1996,Best Recording Package - Boxed,Civilization Phaze III,"Frank Zappa (art director), Gail Zappa (art director)",TRUE
1996,Best Reggae Album,Boombastic,Shaggy (artist),TRUE
1996,Best Rhythm & Blues Song,For Your Love,Stevie Wonder (songwriter),TRUE
1996,Best Rock Album,Jagged Little Pill,Alanis Morissette (artist),TRUE
1996,Best Rock Gospel Album,Lesson Of Love,Ashley Cleveland (artist),TRUE
1996,Best Rock Instrumental Performance,Jessica,The Allman Brothers Band (artist),TRUE
1996,Best Rock Performance by a Duo or Group with Vocal,Run-Around,John Popper (artist),TRUE
1996,Best Rock Song,You Oughta Know,"Glen Ballard (songwriter), Alanis Morissette (songwriter)",TRUE
1996,Best Song Written Specifically for a Motion Picture or for Television,Colors of the Wind.,Pocahontas,TRUE
1996,Best Song Written Specifically for a Motion Picture or for Television,Love Me Still.,Clockers,FALSE
1996,Best Song Written Specifically for a Motion Picture or for Television,Whatever You Imagine.,The Pagemaster,FALSE
1996,"Best Southern Gospel, Country Gospel or Bluegrass Gospel Album",Amazing Grace - A Country Salute To Gospel(Various Artists),,TRUE
1996,Best Spoken Comedy Album,Crank(y) Calls.,Jonathan Winters,TRUE
1996,Best Spoken Comedy Album,God's Other Son.,Don Imus,FALSE
1996,Best Spoken Word Album for Children,Prokofiev: Peter And The Wolf,Patrick Stewart (artist),TRUE
1996,Best Spoken Word or Non-musical Album,Phenomenal Woman,Maya Angelou (artist),TRUE
1996,Best Traditional Blues Album,Chill Out,John Lee Hooker (artist),TRUE
1996,Best Traditional Folk Album,South Coast,Ramblin' Jack Elliott (artist),TRUE
1996,Best Traditional Pop Vocal Performance,Duets II,Frank Sinatra (artist),TRUE
1996,Best Traditional Soul Gospel Album,Shirley Caesar Live - He Will Come,Shirley Caesar (artist),TRUE
1996,Best Tropical Latin Performance,Abriendo Puertas,Gloria Estefan (artist),TRUE
1996,Best World Music Album,Boheme,Deep Forest (artist),TRUE
1996,Classical Producer of the Year,Steven Epstein (artist),,TRUE
1996,Producer of the Year,Babyface,,TRUE
1996,Record of the Year,Kiss From a Rose,"Trevor Horn (producer), Seal",TRUE
1996,Song of the Year,Kiss From a Rose,Seal (artist/songwriter),TRUE
1996,Best Latin Jazz Performance,Antonio Brasileiro,Jobim (artist),FALSE
1996,Best Musical Show Album,Smokey Joe's Cafe - The Songs Of Leiber & Stoller,"Original Broadway Cast (artist), Mike Stoller (producer), Arif Mardin (producer), Jerry Leiber (producer)",FALSE
1996,Best Pop Vocal Album,Daydream.,Mariah Carey,FALSE
1996,Best Rock Vocal Performance by a Duo or Group,For the song 'Kashmir'.,"Jimmy Page, Robert Plant",FALSE
1996,Best Spoken Word Album,Guy Noir: Radio Private Eye,Garrison Keillor,FALSE
1997,Album of the Year,Falling Into You,"Ric Wake (producer), Jim Steinman (producer), Billy Steinberg (producer), Steven Rinkoff (producer), Rick Nowels (producer), Aldo Nova (producer), John Jones (producer), Dan Hill (producer), Rick Hahn (producer), Rick Hahn (producer), Jean-Jacques Goldman (producer), Humberto Gatica (producer), David Foster (producer), Jeff Bova (producer), Roy Bittan (producer), Céline Dion (artist)",TRUE
1997,Best Album Notes,The Complete Columbia Studio Recordings,"Gil Evans (artist), Miles Davis (artist), Phil Schaap (album notes writer), Bill Kirchner (album notes writer), Bob Belden (album notes writer), George Avakian (album notes writer)",TRUE
1997,Best Alternative Music Performance,Odelay,Beck (artist),TRUE
1997,Best Bluegrass Album,True Life Blues - The Songs Of Bill Monroe(Various Artists),,TRUE
1997,Best Chamber Music Performance,Corigliano: String Quartet,"Peter Salaff (artist), William Preucil (artist), Paul Katz (artist), James Dunham (artist), Cleveland Quartet (artist)",TRUE
1997,Best Choral Performance,Walton: Belshazzar's Feast,"Bournemouth Symphony Orchestra (artist), Andrew Litton (conductor), Neville Creed (chorus master), David Hill (chorus master)",TRUE
1997,Best Classical Album,Corigliano: Of Rage And Remembrance,"Joanna Nickrenz (producer), Leonard Slatkin (artist)",TRUE
1997,Best Classical Contemporary Composition,Corigliano: String Quartet,John Corigliano (composer),TRUE
1997,Best Classical Engineered Recording,Copland: Dance Symphony; Short Symphony; Organ Symphony,"Leonard Slatkin (conductor), William Hoekstra (engineer), Lawrence Rock (engineer)",TRUE
1997,Best Classical Vocal Performance,"Opera Arias - Works Of Mozart, Wagner, Borodin",Metropolitan Opera Orchestra (artist),TRUE
1997,Best Contemporary Blues Album,Just Like You,Keb' Mo' (artist),TRUE
1997,Best Contemporary Folk Album,The Ghost Of Tom Joad,Bruce Springsteen (artist),TRUE
1997,Best Contemporary Jazz Performance,High Life,Wayne Shorter (artist),TRUE
1997,Best Contemporary Soul Gospel Album,Whatcha Lookin' 4,Kirk Franklin (artist),TRUE
1997,Best Country Album,The Road To Ensenada,Lyle Lovett (artist),TRUE
1997,Best Country Collaboration with Vocals,High Lonesome Sound,"Alison Krauss (artist), Vince Gill (Featuring)",TRUE
1997,Best Country Instrumental Performance,Jam Man,Chet Atkins (artist),TRUE
1997,Best Country Song,Blue,"LeAnn Rimes (artist), Bill Mack (songwriter)",TRUE
1997,Best Country Vocal Performance - Female,How Do I Live,Trisha Yearwood (artist),TRUE
1997,Best Country Vocal Performance by a Duo or Group,My Maria,Brooks & Dunn (artist),TRUE
1997,Best Dance Recording,Carry On,"Donna Summer (artist), Giorgio Moroder (artist/producer)",TRUE
1997,"Best Engineered Album, Non-Classical",Q's Jook Joint,"Quincy Jones (artist), Thomas Vicari (engineer), Bruce Swedien (engineer), Al Schmitt (engineer), Francis Buckley (engineer)",TRUE
1997,Best Female Country Vocal Performance,Blue,LeAnn Rimes (artist),TRUE
1997,Best Female Pop Vocal Performance,Un-Break My Heart.,Toni Braxton,TRUE
1997,Best Female R&B Vocal Performance,You're Makin' Me High.,Toni Braxton,TRUE
1997,Best Female R&B Vocal Performance,Not Gon' Cry.,Waiting to Exhale,FALSE
1997,Best Female Rock Vocal Performance,If It Makes You Happy,Sheryl Crow (artist),TRUE
1997,Best Gospel Album by a Choir or Chorus,Just A Word,Shirley Caesar (choir director),TRUE
1997,Best Hard Rock Performance,Bullet With Butterfly Wings,Smashing Pumpkins (artist),TRUE
1997,Best Hard Rock Performance,Pretty Noose,Soundgarden,FALSE
1997,Best Historical Album,The Complete Columbia Studio Recordings,"Miles Davis (artist), Gil Evans (artist), Mark Wilder (engineer), Phil Schaap (producer/engineer), Bob Belden (producer)",TRUE
1997,Best Instrumental Arrangement,An American Symphony (Mr. Holland's Opus),Michael Kamen (arranger),TRUE
1997,Best Instrumental Arrangement with Accompanying Vocal(s),When I Fall In Love,"Nat 'King' Cole (artist), Natalie Cole (artist), David Foster (arranger), Alan Broadbent (arranger)",TRUE
1997,Best Instrumental Composition,Manhattan (Island Of Lights And Love),"Herbie Hancock (composer), Jean Hancock (composer)",TRUE
1997,Best Instrumental Composition Written for a Motion Picture or for Television,Independence Day.,Independence Day,TRUE
1997,Best Instrumental Composition Written for a Motion Picture or for Television,Get Shorty.,Get Shorty,FALSE
1997,Best Instrumental Composition Written for a Motion Picture or for Television,Unstrung Heroes,Thomas Newman,FALSE
1997,Best Instrumental Soloist Performance (without orchestra),"The Romantic Master - Works Of Saint-Saens, Handel",Earl Wild (artist),TRUE
1997,Best Instrumental Soloist(s) Performance (with orchestra),Bartók: The Three Piano Concertos,"The Los Angeles Philharmonic (artist), Yefim Bronfman (artist)",TRUE
1997,"Best Jazz Instrumental Performance, Individual or Group",Tales From The Hudson,Michael Brecker (artist),TRUE
1997,Best Jazz Instrumental Solo,Cabin Fever,Michael Brecker (soloist),TRUE
1997,Best Jazz Vocal Performance,New Moon Daughter,Cassandra Wilson (artist),TRUE
1997,Best Large Jazz Ensemble Performance,Live At Manchester Craftsmen's Guild,Grover Mitchell (artist),TRUE
1997,Best Latin Jazz Performance,Portraits Of Cuba,Paquito D'Rivera (artist),TRUE
1997,Best Latin Pop Performance,Enrique Iglesias,Enrique Iglesias (artist),TRUE
1997,Best Male Country Vocal Performance,Worlds Apart,Vince Gill (artist),TRUE
1997,Best Male Pop Vocal Performancea,Change The World,Eric Clapton (artist),TRUE
1997,Best Male R&B Vocal Performance,Your Secret Love,Luther Vandross (artist),TRUE
1997,Best Male Rock Vocal Performance,Where It's At,Beck (artist),TRUE
1997,Best Metal Performance,Tire Me,Rage Against the Machine (artist),TRUE
1997,Best Mexican-American/Tejano Music Performance,Un Millon De Rosas,La Mafia (artist),TRUE
1997,Best Music Video - Long Form,"John Lennon was not nominated, having died in 1980.",The Beatles Anthology,TRUE
1997,Best Music Video - Long Form,Bon Jovi: Live from London,"Jon Bon Jovi (artist), Richie Sambora (artist), Alec John Such (artist), Tico Torres (artist), David Mallet (video director)",FALSE
1997,Best Music Video - Long Form,Satie and Suzanne,"Reinbert de Leeuw (artist), Tim Southam (video director)",FALSE
1997,"Best Music Video, Short Form","John Lennon was not nominated, having died in 1980.",The Beatles: Free as a Bird,TRUE
1997,"Best Music Video, Short Form",Green Day: Walking Contradiction,"Green Day (artist), Roman Coppola (video director), unknown (video producer)",FALSE
1997,"Best Music Video, Short Form","The Smashing Pumpkins: Tonight, Tonight","Smashing Pumpkins (artist), Jonathan Dayton (video director), Valerie Faris (video director), Bart Lipton (video producer)",FALSE
1997,Best Musical Album for Children,Dedicated To The One I Love,Linda Ronstadt (artist),TRUE
1997,Best Musical Show Album,Riverdance(Various Artists),Bill Whelan (composer/lyricist/producer),TRUE
1997,Best New Age Album,The Memory Of Trees,Enya (artist),TRUE
1997,Best New Artist,LeAnn Rimes,,TRUE
1997,Best New Artist,Jewel Kilcher,,FALSE
1997,Best New Artist,Tony Rich,,FALSE
1997,Best Opera Recording,Britten: Peter Grimes,"City of London Sinfonia (artist), London Symphony Chorus (artist), Brian Couzens (producer), Richard Hickox (conductor), Alan Opie (artist), Janice Watson (artist), Philip Langridge (artist)",TRUE
1997,Best Orchestral Performance,Prokofiev: Romeo And Juliet (Scenes From The Ballet),"San Francisco Symphony (artist), Michael Tilson Thomas (conductor)",TRUE
1997,Best Polka Album,Polka! All Night Long,Jimmy Sturr (artist),TRUE
1997,Best Pop Album,Falling Into You,Céline Dion (artist),TRUE
1997,Best Pop Collaboration with Vocals,When I Fall In Love,"Natalie Cole (artist), Nat 'King' Cole (artist)",TRUE
1997,Best Pop Instrumental Performance,The Sinister Minister,"The Flecktones (artist), Bela Fleck (artist)",TRUE
1997,Best Pop Performance by a Duo or Group with Vocal,Free As A Bird,The Beatles (artist),TRUE
1997,Best Pop/Contemporary Gospel Album,Tribute - The Songs Of Andrae Crouch(Various Artists),,TRUE
1997,Best R&B Album,Words,Tony Rich (artist),TRUE
1997,Best R&B Performance by a Duo or Group with Vocal,Killing Me Softly With His Song,Fugees (artist),TRUE
1997,Best Rap Album,The Score.,Fugees,TRUE
1997,Best Rap Album,Gangsta's Paradise.,Coolio,FALSE
1997,Best Rap Album,All Eyez On Me.,Tupac Shakur,FALSE
1997,Best Rap Performance by a Duo or Group,Tha Crossroads,Bone Thugs n Harmony (artist),TRUE
1997,Best Rap Solo Performance,Hey Lover,LL Cool J,TRUE
1997,Best Recording Package,Ultra-Lounge (Leopard Skin Sampler)(Various Artists),"Tommy Steele (art director), Andy Engel (art director)",TRUE
1997,Best Recording Package - Boxed,The Complete Columbia Studio Recordings,"Gil Evans (artist), Miles Davis (artist), Arnold Levine (art director), Chika Azuma (art director)",TRUE
1997,Best Reggae Album,Hall Of Fame - A Tribute To Bob Marley's 50th Anniversary,Bunny Wailer (artist),TRUE
1997,Best Rhythm & Blues Song,Exhale (Shoop Shoop),"Kenneth 'Babyface' Edmonds (songwriter), Whitney Houston (artist)",TRUE
1997,Best Rock Album,Sheryl Crow,Sheryl Crow (artist),TRUE
1997,Best Rock Gospel Album,Jesus Freak,D.C. Talk (artist),TRUE
1997,Best Rock Instrumental Performance,SRV Shuffle,"Art Neville (artist), Dr. John (artist), Buddy Guy (artist), B.B. King (artist), Robert Cray (artist), Bonnie Raitt (artist), Eric Clapton (artist), Jimmie Vaughan (artist)",TRUE
1997,Best Rock Performance by a Duo or Group with Vocal,So Much To Say,Dave Matthews Band (artist),TRUE
1997,Best Rock Song,For 'Give Me One Reason',Tracy Chapman,TRUE
1997,Best Small Ensemble Performance (with or without conductor),Boulez: ...Explosante-Fixe...,,TRUE
1997,Best Song Written Specifically for a Motion Picture or for Television,Because You Loved Me (Theme From Up Close & Personal),Up Close & Personal,TRUE
1997,Best Song Written Specifically for a Motion Picture or for Television,It Hurts Like Hell.,Waiting to Exhale,FALSE
1997,Best Song Written Specifically for a Motion Picture or for Television,Count On Me.,Waiting to Exhale,FALSE
1997,"Best Southern Gospel, Country Gospel or Bluegrass Gospel Album",I Love To Tell The Story - 25 Timeless Hymns,Andy Griffith (artist),TRUE
1997,Best Spoken Comedy Album,Rush Limbaugh Is A Big Fat Idiot,Al Franken (artist),TRUE
1997,Best Spoken Word Album for Children,Stellaluna,David Holt (artist),TRUE
1997,Best Spoken Word or Non-musical Album,It Takes a Village,Hillary Clinton,TRUE
1997,Best Traditional Blues Album,Deep In The Blues,James Cotton (artist),TRUE
1997,Best Traditional Folk Album,Pete,Pete Seeger (artist),TRUE
1997,Best Traditional Pop Vocal Performance,Here's To The Ladies,Tony Bennett (artist),TRUE
1997,Best Traditional Soul Gospel Album,Face To Face,Cissy Houston (artist),TRUE
1997,Best Tropical Latin Performance,La Rosa De Los Vientos,Rubén Blades (artist),TRUE
1997,Best World Music Album,Santiago,The Chieftains (artist),TRUE
1997,Classical Producer of the Year,Joanna Nickrenz (artist),,TRUE
1997,Producer of the Year,Kenneth 'Babyface' Edmonds (artist),,TRUE
1997,Record of the Year,Change The World,"Kenneth 'Babyface' Edmonds (producer), Eric Clapton (artist)",TRUE
1997,Song of the Year,Change The World,"Wynonna Judd (artist), Eric Clapton (artist), Tommy Sims (songwriter), Wayne Kirkpatrick (songwriter), Gordon Kennedy (songwriter)",TRUE
1997,Best Pop Vocal Album,Secrets.,Toni Braxton,FALSE
1997,Best Rock Vocal Performance - Female,For 'Give Me One Reason',Tracy Chapman,FALSE
1997,Best Spoken Word Album,Charles Kuralt's America,Charles Kuralt,FALSE
1998,Album of the Year,Time Out Of Mind,"Daniel Lanois (producer), Bob Dylan (artist)",TRUE
1998,Best Album Notes,Anthology Of American Folk Music - 1997 Expanded Edition (Various Artists),"Eric von Schmidt (album notes writer), Peter Stampfel (album notes writer), Luc Sante (album notes writer), Neil V. Rosenberg (album notes writer), Jeff Place (album notes writer), Chuck Pirtle (album notes writer), Jon Pankake (album notes writer), Kip Lornell (album notes writer), Luis Kemnitzer (album notes writer), John Fahey (album notes writer)",TRUE
1998,Best Alternative Music Performance,Ok Computer,Radiohead (artist),TRUE
1998,Best Bluegrass Album,So Long So Wrong,Alison Krauss (artist),TRUE
1998,Best Boxed Recording Package,Beg Scream And Shout! - The Big Ol' Box Of '60s Soul  (Various Artists),"Hugh Brown (art director), Rachel Gutek (art director), David Gorman (art director)",TRUE
1998,Best Chamber Music Performance,Beethoven: The String Quartets,Emerson String Quartet (artist),TRUE
1998,Best Choral Performance,Adams: Harmonium/Rachmaninoff: The Bells,"Atlanta Symphony Orchestra (artist), Atlanta Symphony Chorus (artist), Robert Shaw (conductor)",TRUE
1998,Best Classical Album,"Premieres - Cello Concertos (Works Of Danielpour, Kirchner, Rouse)","Steven Epstein (producer), David Zinman (artist), Yo-Yo Ma (artist)",TRUE
1998,Best Classical Contemporary Composition,Adams: El Dorado,John Adams (composer),TRUE
1998,Best Classical Vocal Performance,"An Italian Songbook - Works Of Bellini, Donizetti, Rossini",,TRUE
1998,Best Contemporary Blues Album,Señor Blues,Taj Mahal (artist),TRUE
1998,Best Contemporary Folk Album,Time Out Of Mind,Bob Dylan (artist),TRUE
1998,Best Contemporary Jazz Performance,Into The Sun,Randy Brecker (artist),TRUE
1998,Best Contemporary Soul Gospel Album,Brothers,Mervyn Warren (artist),TRUE
1998,Best Country Album,Unchained,Johnny Cash (artist),TRUE
1998,Best Country Collaboration with Vocals,In Another's Eyes,"Garth Brooks (artist), Trisha Yearwood (artist)",TRUE
1998,Best Country Instrumental Performance,Little Liza Jane,Alison Krauss (artist),TRUE
1998,Best Country Performance by a Duo or Group with Vocal,Looking In The Eyes Of Love,Alison Krauss (artist),TRUE
1998,Best Country Song,Butterfly Kisses,"Raybon Bros (artist), Jeff Carson (artist), Randy Thomas (songwriter), Bob Carlisle (songwriter)",TRUE
1998,Best Dance Recording,Carry On,"Donna Summer (artist), Giorgio Moroder (producer)",TRUE
1998,Best Dance Recording,Ooh Ahh... Just a Little Bit.,Gina G,FALSE
1998,Best Dance Recording,Space Jam.,Quad City DJ's,FALSE
1998,"Best Engineered Album, Classical",Copland: The Music Of America (Fanfare For The Common Man; Rodeo),"Erich Kunzel (conductor), Jack Renner (engineer), Michael Bishop (engineer)",TRUE
1998,"Best Engineered Album, Non-Classical",Hourglass,"James Taylor (artist), Frank Filipetti (engineer)",TRUE
1998,Best Female Country Vocal Performance,How Do I Live,Trisha Yearwood (artist),TRUE
1998,Best Female Pop Vocal Performance,Building A Mystery,Sarah McLachlan (artist),TRUE
1998,Best Female R&B Vocal Performance,On & On,Erykah Badu (artist),TRUE
1998,Best Female Rock Vocal Performance,Criminal,Fiona Apple (artist),TRUE
1998,Best Gospel Choir or Chorus Album,God's Property From Kirk Franklin's Nu Nation,"God's Property (artist), Robert 'Sput' Searight (choir director), Kirk Franklin (choir director), Myron Butler (choir director)",TRUE
1998,Best Hard Rock Performance,The End Is The Beginning Is The End,Smashing Pumpkins (artist),TRUE
1998,Best Historical Album,Anthology Of American Folk Music - 1997 Expanded Edition (Various Artists),"Charlie Pilzer (mastering engineer), David Glasser (mastering engineer), Pete Reiniger (compilation producer), Jeff Place (compilation producer), Amy Horowitz (compilation producer)",TRUE
1998,Best Instrumental Arrangement,"Straight, No Chaser",Bill Holman (arranger),TRUE
1998,Best Instrumental Arrangement Accompanying Vocal(s),Cotton Tail,"Slide Hampton (arranger), Dee Dee Bridgewater (artist)",TRUE
1998,Best Instrumental Composition,Aung San Suu Kyi,"Herbie Hancock (artist), Wayne Shorter (composer)",TRUE
1998,Best Instrumental Composition Written for a Motion Picture or for Television,For the main theme.,The English Patient,TRUE
1998,Best Instrumental Composition Written for a Motion Picture or for Television,Selena,Dave Grusin,FALSE
1998,Best Instrumental Composition Written for a Motion Picture or for Television,The Lost World: Jurassic Park,John Williams,FALSE
1998,Best Instrumental Soloist Performance (without orchestra),Bach: Suites For Solo Cello Nos. 1-6,János Starker (artist),TRUE
1998,Best Instrumental Soloist(s) Performance (with orchestra),"Premieres - Cello Concertos (Works Of Danielpour, Kirchner, Rouse)","Yo-Yo Ma (artist), The Philadelphia Orchestra (artist)",TRUE
1998,"Best Jazz Instrumental Performance, Individual or Group",Beyond The Missouri Sky,"Pat Metheny (artist), Charlie Haden (artist)",TRUE
1998,Best Jazz Instrumental Solo,Stardust,"Nicholas Payton (soloist), Doc Cheatham (soloist)",TRUE
1998,Best Jazz Vocal Performance,Dear Ella,Dee Dee Bridgewater (artist),TRUE
1998,Best Large Jazz Ensemble Performance,Joe Henderson Big Band,Joe Henderson (artist),TRUE
1998,Best Latin Jazz Performance,Habana,Roy Hargrove (artist),TRUE
1998,Best Latin Pop Performance,Romances,Luis Miguel (artist),TRUE
1998,Best Latin Rock/Alternative Performance,Fabulosos Calavera,Los Fabulosos Cadillacs (artist),TRUE
1998,Best Long Form Music Video,Alanis Morissette: Jagged Little Pill - Live,"Alanis Morissette (artist/video director/video producer), Steve Purcell (video director/video producer), David May (video producer), Glen Ballard (video producer)",TRUE
1998,Best Long Form Music Video,Blue Note - A Story of Modern Jazz,Julian Benedikt (video director),FALSE
1998,Best Long Form Music Video,Tina Turner: Live in Amsterdam,"Tina Turner (artist), David Mallet (video director)",FALSE
1998,Best Male Country Vocal Performance,Pretty Little Adriana,Vince Gill (artist),TRUE
1998,Best Male Pop Vocal Performance,Candle In The Wind 1997,Elton John (artist),TRUE
1998,Best Male R&B Vocal Performance,I Believe I Can Fly,R. Kelly,TRUE
1998,Best Male R&B Vocal Performance,For You,Kenny Lattimore,FALSE
1998,Best Male R&B Vocal Performance,You Make Me Wanna...,Raymond Usher,FALSE
1998,Best Male Rock Vocal Performance,Cold Irons Bound,Bob Dylan (artist),TRUE
1998,Best Metal Performance,Aenema,Tool (artist),TRUE
1998,Best Mexican-American/Tejano Music Performance,En Tus Manos,La Mafia (artist),TRUE
1998,"Best Music Video, Short Form",Got 'til It's Gone,Janet Jackson,TRUE
1998,"Best Music Video, Short Form","Babyface: How Come, How Long","Kenneth 'Babyface' Edmonds (artist), F. Gary Gray (video director)",FALSE
1998,"Best Music Video, Short Form",Morphine: Early to Bed,"Morphine (artist), Jamie Caliri (video director)",FALSE
1998,Best Musical Album for Children,All Aboard!,John Denver (artist),TRUE
1998,Best Musical Show Album,Chicago - The Musical  (Various Artists),"Ann Reinking (artist), James Naughton (artist), Joel Grey (artist), Bebe Neuwirth (artist), Jay David Saks (producer)",TRUE
1998,Best New Age Album,Oracle,Michael Hedges (artist),TRUE
1998,Best New Artist,Paula Cole,,TRUE
1998,Best New Artist,Fiona Apple,,FALSE
1998,Best New Artist,Sean 'Diddy' Combs,,FALSE
1998,Best Opera Recording,Wagner: Die Meistersinger Von Nurnberg,"Karita Mattila (artist), Herbert Lippert (artist), Ben Heppner (artist), Alan Opie (artist), René Pape (artist), José van Dam (artist), Iris Vermillion (artist), Georg Solti (conductor), Michael Moorcock (producer)",TRUE
1998,Best Orchestral Performance,Berlioz: Symphonie Fantastique; Tristia,"The Cleveland Orchestra (artist), Pierre Boulez (conductor)",TRUE
1998,Best Polka Album,Living On Polka Time,Jimmy Sturr (artist),TRUE
1998,Best Pop Album,Hourglass,James Taylor (artist),TRUE
1998,Best Pop Collaboration with Vocals,Don't Look Back,"Van Morrison (artist), John Lee Hooker (artist)",TRUE
1998,Best Pop Instrumental Performance,Last Dance,Sarah McLachlan (artist),TRUE
1998,Best Pop Performance by a Duo or Group with Vocal,Virtual Insanity,Jamiroquai (artist),TRUE
1998,Best Pop/Contemporary Gospel Album,Much Afraid,Jars of Clay (artist),TRUE
1998,Best R&B Album,Baduizm,Erykah Badu (artist),TRUE
1998,Best R&B Performance by a Duo or Group with Vocal,No Diggity,Blackstreet (artist),TRUE
1998,Best Rap Album,No Way Out.,Sean 'Diddy' Combs,TRUE
1998,Best Rap Album,Life After Death.,The Notorious B.I.G.,FALSE
1998,Best Rap Album,Wyclef Jean Presents The Carnival.,Wyclef Jean,FALSE
1998,Best Rap Performance by a Duo or Group,I'll Be Missing You,"Faith Evans (artist), Sean 'Diddy' Combs (artist)",TRUE
1998,Best Rap Solo Performance,Men In Black,Men in Black,TRUE
1998,Best Recording Package,Titanic (Music as Heard On the Fateful Voyage).,Titanic,TRUE
1998,Best Reggae Album,Fallen Is Babylon,Ziggy Marley (artist),TRUE
1998,Best Rhythm & Blues Song,I Believe I Can Fly,R. Kelly (songwriter),TRUE
1998,Best Rock Album,Blue Moon Swamp,John Fogerty (artist),TRUE
1998,Best Rock Gospel Album,Welcome To The Freak Show - dc Talk Live In Concert,D.C. Talk (artist),TRUE
1998,Best Rock Instrumental Performance,Block Rockin' Beats,The Chemical Brothers (artist),TRUE
1998,Best Rock Performance by a Duo or Group with Vocal,One Headlight,Jakob Dylan (artist),TRUE
1998,Best Rock Song,One Headlight,"The Wallflowers (artist), Jakob Dylan (songwriter)",TRUE
1998,Best Short Form Music Video,Got 'Till It's Gone,"Aristides McGarry (video producer), Mark Romanek (video director), Janet Jackson (artist)",TRUE
1998,Best Small Ensemble Performance (with or without conductor),"Hindemith: Kammermusik No. 1 With Finale 1921, Op. 24 No. 1",,TRUE
1998,Best Song Written Specifically for a Motion Picture or for Television,I Believe I Can Fly.,Space Jam,TRUE
1998,Best Song Written Specifically for a Motion Picture or for Television,Father Of Our Nation.,Mandela and de Klerk,FALSE
1998,Best Song Written Specifically for a Motion Picture or for Television,A Song For Mama.,Soul Food,FALSE
1998,"Best Southern, Country or Bluegrass Gospel Album",Amazing Grace 2 - A Country Salute To Gospel (Various Artists),,TRUE
1998,Best Spoken Comedy Album,Roll With The New,Chris Rock (artist),TRUE
1998,Best Spoken Word Album,Charles Kuralt's Spring,Charles Kuralt (artist),TRUE
1998,Best Spoken Word Album for Children,Winnie-The-Pooh,Charles Kuralt (artist),TRUE
1998,Best Traditional Blues Album,Don't Look Back,John Lee Hooker (artist),TRUE
1998,Best Traditional Folk Album,L'amour Ou La Folie,BeauSoleil (artist),TRUE
1998,Best Traditional Pop Vocal Performance,Tony Bennett On Holiday,Tony Bennett (artist),TRUE
1998,Best Traditional Soul Gospel Album,I Couldn't Hear Nobody Pray,The Fairfield Four (artist),TRUE
1998,Best Tropical Latin Performance,Buena Vista Social Club,Ry Cooder (artist),TRUE
1998,Best World Music Album,Nascimento,Milton Nascimento (artist),TRUE
1998,"Producer of the Year, Classical",Steven Epstein (artist),,TRUE
1998,"Producer of the Year, Non-Classical",Kenneth 'Babyface' Edmonds (artist),,TRUE
1998,Record of the Year,My Heart Will Go On (Love Theme from 'Titanic,Titanic,TRUE
1998,Song of the Year,Sunny Came Home,"Shawn Colvin (songwriter), John Leventhal (songwriter)",TRUE
1998,Best R&B Song,Honey.,Mariah Carey,FALSE
1998,Best Rock Vocal Performance - Male,Dead Man Walking,David Bowie,FALSE
1999,Album of the Year,The MisEducation of Lauryn Hill,Lauryn Hill,TRUE
1999,Best Album Notes,Miles Davis Quintet 1965-1968,"Miles Davis Quintet (artist), Todd Coolman (album notes writer), Michael Cuscuna (album notes writer), Bob Belden (album notes writer)",TRUE
1999,Best Alternative Music Performance,Hello Nasty.,Beastie Boys (artist),TRUE
1999,Best Bluegrass Album,Bluegrass Rules!,"The Kentucky Thunder (artist), Ricky Skaggs (artist)",TRUE
1999,Best Boxed Recording Package,The Complete Hank Williams,"Hank Williams (artist), Virginia Team (art director), Jim Kemp (art director)",TRUE
1999,Best Chamber Music Performance,"American Scenes - Works Of Copland, Previn, Barber & Gershwin","Gil Shaham (artist), André Previn (artist)",TRUE
1999,Best Choral Performance,Barber: Prayers Of Kierkegaard/Vaughan Williams: Dona Nobis Pacem/Bartok: Cantata Profana,"Atlanta Symphony Orchestra (artist), Atlanta Symphony Chorus (artist), Robert Shaw (conductor)",TRUE
1999,Best Classical Album,Barber: Prayers Of Kierkegaard/Vaughan Williams: Dona Nobis Pacem/Bartok: Cantata Profana,"Robert Shaw (producer), James Mallinson (artist)",TRUE
1999,Best Classical Contemporary Composition,Penderecki: Violin Concerto No. 2 Metamorphosen,Krzysztof Penderecki (composer),TRUE
1999,Best Classical Crossover Album,Soul Of The Tango - The Music Of Astor Piazzolla,"Jorge Calandrelli (conductor), Yo-Yo Ma (conductor)",TRUE
1999,Best Classical Vocal Performance,"The Beautiful Voice - Works Of Charpentier, Gounod, Massenet & Flotow",English Chamber Orchestra (artist),TRUE
1999,Best Contemporary Blues Album,Slow Down,Keb' Mo' (artist),TRUE
1999,Best Contemporary Folk Album,Car Wheels On A Gravel Road,Lucinda Williams (artist),TRUE
1999,Best Contemporary Jazz Performance,Imaginary Day,Pat Metheny Group (artist),TRUE
1999,Best Contemporary Soul Gospel Album,The Nu Nation Project,Kirk Franklin (artist),TRUE
1999,Best Country Album,Wide Open Spaces,Dixie Chicks (artist),TRUE
1999,Best Country Collaboration with Vocals,Same Old Train,"Dwight Yoakam (artist), Travis Tritt (artist), Randy Travis (artist), Pam Tillis (artist), Marty Stuart (artist), Ricky Skaggs (artist), Earl Scruggs (artist), Patty Loveless (artist), Alison Krauss (artist), Emmylou Harris (artist), Merle Haggard (artist), Joe Diffie (artist), Clint Black (artist)",TRUE
1999,Best Country Instrumental Performance,A Soldier's Joy,"Randy Scruggs (artist), Vince Gill (artist)",TRUE
1999,Best Country Performance by a Duo or Group with Vocal,There's Your Trouble,Dixie Chicks (artist),TRUE
1999,Best Country Song,You're Still The One,"Shania Twain (songwriter), Robert John Lange (songwriter)",TRUE
1999,Best Dance Recording,Ray of Light,"Madonna (artist/producer), William Orbit (producer), Pat McCarthy (engineer/mixer)",TRUE
1999,Best Dance Recording,Disco Inferno,Cyndi Lauper (artist),FALSE
1999,Best Dance Recording,I Will Go with You (Con te partirò),"Donna Summer (artist), Hex Hector (producer/mixer), Mac Quayle (producer/mixer)",FALSE
1999,"Best Engineered Album, Classical",Barber: Prayers Of Kierkegaard/Vaughan Williams: Dona Nobis Pacem/Bartok: Cantata Profana,"Robert Shaw (conductor), Jack Renner (engineer)",TRUE
1999,"Best Engineered Album, Non-Classical",The Globe Sessions,"Sheryl Crow (artist), Andy Wallace (engineer), Trina Shoemaker (engineer), Tchad Blake (engineer)",TRUE
1999,Best Female Country Vocal Performance,You're Still The One,Shania Twain (artist),TRUE
1999,Best Female Pop Vocal Performance,My Heart Will Go On.,Titanic,TRUE
1999,Best Female Rock Vocal Performance,Uninvited,Alanis Morissette (artist),TRUE
1999,Best Gospel Choir or Chorus Album,Reflections,O'Landa Draper (choir director ),TRUE
1999,Best Hard Rock Performance,For the song 'Most High'.,"Jimmy Page, Robert Plant",TRUE
1999,Best Historical Album,The Complete Hank Williams,"Hank Williams (artist), Tom Ruff (mastering engineer), Joseph M. Palmaccio (mastering engineer), Kyle Young (compilation producer), Kira Florita (compilation producer), Colin Escott (compilation producer)",TRUE
1999,Best Instrumental Arrangement,Waltz For Debby,Don Sebesky (arranger),TRUE
1999,Best Instrumental Arrangement Accompanying Vocal(s),St. Louis Blues,"Stevie Wonder (arranger), Robert Sadin (arranger), Herbie Hancock (arranger)",TRUE
1999,Best Instrumental Composition,Almost 12,"The Flecktones (artist), Roy Wooten (composer), Bela Fleck (composer), Victor Wooten (composer)",TRUE
1999,Best Instrumental Composition Written for a Motion Picture or for Television,Saving Private Ryan,John Williams,TRUE
1999,Best Instrumental Composition Written for a Motion Picture or for Television,For the track from: City Of Angels - Music From The Motion Picture (various artists).,Bulworth,FALSE
1999,Best Instrumental Composition Written for a Motion Picture or for Television,Rush Hour,Lalo Schifrin,FALSE
1999,Best Instrumental Soloist Performance (without orchestra),"Bach: English Suites Nos. 1, 3 & 6",Murray Perahia (artist),TRUE
1999,Best Instrumental Soloist(s) Performance (with orchestra),Penderecki: Violin Concerto No. 2 Metamorphosen,"London Symphony Orchestra (artist), Anne-Sophie Mutter (artist)",TRUE
1999,"Best Jazz Instrumental Performance, Individual or Group",Gershwin's World,Herbie Hancock (soloist),TRUE
1999,Best Jazz Instrumental Solo,Rhumbata,"Chick Corea (soloist), Gary Burton (soloist)",TRUE
1999,Best Jazz Vocal Performance,I Remember Miles,Shirley Horn (artist),TRUE
1999,Best Large Jazz Ensemble Performance,Count Plays Duke,"Count Basie Orchestra (artist), Grover Mitchell (director)",TRUE
1999,Best Latin Jazz Performance,Hot House,Arturo Sandoval (artist),TRUE
1999,Best Latin Pop Performance,Vuelve,Ricky Martin (artist),TRUE
1999,Best Latin Rock/Alternative Performance,Sueños Liquidos,Maná (artist),TRUE
1999,Best Long Form Music Video,Lou Reed: Rock and Roll Heart,"Lou Reed (artist), Timothy Greenfield-Sanders (video director/video producer), Karen Bernstein (video producer), Susan Lacy (video producer), Tamar Hacker (video producer)",TRUE
1999,Best Long Form Music Video,Jazz '34.,"Fastball (artist), Ondi Timoner (video director/video producer), Mark DiDia (video producer)",FALSE
1999,Best Long Form Music Video,TeleVoid,"Scott Rockenfield (artist), Paul Speer (artist), Sir Mix A Lot (artist), Michael Boydstun (video director/video producer)",FALSE
1999,Best Male Country Vocal Performance,If You Ever Have Forever In Mind,Vince Gill (artist),TRUE
1999,Best Male Pop Vocal Performance,My Father's Eyes,Eric Clapton (artist),TRUE
1999,Best Male R&B Vocal Performance,St. Louis Blues,Stevie Wonder (artist),TRUE
1999,Best Male Rock Vocal Performance,Fly Away,Lenny Kravitz (artist),TRUE
1999,Best Metal Performance,Better Than You,Metallica (artist),TRUE
1999,Best Mexican-American Music Performance,Los Super Seven,Los Super Seven (artist),TRUE
1999,Best Musical Album for Children,Elmopalooza!(Various Artists),Sesame Street Cast (artist),TRUE
1999,Best Musical Show Album,The Lion King,"Original Broadway Cast (artist), Mark Mancina (producer)",TRUE
1999,Best New Age Album,Landmarks,Clannad (artist),TRUE
1999,Best New Artist,Lauryn Hill,,TRUE
1999,Best New Artist,Backstreet Boys,,FALSE
1999,Best New Artist,Natalie Imbruglia,,FALSE
1999,Best Opera Recording,Bartók: Bluebeard's Castle,"Chicago Symphony Orchestra (artist), Karl-August Naegler (producer), Pierre Boulez (conductor), László Polgár (artist), Jessye Norman (artist)",TRUE
1999,Best Orchestral Performance,Mahler: Symphony No. 9,"Chicago Symphony Orchestra (artist), Pierre Boulez (conductor)",TRUE
1999,Best Polka Album,Dance With Me,Jimmy Sturr (artist),TRUE
1999,Best Pop Album,Ray Of Light,Madonna (artist),TRUE
1999,Best Pop Collaboration with Vocals,I Still Have That Other Girl.,"Burt Bacharach, Elvis Costello",TRUE
1999,Best Pop Instrumental Performance,Sleepwalk,The Brian Setzer Orchestra (artist),TRUE
1999,Best Pop Performance by a Duo or Group with Vocal,Jump Jive An' Wail,The Brian Setzer Orchestra (artist),TRUE
1999,Best Pop Vocal Album,"Ray of Light, also shared with Jon Englesby (engineer/mixer)","Madonna (artist/producer), William Orbit (producer), Pat McCarthy (engineer/mixer), Dave Reitzas (engineer/mixer)",TRUE
1999,Best Pop/Contemporary Gospel Album,This Is My Song,Deniece Williams (artist),TRUE
1999,Best R&B Album,The Miseducation of Lauryn Hill.,Lauryn Hill,TRUE
1999,Best R&B Album,Never S-A-Y Never.,Brandy Norwood,FALSE
1999,Best R&B Album,Embrya.,Maxwell,FALSE
1999,Best R&B Performance by a Duo or Group with Vocals,The Boy Is Mine.,"Brandy Norwood, Monica",TRUE
1999,Best R&B Vocal Performance - Female,Doo Wop (That Thing).,Lauryn Hill,TRUE
1999,Best R&B Vocal Performance - Female,A Rose Is Still a Rose.,Aretha Franklin,FALSE
1999,Best R&B Vocal Performance - Female,I Get Lonely.,Janet Jackson,FALSE
1999,Best Rap Album,Volume 2... Hard Knock Life.,Jay-Z,TRUE
1999,Best Rap Album,Capital Punishment.,Big Pun,FALSE
1999,Best Rap Album,Harlem World.,Mase,FALSE
1999,Best Rap Performance by a Duo or Group,Intergalactic,Beastie Boys (artist),TRUE
1999,Best Rap Solo Performance,Gettin' Jiggy Wit It,Will Smith,TRUE
1999,Best Recording Package,Ray Of Light,"Madonna (artist), Kevin Reagan (art director)",TRUE
1999,Best Reggae Album,Friends,Sly & Robbie (artist),TRUE
1999,Best Rhythm & Blues Song,Doo Wop (That Thing),Lauryn Hill (songwriter),TRUE
1999,Best Rock Album,The Globe Sessions,Sheryl Crow (artist),TRUE
1999,Best Rock Gospel Album,You Are There,Ashley Cleveland (artist),TRUE
1999,Best Rock Instrumental Performance,The Roots Of Coincidence,Pat Metheny Group (artist),TRUE
1999,Best Rock Performance by a Duo or Group with Vocal,Pink,Aerosmith (artist),TRUE
1999,Best Rock Song,Uninvited,Alanis Morissette (songwriter),TRUE
1999,Best Short Form Music Video,Madonna: Ray of Light,"Madonna (artist), Jonas Åkerlund (video director), Nicola Doring (video producer), Billy Poveda (video producer)",TRUE
1999,Best Short Form Music Video,Björk: Bachelorette,"Björk (artist), Michel Gondry (video director), Georges Bermann (video producer), Julie Fong (video producer)",FALSE
1999,Best Short Form Music Video,Pearl Jam: Do the Evolution,"Pearl Jam (artist), Kevin Altieri (video director), Todd McFarlane (video director), Brendan O'Brien (video producer)",FALSE
1999,Best Small Ensemble Performance (with or without conductor),Reich: Music For 18 Musicians,,TRUE
1999,Best Song Written Specifically for a Motion Picture or for Television,My Heart Will Go On.,Titanic,TRUE
1999,Best Song Written Specifically for a Motion Picture or for Television,Uninvited.,City of Angels,FALSE
1999,Best Song Written Specifically for a Motion Picture or for Television,Tomorrow Never Dies.,Tomorrow Never Dies,FALSE
1999,Best Song Written for a Motion Picture or for Television,My Heart Will Go On (Love Theme From Titanic),"Céline Dion (artist), Will Jennings (songwriter), James Horner (songwriter)",TRUE
1999,"Best Southern, Country, Or Bluegrass Gospel Album",The Apostle,"Peter Afterman (producer), John Huie (producer), Ken Levitan (producer)",TRUE
1999,Best Spoken Comedy Album,The 2000 Year Old Man in the Year 2000.,"Mel Brooks, Carl Reiner",TRUE
1999,Best Spoken Comedy Album,Totally Committed.,Jeff Foxworthy,FALSE
1999,Best Spoken Comedy Album,Pure Drivel,Steve Martin,FALSE
1999,Best Spoken Word Album,Still Me .,Christopher Reeve,TRUE
1999,Best Spoken Word Album for Children,The Children's Shakespeare(Various Artists),,TRUE
1999,Best Tejano Music Performance,Said And Done,Flaco Jiménez (artist),TRUE
1999,Best Traditional Blues Album,Any Place I'm Going,Otis Rush (artist),TRUE
1999,Best Traditional Folk Album,Long Journey Home,The Chieftains (artist),TRUE
1999,Best Traditional Pop Vocal Performance,Live At Carnegie Hall - The 50th Anniversary Concert,Patti Page (artist),TRUE
1999,Best Traditional R&B Vocal Performance,Live! - One Night Only,Patti LaBelle (artist),TRUE
1999,Best Traditional Soul Gospel Album,He Leadeth Me,Cissy Houston (artist),TRUE
1999,Best Tropical Latin Performance,Contra La Corriente,Marc Anthony (artist),TRUE
1999,Best World Music Album,Quanta Live,Gilberto Gil (artist),TRUE
1999,"Producer of the Year, Classical",Steven Epstein (producer),,TRUE
1999,"Producer of the Year, Non-Classical",Rob Cavallo (producer),,TRUE
1999,Record of the Year,My Heart Will Go On.,Titanic,TRUE
1999,Record of the Year,The Boy Is Mine.,"Brandy Norwood, Monica",FALSE
1999,"Remixer of the Year, Non-Classical","Believe (Club 69 Mix), performed by 'Cher'",Peter Rauhofer,TRUE
1999,Song of the Year,My Heart Will Go On.,Titanic,TRUE
1999,Song of the Year,Iris.,Johnny Rzeznik (Songwriter),FALSE
1999,Song of the Year,You're Still the One.,"Robert John Lange (Songwriter), Shania Twain (Songwriter)",FALSE
1999,Best Female R&B Vocal Performance,Are You That Somebody?.,Doctor Dolittle,FALSE
1999,Best R&B Song,The Boy Is Mine.,"Brandy Norwood, Monica",FALSE
1999,Best R&B Vocal Performance by a Duo or Group,Lean On Me.,"Mary J. Blige, Kirk Franklin, R. Kelly, Crystal Lewis, Bono",FALSE
2000,Album of the Year,Supernatural,"Santana (artist), Clive Davis (producer), Jerry 'Wonder' Duplessis (producer), Dust Brothers (producer), Alex Gonzales (producer), Charles Goodan (producer), Stephen M. Harris (producer), Lauryn Hill (producer), Art Hodge (producer), Wyclef Jean (producer), Fernando 'Fher' Olvera (producer), K.C. Porter (producer), Dante Ross (producer), Matt Serletic (producer), Mike Couzzi (engineer/mixer), Benny Faccone (engineer/mixer), Steve Ferrone (engineer/mixer), Steve Fontano (engineer/mixer), David Frazer (engineer/mixer), Jim Gaines (engineer/mixer), John Gamble (engineer/mixer), Comissioner Gordon (engineer/mixer), Andy Grassi (engineer/mixer), John Karpowich (engineer/mixer), Glen Kolotkin (engineer/mixer), Tom Lord Alge (engineer/mixer), Jeff Poe (engineer/mixer), Tony Prendatt (engineer/mixer), Anton Pukshansky (engineer/mixer), Warren Riker (engineer/mixer), Jim Scott (engineer/mixer), John Seymour (engineer/mixer), Matty Spindel (engineer/mixer), T-Ray (engineer/mixer), Chris Theis (engineer/mixer), David W. Thoener (engineer/mixer), Alvaro Villagra (engineer/mixer)",TRUE
2000,Best Album Notes,John Coltrane - The Classic Quartet: Complete Impulse! Studio Recordings,"Bob Blumenthal (album notes writer), John Coltrane (artist)",TRUE
2000,Best Alternative Music Performance,Mutations,Beck,TRUE
2000,Best Alternative Music Performance,Play,Moby,FALSE
2000,Best Alternative Music Performance,To Venus and Back,Tori Amos,FALSE
2000,Best Bluegrass Album,Ancient Tones,"Ricky Skaggs, The Kentucky Thunder",TRUE
2000,Best Boxed Recording Package,Miles Davis - The Complete Bitches Brew Sessions,"Ron Jaramillo (art director), Arnold Levine (art director), Miles Davis (artist)",TRUE
2000,Best Chamber Music Performance,"Beethoven: The Violin Sonatas (Nos. 1-3, Op. 12; Nos. 1-3, Op. 30; Spring Sonata)","Anne-Sophie Mutter (artist), Lambert Orkis (artist)",TRUE
2000,Best Choral Performance,Britten: War Requiem,"Robert Shafer (conductor), Maryland Boys Choir (artist), Shenandoah Conservatory Chorus (artist), The Washington Choir (artist)",TRUE
2000,Best Classical Album,Stravinsky: Firebird; The Rite Of Spring; Perséphone,"Michael Tilson Thomas (artist), Andreas Neubronner (producer)",TRUE
2000,Best Classical Contemporary Composition,Boulez: Répons,Pierre Boulez (composer),TRUE
2000,Best Classical Crossover Album,Schickele: Hornsmoke (Piano Concerto No. 2 In F Major Ole; Brass Calendar; Hornsmoke - A Horse Opera),"Peter Schickele (narrator), The Chestnut Brass Company (artist)",TRUE
2000,Best Classical Vocal Performance,Mahler: Des Knaben Wunderhorn,Berliner Philharmoniker (artist),TRUE
2000,Best Contemporary Blues Album,Take Your Shoes Off,The Robert Cray Band,TRUE
2000,Best Contemporary Folk Album,Mule Variations,Tom Waits,TRUE
2000,Best Contemporary Jazz Performance,Inside,David Sanborn,TRUE
2000,Best Contemporary Soul Gospel Album,Mountain High...Valley Low,Yolanda Adams,TRUE
2000,Best Country Album,Fly,"Dixie Chicks (artist), Billy Sherrill (engineer/mixer)",TRUE
2000,Best Country Collaboration with Vocals,After the Gold Rush,"Linda Ronstadt, Emmylou Harris, Dolly Parton",TRUE
2000,Best Country Instrumental Performance,Bob's Breakdowns,"Asleep at the Wheel, Tommy Allsup, Floyd Domino, Larry Franklin, Vince Gill, Steve Wariner",TRUE
2000,Best Country Performance by a Duo or Group with Vocal,Ready To Run,Dixie Chicks,TRUE
2000,Best Country Song,Come On Over,"Robert John Lange (songwriter), Shania Twain (artist/songwriter)",TRUE
2000,Best Dance Recording,Believe,"Cher (artist), Brian Rawling (producer), Mark Taylor (producer/mixer)",TRUE
2000,"Best Engineered Album, Classical",Stravinsky: Firebird; The Rite Of Spring; Perséphone,"Markus Heiland (engineer), Michael Tilson Thomas (conductor)",TRUE
2000,"Best Engineered Album, Non-Classical",When I Look In Your Eyes,"Al Schmitt (engineer), Diana Krall (artist)",TRUE
2000,Best Female Country Vocal Performance,Man! I Feel Like A Woman!,Shania Twain,TRUE
2000,Best Female Pop Vocal Performance,I Will Remember You,Sarah McLachlan,TRUE
2000,Best Female R&B Vocal Performance,It's Not Right But It's Okay,Whitney Houston,TRUE
2000,Best Female Rock Vocal Performance,Sweet Child O' Mine,Sheryl Crow,TRUE
2000,Best Gospel Choir or Chorus Album,High And Lifted Up,"Carol Cymbala (choir director), The Brooklyn Tabernacle Choir (artist)",TRUE
2000,Best Hard Rock Performance,Whiskey In The Jar,Metallica,TRUE
2000,Best Historical Album,The Duke Ellington Centennial Edition - The Complete RCA Victor Recordings (1927-1973),"Orrin Keepnews (compilation producer), Steven Lasker (compilation producer/mastering engineer), Paul Brizzi (mastering engineer), Dennis Ferrante (mastering engineer), Duke Ellington (artist)",TRUE
2000,Best Instrumental Arrangement,Chelsea Bridge,Don Sebesky (artist/composer),TRUE
2000,Best Instrumental Arrangement Accompanying Vocalist(s),Lonely Town,"Alan Broadbent (arranger), Charlie Haden Quartet West (artist), Shirley Horn (artist)",TRUE
2000,Best Instrumental Composition,Joyful Noise Suite,Don Sebesky (artist/composer),TRUE
2000,"Best Instrumental Composition Written for a Motion Picture, Television or Other Visual Media",A Bug's Life,Randy Newman (composer),TRUE
2000,"Best Instrumental Composition Written for a Motion Picture, Television or Other Visual Media",Shakespeare in Love,Stephen Warbeck,FALSE
2000,"Best Instrumental Composition Written for a Motion Picture, Television or Other Visual Media",The Red Violin,John Corigliano,FALSE
2000,Best Instrumental Soloist Performance (without Orchestra),"Shostakovich: 24 Preludes & Fugues, Op. 87",Vladimir Ashkenazy (artist),TRUE
2000,Best Instrumental Soloist(s) Performance (with Orchestra),Prokofiev: Piano Concertos Nos. 1 & 3/Bartók: Piano Concerto No. 3,"Martha Argerich (artist), Orchestre symphonique de Montréal (artist)",TRUE
2000,"Best Jazz Instrumental Performance, Individual or Group",Like Minds,"Gary Burton, Chick Corea, Pat Metheny, Roy Haynes, Dave Holland",TRUE
2000,Best Jazz Instrumental Solo,In Walked Wayne,Wayne Shorter (soloist),TRUE
2000,Best Jazz Vocal Performance,When I Look In Your Eyes,Diana Krall,TRUE
2000,Best Large Jazz Ensemble Performance,Serendipity 18,The Bob Florence Limited Edition,TRUE
2000,Best Latin Jazz Performance,Latin Soul,Poncho Sanchez,TRUE
2000,Best Latin Pop Performance,Tiempos,Rubén Blades,TRUE
2000,Best Latin Rock/Alternative Performance,Resurrection,Chris Perez Band,TRUE
2000,Best Long Form Music Video,Hendrix: Band of Gypsys,"Bob Smeaton (video director), Chips Chipperfield (video producer), Neil Aspinall (video producer), Jimi Hendrix (artist)",TRUE
2000,Best Long Form Music Video,Gloria Estefan: Don't Stop,"Gloria Estefan (artist), Mo Fitzgibbon (video director/video producer), Robert W. Walker (video producer)",FALSE
2000,Best Long Form Music Video,U2: PopMart Live from Mexico City,"Bono (artist), Adam Clayton (artist), Larry Mullen Jr. (artist), The Edge (artist), David Mallet (video director), Ned O'Hanlon (video producer)",FALSE
2000,Best Male Country Vocal Performance,Choices,George Jones,TRUE
2000,Best Male Pop Vocal Performance,Brand New Day,Sting,TRUE
2000,Best Male R&B Vocal Performance,Staying Power,Barry White,TRUE
2000,Best Male Rock Vocal Performance,American Woman,Lenny Kravitz,TRUE
2000,Best Male Rock Vocal Performance,Can't Change Me,Chris Cornell,FALSE
2000,Best Male Rock Vocal Performance,Hold On,Tom Waits,FALSE
2000,Best Merengue Performance,Pintame,Elvis Crespo,TRUE
2000,Best Metal Performance,Iron Man,Black Sabbath,TRUE
2000,Best Mexican-American Performance,100 Años De Mariachi,Plácido Domingo,TRUE
2000,Best Musical Album for Children,The Adventures of Elmo in Grouchland,Andy Hill (producer),TRUE
2000,Best Musical Show Album,Annie Get Your Gun (The New Broadway Cast),"Stephen Ferrera (producer), John McDaniel (producer)",TRUE
2000,Best New Age Album,Celtic Solstice,Paul Winter,TRUE
2000,Best New Artist,Christina Aguilera,,TRUE
2000,Best New Artist,Kid Rock,,FALSE
2000,Best New Artist,Susan Tedeschi,,FALSE
2000,Best Opera Recording,Stravinsky: The Rake's Progress,"Ian Bostridge, Bryn Terfel, Anne Sofie von Otter, Deborah York, John Eliot Gardiner (conductor), Nicholas Parker (producer), Monteverdi Choir (artist), London Symphony Orchestra (artist)",TRUE
2000,Best Orchestral Performance,Stravinsky: Firebird; The Rite Of Spring; Perséphone,"Michael Tilson Thomas (conductor), San Francisco Symphony (artist)",TRUE
2000,Best Polka Album,Polkasonic,Brave Combo,TRUE
2000,Best Pop Album,Brand New Day,Sting,TRUE
2000,Best Pop Album,Believe,Cher,FALSE
2000,Best Pop Album,Mirrorball,Sarah McLachlan (singer),FALSE
2000,Best Pop Instrumental Performance,El Farol,Santana,TRUE
2000,Best Pop Performance by a Duo or Group with Vocal,Maria Maria,Santana,TRUE
2000,Best Pop/Contemporary Gospel Album,Speechless,Steven Curtis Chapman,TRUE
2000,Best R&B Album,Fanmail,TLC,TRUE
2000,Best R&B Performance by a Duo or Group with Vocal,No Scrubs,TLC,TRUE
2000,Best R&B Song,No Scrubs,"Kandi Burruss (songwriter), Tiny Harris (songwriter), TLC (artist), Kevin 'She'kspere' Briggs (songwriter)",TRUE
2000,Best Rap Album,The Slim Shady LP,Eminem,TRUE
2000,Best Rap Album,Da Real World,Missy Elliott,FALSE
2000,Best Rap Album,Things Fall Apart,The Roots,FALSE
2000,Best Rap Performance by a Duo or Group,You Got Me,"The Roots, Erykah Badu",TRUE
2000,Best Rap Solo Performance,My Name Is,Eminem,TRUE
2000,Best Recording Package,Ride With Bob,"Ray Benson (art director), Sally Carns (art director), Buddy Jackson (art director), Asleep at the Wheel (artist)",TRUE
2000,Best Reggae Album,Calling Rastafari,Burning Spear,TRUE
2000,Best Rock Album,Supernatural,Santana,TRUE
2000,Best Rock Gospel Album,Pray,Rebecca St. James,TRUE
2000,Best Rock Instrumental Performance,The Calling,"Santana, Eric Clapton",TRUE
2000,Best Rock Performance by a Duo or Group with Vocal,Put Your Lights On,"Santana, Erik Schrody",TRUE
2000,Best Rock Song,Scar Tissue,Red Hot Chili Peppers (songwriters),TRUE
2000,Best Salsa Performance,Llego...Van Van - Van Van Is Here,Los Van Van,TRUE
2000,Best Short Form Music Video,Korn: Freak on a Leash,"Korn (artist), Todd McFarlane (video director), Jonathan Dayton (video director), Valerie Faris (video director), Graham Morris (video director), Bart Lipton (video producer), Terry Fitzgerald (video producer)",TRUE
2000,Best Short Form Music Video,Brian McKnight: Back at One,"Brian McKnight (artist), Francis Lawrence (video director)",FALSE
2000,Best Short Form Music Video,TLC: Unpretty,"TLC (artist), Paul Hunter (video director)",FALSE
2000,Best Small Ensemble Performance (with or without Conductor),"Colors Of Love - Works Of Thomas, Stucky, Tavener & Rands",,TRUE
2000,"Best Song Written for a Motion Picture, Television or Other Visual Media",Beautiful Stranger,Austin Powers: The Spy Who Shagged Me,TRUE
2000,"Best Song Written for a Motion Picture, Television or Other Visual Media",Music of My Heart,Music of the Heart,FALSE
2000,"Best Song Written for a Motion Picture, Television or Other Visual Media",The Prince Of Egypt (When You Believe),The Prince of Egypt,FALSE
2000,Best Soundtrack Album,Tarzan,"Phil Collins (artist/producer), Mark Mancina (producer)",TRUE
2000,Best Soundtrack Album,Austin Powers: The Spy Who Shagged Me,,FALSE
2000,Best Soundtrack Album,The Prince of Egypt,,FALSE
2000,"Best Southern, Country or Bluegrass Gospel Album",Kennedy Center Homecoming (with Their Homecoming Friends),"Bill Gaither, Gloria Gaither",TRUE
2000,Best Spoken Comedy Album,Bigger And Blacker,Chris Rock,TRUE
2000,Best Spoken Word Album,"The Autobiography Of Martin Luther King, Jr.",LeVar Burton,TRUE
2000,Best Spoken Word Album for Children,Listen to the Storyteller,"Graham Greene (artist), Kate Winslet (artist), Wynton Marsalis (artist), David Frost (producer), Steven Epstein (producer)",TRUE
2000,Best Tejano Performance,Por Eso Te Amo,Los Palominos,TRUE
2000,Best Traditional Blues Album,Blues On The Bayou,B.B. King,TRUE
2000,Best Traditional Folk Album,Press On,June Carter Cash,TRUE
2000,Best Traditional Pop Vocal Performance,Bennett Sings Ellington - Hot & Cool,Tony Bennett,TRUE
2000,Best Traditional Pop Vocal Performance,You're the Top: Love Songs of Cole Porter,Bobby Short,FALSE
2000,Best Traditional Pop Vocal Performance,As Time Goes By - The Movie Album,Neil Diamond,FALSE
2000,Best Traditional R&B Vocal Performance,Staying Power,Barry White,TRUE
2000,Best Traditional Soul Gospel Album,Christmas With Shirley Caesar,Shirley Caesar,TRUE
2000,Best Traditional Tropical Latin Performance,Mambo Birdland,Tito Puente,TRUE
2000,Best World Music Album,Livro,Caetano Veloso,TRUE
2000,"Producer of the Year, Classical",Adam Abeshouse,,TRUE
2000,"Producer of the Year, Non-Classical",Walter Afanasieff,,TRUE
2000,Record of the Year,Smooth,"Santana (artist), Rob Thomas (artist), Matt Serletic (producer), David W. Thoener (engineer/mixer)",TRUE
2000,Record of the Year,Believe,Cher,FALSE
2000,Record of the Year,No Scrubs,TLC,FALSE
2000,"Remixer of the Year, Non-Classical",Club 69,,TRUE
2000,Song of the Year,Smooth,"Itaal Shur (songwriter), Rob Thomas (artist/songwriter), Santana (artist)",TRUE
2000,Best Pop Collaboration with Vocals,Smooth,"Santana, Rob Thomas",FALSE
2001,Album of the Year,Two Against Nature,"Steely Dan (artist), Walter Becker (producer), Donald Fagen (producer), Phil Burnett (engineer/mixer), Roger Nichols (engineer/mixer), Dave Russell (engineer/mixer), Elliot Scheiner (engineer/mixer)",TRUE
2001,Best Album Notes,Miles Davis & John Coltrane - The Complete Columbia Recordings 1955-1961,"Bob Blumenthal (album notes writer), Miles Davis (artist), John Coltrane (artist)",TRUE
2001,Best Alternative Music Album,Kid A,"Radiohead (artist/producers), Nigel Godrich (producer/engineer/mixer)",TRUE
2001,Best Bluegrass Album,The Grass Is Blue,"Dolly Parton (artist), Steve Buckingham (producer), Gary Paczosa (engineer/mixer)",TRUE
2001,Best Boxed Recording Package,Miles Davis & John Coltrane - The Complete Columbia Recordings 1955-1961,"Frank Harkins (art director), Arnold Levine (art director), Miles Davis (artist), John Coltrane (artist)",TRUE
2001,Best Chamber Music Performance,Shostakovich: The String Quartets,"Emerson String Quartet (artist), Da-Hong Seetoo (producer/engineer), Max Wilcox (producer/engineer)",TRUE
2001,Best Choral Performance,Penderecki: Credo,"Helmuth Rilling (conductor), Karen Wilson (producer), Don Harder (engineer), Oregon Bach Festival Chorus (artist), Oregon Bach Festival Orchestra (artist)",TRUE
2001,Best Classical Album,Shostakovich: The String Quartets,"Emerson String Quartet (artist), Da-Hong Seetoo (producer), Max Wilcox (producer)",TRUE
2001,Best Classical Contemporary Composition,Best Classical Contemporary Composition,George Crumb (composer),TRUE
2001,Best Classical Crossover Album,Appalachian Journey (Various Artists),"Yo-Yo Ma (artist), Edgar Meyer (artist), Mark O'Connor (artist), Steven Epstein (producer), Richard King (engineer)",TRUE
2001,Best Classical Vocal Performance,"The Vivaldi Album - Dell'aura al sussurrar, Alma oppressa","Christopher Raeburn (producer), Jonathan Stokes (engineer), Il Giardino Armonico (artist)",TRUE
2001,"Best Compilation Soundtrack Album for a Motion Picture, Television or other Visual Media",Almost Famous,"Cameron Crowe (producer), Danny Bramson (producer)",TRUE
2001,"Best Compilation Soundtrack Album for a Motion Picture, Television or other Visual Media",High Fidelity,,FALSE
2001,"Best Compilation Soundtrack Album for a Motion Picture, Television or other Visual Media",The Sopranos,,FALSE
2001,Best Contemporary Blues Album,Shoutin’ In Key,"Taj Mahal (artist), The Phanton Blues Band (artist), Tony Braunagel (producer), Terry Becker (engineer/mixer), Joe McGrath (engineer/mixer)",TRUE
2001,Best Contemporary Folk Album,Red Dirt Girl,"Emmylou Harris (artist), Malcolm Burn (producer/engineer/mixer), Jim Watts (engineer/mixer)",TRUE
2001,Best Contemporary Jazz Album,Outbound,"Bela Fleck (artist/producer/engineer/mixer), The Flecktones (artist), Richard Battaglia (engineer/mixer), Robert Battaglia (engineer/mixer)",TRUE
2001,Best Contemporary Soul Gospel Album,Thankful,"Mary Mary (artist), Warryn Campbell (producer), Manny Marroquin (engineer/mixer)",TRUE
2001,Best Country Album,Breathe,"Faith Hill (artist/producer), Byron Gallimore (producer), Julian King (engineer/mixer), Mike Shipley (engineer/mixer)",TRUE
2001,Best Country Collaboration with Vocals,Let's Make Love,"Faith Hill, Tim McGraw",TRUE
2001,Best Country Instrumental Performance,Leaving Cottondale,"Alison Brown, Bela Fleck",TRUE
2001,Best Country Performance by a Duo or Group with Vocal,Cherokee Maiden,Asleep at the Wheel,TRUE
2001,Best Country Song,I Hope You Dance,"Mark D. Sanders (songwriter), Tia Sillers (songwriter), Lee Ann Womack (artist)",TRUE
2001,Best Dance Recording,Who Let The Dogs Out,Baha Men,TRUE
2001,"Best Engineered Album, Classical","Dvorák: Requiem, Op. 89; Sym. No. 9, Op. 95 'From the New World'","John Eargle (engineer), Zdenek Mácal (artist)",TRUE
2001,"Best Engineered Album, Non-Classical",Two Against Nature,"Phil Burnett (engineer), Roger Nichols (engineer), Dave Russell (engineer), Elliot Scheiner (engineer), Steely Dan (artist)",TRUE
2001,Best Female Country Vocal Performance,Breathe,Faith Hill,TRUE
2001,Best Female Pop Vocal Performance,I Try,Macy Gray,TRUE
2001,Best Female Pop Vocal Performance,Oops...! I Did It Again,Britney Spears,FALSE
2001,Best Female Pop Vocal Performance,Both Sides Now,Joni Mitchell,FALSE
2001,Best Female R&B Vocal Performance,He Wasn't Man Enough,Toni Braxton,TRUE
2001,Best Female Rock Vocal Performance,There Goes The Neighborhood,Sheryl Crow,TRUE
2001,Best Gospel Choir or Chorus Album,Live - God Is Working,"Carol Cymbala (choir director/producer), Brent King (producer/engineer/mixer), Oliver Wells (producer), Rob Burrell (engineer/mixer), The Brooklyn Tabernacle Choir (artist)",TRUE
2001,Best Hard Rock Performance,Guerrilla Radio,Rage Against the Machine,TRUE
2001,Best Historical Album,Louis Armstrong - The Complete Hot Five & Hot Seven Recordings,"Steve Berkowitz (compilation producer), Seth Rothstein (compilation producer), Phil Schaap (compilation producer/mastering engineer), Michael Brooks (mastering engineer), Seth Foster (mastering engineer), Andreas Meyer (mastering engineer), Woody Pornpitaksuk (mastering engineer), Ken Robertson (mastering engineer), Tom Ruff (mastering engineer), Mark Wilder (mastering engineer), Louis Armstrong (artist)",TRUE
2001,Best Instrumental Arrangement,Spain For Sextet & Orchestra,Chick Corea (artist/arranger),TRUE
2001,Best Instrumental Arrangement Accompanying Vocalist(s),Both Sides Now,"Joni Mitchell (artist), Vincent Mendoza (arranger)",TRUE
2001,Best Instrumental Composition,Theme From Angela's Ashes,John Williams (artist/composer),TRUE
2001,Best Instrumental Soloist Performance (without Orchestra),"Dreams Of A World - Works Of Lauro, Ruiz-Pipo & Duarte","Sharon Isbin (artist), Tobias Lehmann (producer), Jens Schünemann (engineer)",TRUE
2001,Best Instrumental Soloist(s) Performance (with Orchestra),Maw: Violin Concerto,"Joshua Bell (artist), Grace Row (producer), Charles Harbutt (engineer), London Philharmonic Orchestra (artist)",TRUE
2001,"Best Jazz Instrumental Album, Individual or Group",Contemporary Jazz,"Branford Marsalis Quartet (artist), Branford Marsalis (producer), Rob ""Wacko!"" Hunter (producer/engineer/mixer)",TRUE
2001,Best Jazz Instrumental Solo,(Go) Get It,Pat Metheny (soloist),TRUE
2001,Best Jazz Vocal Album,In The Moment - Live In Concert,"Dianne Reeves (artist), George Duke (producer), Erik Zobler (engineer/mixer)",TRUE
2001,Best Large Jazz Ensemble Album,52nd Street Themes,"Joe Lovano (artist/producer), James Farber (engineer/mixer)",TRUE
2001,Best Latin Jazz Album,Live At The Village Vanguard,"Chucho Valdés (artist), Jon Fausty (engineer/mixer)",TRUE
2001,Best Latin Pop Album,Shakira - MTV Unplugged,"Tim Mitchell (producer), Marcelo Añez (engineer), Adam Blackburn (engineer), Sebastian Krys (engineer), Eric Schilling (engineer), Shakira (artist/producer)",TRUE
2001,Best Latin Rock/Alternative Album,Uno,"La Ley (artist), Humberto Gatica (producer/engineer)",TRUE
2001,Best Long Form Music Video,Gimme Some Truth: The Making of John Lennon's Imagine Album,"Andrew Solt (video director/video producer), Greg Vines (video producer), Leslie Tong (video producer), Yoko Ono (video producer), John Lennon (artist)",TRUE
2001,Best Long Form Music Video,Ella Fitzgerald: Something to Live For,"Ella Fitzgerald (artist), Charlotte Zwerin (video director), Karen Bernstein (video producer), Tamar Hacker (video producer)",FALSE
2001,Best Long Form Music Video,Willie Nelson at the Teatro,"Willie Nelson (artist), Wim Wenders (video director), Deepak Nayar (video producer)",FALSE
2001,Best Male Country Vocal Performance,Solitary Man,Johnny Cash,TRUE
2001,Best Male Pop Vocal Performance,She Walks This Earth (Soberana Rosa),Sting,TRUE
2001,Best Male R&B Vocal Performance,Untitled (How Does It Feel),D'Angelo,TRUE
2001,Best Male Rock Vocal Performance,Again,Lenny Kravitz,TRUE
2001,Best Merengue Album,"Olga Viva, Viva Olga","Olga Tañón (artist/producer), David Hewitt (engineer/mixer), Hector Rosa (engineer/mixer)",TRUE
2001,Best Metal Performance,Elite,Deftones,TRUE
2001,Best Mexican/Mexican-American Album,Por Una Mujer Bonita,"Pepe Aguilar (artist/producer), Carlos Ceballos (engineer/mixer)",TRUE
2001,Best Musical Album for Children,Woody's Roundup Featuring Riders In The Sky,"Riders in the Sky (artist), Joey Miskulin (producer)",TRUE
2001,Best Musical Show Album,Elton John & Tim Rice's Aida (Original Broadway Cast),"Elton John (composer), Tim Rice (lyricist), Guy Babylon (producer), Paul Bogaev (producer), Chris Montan (producer), Frank Filipetti (producer/engineer/mixer)",TRUE
2001,Best Native American Music Album,Gathering Of Nations Pow Wow (Various Artists),"Tom Bee (producer), Douglas Spotted Eagle (producer/engineer/mixer)",TRUE
2001,Best New Age Album,Thinking Of You,"Kitarô (artist/producer), Gary Barlough (engineer/mixer), Peter Kelsey (engineer/mixer)",TRUE
2001,Best New Artist,Shelby Lynne,,TRUE
2001,Best New Artist,Jill Scott,,FALSE
2001,Best New Artist,Sisqó,,FALSE
2001,Best Opera Recording,Busoni: Doktor Faust,"Kim Begley, Dietrich Fischer-Dieskau, Dietrich Henschel, Markus Hollop, Eva Jenis, Torsten Kerl, Kent Nagano (conductor), Martin Sauer (producer), Jean Chatauret (engineer), Orchestre de l'Opéra National de Lyon (artist)",TRUE
2001,Best Orchestral Performance,Mahler: Sym. No. 10,"Simon Rattle (conductor), Stephen Johns (producer), Mike Clements (engineer), Berliner Philharmoniker (artist)",TRUE
2001,Best Polka Album,Touched By A Polka,"Jimmy Sturr (artist/producer/engineer), Tom Pick (producer/engineer), Jon Dickson (engineer), Kenneth R. Irwin (engineer)",TRUE
2001,Best Pop Collaboration with Vocals,"Is You Is, Or Is You Ain't (My Baby)","B.B. King, Dr. John",TRUE
2001,Best Pop Instrumental Album,Symphony No. 1,"Joe Jackson (artist/producer), Dan Gellert (engineer/mixer)",TRUE
2001,Best Pop Instrumental Performance,Caravan,The Brian Setzer Orchestra,TRUE
2001,Best Pop Performance by a Duo or Group with Vocal,Cousin Dupree,Steely Dan,TRUE
2001,Best Pop Performance by a Duo or Group with Vocal,Show Me the Meaning of Being Lonely,Backstreet Boys,FALSE
2001,Best Pop Performance by a Duo or Group with Vocal,Breathless,The Corrs,FALSE
2001,Best Pop Vocal Album,Two Against Nature,"Steely Dan (artist), Walter Becker (producer), Donald Fagen (producer), Phil Burnett (engineer/mixer), Roger Nichols (engineer/mixer), Dave Russell (engineer/mixer), Elliot Scheiner (engineer/mixer)",TRUE
2001,Best Pop Vocal Album,Oops...! I Did It Again,Britney Spears,FALSE
2001,Best Pop Vocal Album,Music,Madonna,FALSE
2001,Best Pop/Contemporary Gospel Album,If I Left The Zoo,"Jars of Clay (artist), Dennis Herring (producer/engineer/mixer), Rich Hasal (engineer/mixer)",TRUE
2001,Best R&B Album,Voodoo,"Russell Elevado (engineer/mixer), D'Angelo (artist/producer/engineer/mixer)",TRUE
2001,Best R&B Performance by a Duo or Group with Vocal,Say My Name,Destiny's Child,TRUE
2001,Best R&B Performance by a Duo or Group with Vocal,Pass You By,Boyz II Men,FALSE
2001,Best R&B Performance by a Duo or Group with Vocal,911,"Wyclef Jean, Mary J. Blige",FALSE
2001,Best R&B Song,Say My Name,"Rodney Jerkins (songwriter), Fred Jerkins (songwriter), Beyoncé (songwriter), LeToya Luckett-Walker (songwriter), LaTavia Roberson (songwriter), Kelly Rowland (songwriter), Destiny's Child (artist), Lashawn Daniels (songwriter)",TRUE
2001,Best Rap Album,The Marshall Mathers LP,"Eminem (artist/producer), Dr. Dre (engineer/mixer), Richard Huredia (engineer/mixer)",TRUE
2001,Best Rap Album,2001,Dr. Dre,FALSE
2001,Best Rap Album,Country Grammar,Nelly,FALSE
2001,Best Rap Performance by a Duo or Group,Forgot About Dre,"Dr. Dre, Eminem",TRUE
2001,Best Rap Solo Performance,The Real Slim Shady,Eminem,TRUE
2001,Best Recording Package,Music,"Kevin Reagan (art director), Madonna (artist)",TRUE
2001,Best Reggae Album,Art And Life,Beenie Man (artist),TRUE
2001,Best Rock Album,There Is Nothing Left To Lose,"Foo Fighters (artist/producers), Adam Kasper (producer/engineer/mixer)",TRUE
2001,Best Rock Gospel Album,Double Take,"Petra (artist), Dino Elefante (producer), John Elefante (producer), David Hall (engineer/mixer), J.R. McNeely (engineer/mixer)",TRUE
2001,Best Rock Instrumental Performance,The Call Of Ktulu,"Metallica, Michael Kamen, San Francisco Symphony",TRUE
2001,Best Rock Performance by a Duo or Group with Vocal,Beautiful Day,U2,TRUE
2001,Best Rock Song,With Arms Wide Open,"Scott Stapp (songwriter), Mark Tremonti (songwriter), Creed (artist)",TRUE
2001,Best Salsa Album,Masterpiece/Obra Maestra,"Eddie Palmieri (artist/producer), Tito Puente (artist/producer), Jon Fausty (engineer/mixer)",TRUE
2001,"Best Score Soundtrack Album for a Motion Picture, Television or other Visual Media",American Beauty,"Thomas Newman (artist/composer/producer), Bill Bernstein (producer)",TRUE
2001,"Best Score Soundtrack Album for a Motion Picture, Television or other Visual Media",Magnolia,Jon Brion,FALSE
2001,"Best Score Soundtrack Album for a Motion Picture, Television or other Visual Media",Toy Story 2,Randy Newman,FALSE
2001,Best Short Form Music Video,Foo Fighters: Learn to Fly,"Jesse Peretz (video director), Tina Nakane (video producer), Foo Fighters (artist)",TRUE
2001,Best Short Form Music Video,Papa Roach: Broken Home,"Papa Roach (artist), Marcos Siega (video director), Shirley Moyers (video producer)",FALSE
2001,Best Short Form Music Video,Will Smith: Will 2K,"Will Smith (artist), Robert Caruso (video director)",FALSE
2001,Best Small Ensemble Performance (with or without Conductor),"Shadow Dances - Stravinsky Miniatures, Tango, Suite No. 1 & Octet","Christian Gansch (producer), Wolf-Dieter Karwatky (engineer)",TRUE
2001,"Best Song Written for a Motion Picture, Television or Other Visual Media",When She Loved Me,Toy Story 2,TRUE
2001,"Best Song Written for a Motion Picture, Television or Other Visual Media",Save Me,Magnolia,FALSE
2001,"Best Song Written for a Motion Picture, Television or Other Visual Media",Things Have Changed,Wonder Boys,FALSE
2001,"Best Southern, Country or Bluegrass Gospel Album",Soldier Of The Cross,"Ricky Skaggs (artist/producer), The Kentucky Thunder (artist), Brent King (engineer/mixer), Alan Shulman (engineer/mixer)",TRUE
2001,Best Spoken Comedy Album,Braindroppings,"George Carlin (artist), John Runnette (producer)",TRUE
2001,Best Spoken Word Album,The Measure of a Man,"Sidney Poitier (artist), Rick Harris (producer), John Runnette (producer)",TRUE
2001,Best Spoken Word Album,Married to Laughter: A Love Story Featuring Anne Meara,Jerry Stiller,FALSE
2001,Best Spoken Word Album,Shopgirl,Steve Martin,FALSE
2001,Best Spoken Word Album For Children,Harry Potter and the Goblet of Fire,"Jim Dale (artist), David S. Rapkin (producer)",TRUE
2001,Best Tejano Album,¿Qué Es Música Tejana?,"The Legends (artist), Hugo Guerrero (producer/engineer), Freddie Martínez Sr. (producer/engineer), Greg Garcia (engineer), Edward Perez (engineer)",TRUE
2001,Best Traditional Blues Album,Riding With The King,"Eric Clapton (artist/producer), Simon Climie (producer), Alan Douglas (engineer), B.B. King (artist)",TRUE
2001,Best Traditional Folk Album,Public Domain - Songs From The Wild Land,"Dave Alvin (artist/producer), Mark Linett (engineer)",TRUE
2001,Best Traditional Pop Vocal Album,Both Sides Now,"Joni Mitchell (artist/producer), Larry Klein (producer), Geoff Foster (engineer/mixer), Allen Sides (engineer/mixer)",TRUE
2001,Best Traditional R&B Vocal Album,Ear-Resistible,The Temptations,TRUE
2001,Best Traditional Soul Gospel Album,You Can Make It,"Shirley Caesar (artist/producer), Michael E. Mathis (producer), Bubba Smith (producer)",TRUE
2001,Best Traditional Tropical Latin Album,Alma Caribeña,"Gloria Estefan (artist), Robert Blades (producer), Emilio Estefan Jr. (producer), George Noriega (producer), Scott Canto (engineer), Gustavo Celis (engineer), Javier Garza (engineer), Mauricio Guerrero (engineer), Sebastian Krys (engineer), Freddy Piñero Jr. (engineer)",TRUE
2001,Best World Music Album,João Voz E Violão,"João Gilberto (artist), Caetano Veloso (producer), Moogie Canazio (producer/engineer/mixer)",TRUE
2001,"Producer of the Year, Classical",Steven Epstein,,TRUE
2001,"Producer of the Year, Non-Classical",Dr. Dre,,TRUE
2001,Record of the Year,Beautiful Day,"U2 (artist), Brian Eno (producer), Daniel Lanois (producer), Steve Lillywhite (engineer/mixer), Richard Rainey (engineer/mixer)",TRUE
2001,"Remixer of the Year, Non-Classical",Hex Hector,,TRUE
2001,Song of the Year,Beautiful Day,U2 (artist/songwriters),TRUE
2002,Album of the Year,Love and Theft,"O Brother, Where Art Thou?",TRUE
2002,Album of the Year,Acoustic Soul,India Arie,FALSE
2002,Album of the Year,All That You Can't Leave Behind,U2,FALSE
2002,Best Album Notes,Arhoolie Records 40th Anniversary Collection - 1960-2000 The Journey Of Chris Strachwitz (Various Artists),Elijah Wald (album notes writer),TRUE
2002,Best Alternative Music Album,Parachutes,"Guy Berryman (producer), Jon Buckland (producer), Will Champion (producer), Chris Martin (producer), Ken Nelson (producer), Coldplay (artist)",TRUE
2002,Best Bluegrass album,New Favorite,"Union Station (artist), Barry Bales (producer), Ron Block (producer), Jerry Douglas (producer), Dan Tyminski (producer), Alison Krauss (artist/producer)",TRUE
2002,Best Boxed Recording Package,Brain In A Box - The Science Fiction Collection (Various Artists),"Hugh Brown (art director), Steve Vance (art director)",TRUE
2002,Best Chamber Music Performance,Haydn: The Complete String Quartets,"The Angeles String Quartet (artists), Joanna Nickrenz (producer), Marc Aubort (engineer)",TRUE
2002,Best Choral Performance,Bach: St. Matthew Passion,"Norbert Balatsch (chorus masters), Erwin Ortner (chorus masters), Nikolaus Harnoncourt (conductor), Martin Sauer (producer), Michael Brammann (engineer), Arnold Schoenberg Chor (artist), Concentus musicus Wien (artist)",TRUE
2002,Best Classical Album,Berlioz: Les Troyens,"Colin Davis (conductor), James Mallinson (producer), Michelle DeYoung (artist), Ben Heppner (artist), Petra Lang (artist), Peter Mattei (artist), Stephen Milling (artist), Sara Mingardo (artist), Kenneth Tarver (artist)",TRUE
2002,Best Classical Contemporary Composition,Rouse: Concert De Gaudí For Guitar & Orchestra,Christopher Rouse (composer),TRUE
2002,Best Classical Crossover Album,"Perpetual Motion - Scarlatti, Bach, Debussy, Chopin","Bela Fleck (artist/producer), Edgar Meyer (artist/producer), Joshua Bell (artist), John Williams (artist), Evelyn Glennie (artist), Robert Battaglia (engineer)",TRUE
2002,Best Classical Vocal Performance,Dreams & Fables - Gluck Italian Arias: Tremo Fra' Dubbi Miei; Di Questa Cetra In Seno,"Christopher Raeburn (producer), Jonathan Stokes (engineer), Bernhard Forck (artist), Akademie für Alte Musik Berlin (artist)",TRUE
2002,"Best Compilation Soundtrack Album for a Motion Picture, Television or Other Visual Media","O Brother, Where Art Thou?","T Bone Burnett (compilation producer), Mike Piersante (engineer), Peter F. Kurland (engineer)",TRUE
2002,"Best Compilation Soundtrack Album for a Motion Picture, Television or Other Visual Media",Moulin Rouge!,,FALSE
2002,"Best Compilation Soundtrack Album for a Motion Picture, Television or Other Visual Media",Peppers & Eggs,The Sopranos,FALSE
2002,Best Contemporary Blues Album,Nothing Personal,"Delbert McClinton (artist/producer), Gary Nicholson (producer), Richard Dodd (engineer), Don Smith (engineer)",TRUE
2002,Best Contemporary Folk Album,Love And Theft,"Bob Dylan (artist/producer), Chris Shaw (engineer/mixer)",TRUE
2002,Best Contemporary Jazz Album,M²,"Marcus Miller (artist/producer), David Isaac (producer/engineer/mixer)",TRUE
2002,Best Contemporary Soul Gospel Album,The Experience,"Yolanda Adams (artist), Benjamin J. Arrindell (engineer/mixer), Biff Dawes (engineer/mixer), Derek Lewis (engineer/mixer)",TRUE
2002,Best Country Album,Timeless - Hank Williams Tribute (Various Artists),,TRUE
2002,Best Country Collaboration with Vocals,I Am A Man Of Constant Sorrow,"Dan Tyminski, Harley Allen, Pat Enright, The Soggy Bottom Boys",TRUE
2002,Best Country Instrumental Performance,Foggy Mountain Breakdown,"Earl Scruggs, Glen Duncan, Randy Scruggs, Steve Martin, Vince Gill, Marty Stuart, Gary Scruggs, Albert Lee, Paul Shaffer, Jerry Douglas, Leon Russell",TRUE
2002,Best Country Performance by a Duo or Group with Vocal,The Lucky One,"Alison Krauss, Union Station",TRUE
2002,Best Country Song,The Lucky One,"Robert Lee Castleman (songwriter), Alison Krauss (artist), Union Station (artist)",TRUE
2002,Best Dance Recording,All for You,"Janet Jackson (artist/producer), Jimmy Jam (producer), Terry Lewis (producer), Steve Hodge (mixer)",TRUE
2002,Best Dance Recording,I Feel Loved,Depeche Mode,FALSE
2002,Best Dance Recording,Angel,Lionel Richie,FALSE
2002,"Best Engineered Album, Classical","Bernstein (Arr. Brohn & Corigliano): West Side Story Suite (Lonely Town; Make Our Garden Grow, Etc.)","Richard King (engineer), Joshua Bell (artist)",TRUE
2002,"Best Engineered Album, Non-Classical",The Look Of Love,"Al Schmitt (engineer), Diana Krall (artist)",TRUE
2002,Best Female Country Vocal Performance,Shine,Dolly Parton,TRUE
2002,Best Female Pop Vocal Performance,I'm Like a Bird,Nelly Furtado,TRUE
2002,Best Female Pop Vocal Performance,Someone to Call My Lover,Janet Jackson,FALSE
2002,Best Female Pop Vocal Performance,By Your Side,Sade,FALSE
2002,Best Female Rock Vocal Performance,Get Right With God,Lucinda Williams,TRUE
2002,Best Gospel Choir or Chorus Album,Love Is Live!,"Hezekiah Walker (choir director), Greg Hartman (engineer/mixer), John Jaszcz (engineer/mixer), LFT Church Choir (artist)",TRUE
2002,Best Hard Rock Performance,Crawling,Linkin Park,TRUE
2002,Best Historical Album,Lady Day - The Complete Billie Holiday On Columbia 1933-1944,"Michael Brooks (compilation producer), Michael Cuscuna (compilation producer), Matt Cavaluzzo (mastering engineer), Harry Coster (mastering engineer), Seth Foster (mastering engineer), Darcy Proper (mastering engineer), Ken Robertson (mastering engineer), Mark Wilder (mastering engineer), Billie Holiday (artist)",TRUE
2002,Best Instrumental Arrangement,Claude Debussy Doctor Gradus Ad Parnassum From Children's Corner,"Bela Fleck (artist/producer), Edgar Meyer (producer), Joshua Bell (artist), Gary Hoffmann (artist)",TRUE
2002,Best Instrumental Arrangement Accompanying Vocalist(s),Drops Of Jupiter,"Paul Buckmaster (arranger), Train (artist)",TRUE
2002,Best Instrumental Composition,Cast Away - End Credits,Alan Silvestri (artist/composer),TRUE
2002,Best Instrumental Soloist Performance (without Orchestra),Britten Cello Suites (1-3),"Truls Mørk (artist/producer), Arne Akselberg (producer/engineer)",TRUE
2002,Best Instrumental Soloist(s) Performance (with Orchestra),Strauss Wind Concertos - Horn Concerto; Oboe Concerto,"Daniel Barenboim (artist), Dale Clevenger (artist), Larry Combs (artist), Alex Klein (artist), David McGill (artist), Martin Fouque (producer), Eberhard Sengpiel (engineer), Chicago Symphony Orchestra (artist)",TRUE
2002,"Best Jazz Instrumental Album, Individual or Group",This Is What I Do,"Sonny Rollins (artist/producer), Lucille Rollins (producer)",TRUE
2002,Best Jazz Instrumental Solo,Chan's Song,Michael Brecker (soloist),TRUE
2002,Best Jazz Vocal Album,The Calling,"Dianne Reeves (artist), George Duke (producer)",TRUE
2002,Best Large Jazz Ensemble Album,Homage To Count Basie,"Bob Mintzer Big Band (artist), Tom Jung (producer), Bob Mintzer (producer)",TRUE
2002,Best Latin Jazz Album,Nocturne,"Charlie Haden (artist/producer), Gonzalo Rubalcaba (producer)",TRUE
2002,Best Latin Pop Album,La Musica De Baldemar Huerta,"Freddy Fender (artist), Michael Morales (producer/engineer), Ronald Morales (producer/engineer), Joe Reyes (producer/engineer)",TRUE
2002,Best Latin Rock/Alternative Album,Embrace The Chaos,Ozomatli,TRUE
2002,Best Long Form Music Video,Recording 'The Producers': A Musical Romp with Mel Brooks (Various Artists),Great Performances,TRUE
2002,Best Long Form Music Video,"Freddie Mercury, the Untold Story","Rudi Dolezal (video director/video producer), Hannes Rossacher (video director), Jim Beach (video producer)",FALSE
2002,Best Male Country Vocal Performance,O Death,Ralph Stanley,TRUE
2002,Best Male Pop Vocal Performance,Don't Let Me Be Lonely Tonight,James Taylor,TRUE
2002,Best Male R&B Vocal Performance,U Remind Me,Usher Raymond,TRUE
2002,Best Male Rock Vocal Performance,Dig In,Lenny Kravitz,TRUE
2002,Best Merengue Album,Yo Por Tí,"Olga Tañón (artist/producer), Eric Schilling (engineer)",TRUE
2002,Best Metal Performance,Schism,Tool,TRUE
2002,Best Mexican/Mexican-American Album,En Vivo...El Hombre Y Su Musica,"Ramon Ayala (artist), Freddie Martínez Sr. (producer), Greg Garcia (engineer), Freddie Martínez Jr. (engineer), Edward Perez (engineer)",TRUE
2002,Best Musical Album for Children,Elmo and the Orchestra (Sesame Street Characters),,TRUE
2002,Best Musical Show Album,The Producers (Original Broadway Cast),"Mel Brooks (composer/lyricist), Hugh Fordin (producer), Cynthia Daniels (engineer)",TRUE
2002,Best Native American Music Album,Bless The People - Harmonized Peyote Songs,"Verdell Primeaux (artist), Johnny Mike (artist), Giuli Doyle (producer), Robert Doyle (producer), Jack Miller (engineer)",TRUE
2002,Best New Age Album,A Day Without Rain,"Enya (artist), Nicky Ryan (producer)",TRUE
2002,Best New Artist,Alicia Keys,,TRUE
2002,Best New Artist,India Arie,,FALSE
2002,Best New Artist,Nelly Furtado,,FALSE
2002,Best Opera Recording,Berlioz: Les Troyens,"Michelle DeYoung, Ben Heppner, Petra Lang, Peter Mattei, Stephen Milling, Sara Mingardo, Kenneth Tarver, Colin Davis (conductor), James Mallinson (producer), Simon Rhodes (engineer), Royal Opera Chorus (artist), London Symphony Orchestra (artist)",TRUE
2002,Best Orchestral Performance,"Boulez Conducts Varèse - Amériques, Arcana, Déserts & Ionisation","Pierre Boulez (conductor), Helmut Burk (producer), Karl-August Naegler (producer), Jobst Eberhardt (engineer), Staphan Flock (engineer), Chicago Symphony Orchestra (artist)",TRUE
2002,Best Polka Album,Gone Polka,"Jimmy Sturr (artist/producer/engineer), Kenneth R. Irwin (producer/engineer), Tom Pick (producer/engineer), Jim Uzwack (engineer)",TRUE
2002,Best Pop Collaboration with Vocals,Lady Marlalade,"Christina Aguilera, Lil' Kim, Mya, Pink",TRUE
2002,Best Pop Collaboration with Vocals,Nobody Wants to Be Lonely,"Christina Aguilera, Ricky Martin",FALSE
2002,Best Pop Collaboration with Vocals,New York State of Mind,"Tony Bennett, Billy Joel",FALSE
2002,Best Pop Instrumental Album,No Substitutions - Live In Osaka,"Larry Carlton (artist), Steve Lukather (artist/producer), Steve Vai (producer)",TRUE
2002,Best Pop Instrumental Performance,Reptile,Eric Clapton,TRUE
2002,Best Pop Performance by a Duo or Group with Vocal,Stuck In A Moment You Can't Get Out Of,U2,TRUE
2002,Best Pop Vocal Album,Lovers Rock,"Sade (artist/producer), Mike Pela (producer)",TRUE
2002,Best Pop Vocal Album,Songs from the West Coast,Elton John,FALSE
2002,Best Pop Vocal Album,"Whoa, Nelly!",Nelly Furtado,FALSE
2002,Best Pop/Contemporary Gospel Album,CeCe Winans,"CeCe Winans (artist), Brown Bannister (producer)",TRUE
2002,Best R&B Album,Songs In A Minor,Alicia Keys (artist/producer),TRUE
2002,Best R&B Performance by a Duo or Group with Vocal,Survivor,Destiny's Child,TRUE
2002,Best R&B Song,Fallin',Alicia Keys (artist/songwriter),TRUE
2002,Best Rap Album,Stankonia,"Outkast (artist), André Benjamin (producer), Big Boi (producer), David Sheats (producer)",TRUE
2002,Best Rap Album,Pain Is Love,Ja Rule,FALSE
2002,Best Rap Album,Back for the First Time,Ludacris,FALSE
2002,Best Rap Performance by a Duo or Group,Ms. Jackson,Outkast,TRUE
2002,Best Rap Solo Performance,Get Ur Freak On,Missy Elliott,TRUE
2002,Best Rap/Sung Collaboration,Let Me Blow Ya Mind,"Eve, Gwen Stefani",TRUE
2002,Best Recording Package,Amnesiac - Special Limited Edition,"Stanley Donwood (art director), Thom Yorke (art director), Radiohead (artist)",TRUE
2002,Best Reggae Album,Halfway Tree,"Damian Marley (artist), Stephen Marley (producer)",TRUE
2002,"Best Remixed Recording, Non-Classical",Thank You (Deep Dish Vocal Remix),"Deep Dish (remixers), Dido (artist)",TRUE
2002,Best Rock Album,All That You Can't Leave Behind,"U2 (artist), Brian Eno (producer), Daniel Lanois (producer)",TRUE
2002,Best Rock Gospel Album,Solo,D.C. Talk,TRUE
2002,Best Rock Instrumental Performance,Dirty Mind,Jeff Beck,TRUE
2002,Best Rock Song,Drops Of Jupiter,"Charlie Colin (songwriter), Rob Hotchkiss (songwriter), Pat Monahan (songwriter), Jimmy Stafford (songwriter), Scott Underwood (songwriter), Train (artist)",TRUE
2002,Best Rock Vocal Performance by a Duo or Group,Elevation,U2,TRUE
2002,Best Salsa Album,Encore,Robert Blades (artist/producer),TRUE
2002,"Best Score Soundtrack Album For A Motion Picture, Television Or Other Visual Media","Crouching Tiger, Hidden Dragon","Dun Tan (artist/composer/producer), Steven Epstein (producer)",TRUE
2002,"Best Score Soundtrack Album For A Motion Picture, Television Or Other Visual Media",Chocolat,Rachel Portman,FALSE
2002,"Best Score Soundtrack Album For A Motion Picture, Television Or Other Visual Media",Planet of the Apes,Danny Elfman,FALSE
2002,Best Short Form Music Video,Fatboy Slim: Weapon of Choice,"Fatboy Slim (artist), Bootsy Collins (artist), Spike Jonze (video director), Deannie O'Neil (video producer), Vincent Landay (video producer)",TRUE
2002,Best Short Form Music Video,Madonna: Don't Tell Me,"Madonna (artist), Jean-Baptiste Mondino (video director), Maria Gallagher (video producer)",FALSE
2002,Best Short Form Music Video,Outkast: Ms. Jackson,"Outkast (artist), F. Gary Gray (video director), Meredyth Frattolillo (video producer)",FALSE
2002,Best Small Ensemble Performance (with or without Conductor),"After Mozart - Raskatov, Silvestrov & Schnittke","Gidon Kremer (producer), Helmut Mühle (producer), Philipp Nedel (engineer)",TRUE
2002,"Best Song Written for a Motion Picture, Television or Other Visual Media",Boss Of Me,Malcolm in the Middle,TRUE
2002,"Best Song Written for a Motion Picture, Television or Other Visual Media",Win,Men of Honor,FALSE
2002,"Best Song Written for a Motion Picture, Television or Other Visual Media",My Funny Friend And Me,The Emperor's New Groove,FALSE
2002,"Best Southern, Country or Bluegrass Gospel Album",Bill & Gloria Gaither Present A Billy Graham Music Homecoming (with Their Homecoming Friends),"Bill Gaither (artist/producer), Gloria Gaither (artist), Chad Evans (engineer/mixer)",TRUE
2002,Best Spoken Comedy Album,Napalm & Sillyputty,"George Carlin (artist), John Runnette (producer)",TRUE
2002,Best Spoken Word Album,Q - The Autobiography Of Quincy Jones,"Elisa Shokoff (producer), Quincy Jones (artist)",TRUE
2002,Best Spoken Word Album for Children,Mama Don't Allow,"Tom Chapin (artist), Arnold Cardillo (producer)",TRUE
2002,Best Tejano Album,Nadie Como Tu,"Solido (artist), Rolando Benavidez (producer), Ben De León (producer), Medardo Garza (producer), Amado Garza Jr. (producer), Otoniel Peña Jr. (producer), Edward Perez (engineer), Ramiro Serna Jr. (engineer)",TRUE
2002,Best Traditional Blues Album,Do You Get The Blues?,"Jimmie Vaughan (artist/producer), John Hampton (engineer), Jared Tuten (engineer)",TRUE
2002,Best Traditional Folk Album,Down From The Mountain (Various Artists),Mike Piersante (engineer),TRUE
2002,Best Traditional Pop Vocal Album,Songs I Heard,"Harry Connick Jr. (artist), Tracey Freeman (producer)",TRUE
2002,Best Traditional R&B Vocal Album,At Last,Gladys Knight,TRUE
2002,Best Traditional Soul Gospel Album,Spirit Of The Century,"The Blind Boys of Alabama (artist), John Chelew (producer), Larry Hirsch (engineer/mixer), Jimmy Hoyson (engineer/mixer)",TRUE
2002,Best Traditional Tropical Latin Album,Dejame Entrar,"Carlos Vives (artist/producer), Andrés Castro (producer), Emilio Estefan Jr. (producer), Sebastian Krys (producer), Scott Canto (engineer), Mike Couzzi (engineer), Javier Garza (engineer), Ron Taylor (engineer), John D. Thomas (engineer)",TRUE
2002,Best World Music Album,Full Circle - Carnegie Hall 2000,"Ravi Shankar (artist), Hans Wendl (producer)",TRUE
2002,"Producer of the Year, Classical",Manfred Eicher,,TRUE
2002,"Producer of the Year, Non-Classical",T Bone Burnett,,TRUE
2002,Record of the Year,Walk On,"U2 (artist), Brian Eno (producer), Daniel Lanois (producer), Steve Lillywhite (engineer/mixer), Richard Rainey (engineer/mixer)",TRUE
2002,Song of the Year,Fallin',Alicia Keys (artist/songwriter),TRUE
2002,Song of the Year,Video,"India Arie (songwriter), Carlos Broady (songwriter), Shannon Sanders (songwriter)",FALSE
2002,Song of the Year,Stuck In a Moment You Can't Get Out Of,U2 (songwriters),FALSE
2002,Best Female R&B Vocal Performance,Fallin',Alicia Keys,FALSE
2003,Album of the Year,Come Away With Me,"Norah Jones (artist/producer), Arif Mardin (producer), Craig Street (producer), Jay Newland (producer/engineer/mixer), S. Husky Höskulds (engineer/mixer), Ted Jensen (mastering engineer)",TRUE
2003,Best Album Notes,Screamin' And Hollerin' The Blues - The Worlds Of Charley Patton,"David H. Evans Jr. (album notes writer), Charley Patton (artist)",TRUE
2003,Best Alternative Music Album,A Rush Of Blood To The Head,"Coldplay (artist/producers/engineers/mixers), Ken Nelson (producer/engineer/mixer), Mark Phythian (engineer/mixer)",TRUE
2003,Best Bluegrass Album,Lost In The Lonesome Pines,"Jim Lauderdale (artist/producer), Ralph Stanley (artist), The Clinch Mountain Boys (artist), David Castle (engineer/mixer)",TRUE
2003,Best Boxed or Special Limited Edition Package,Screamin' And Hollerin' The Blues - The Worlds Of Charley Patton,"Susan Archie (art director), Charley Patton (artist)",TRUE
2003,Best Chamber Music Performance,"Beethoven: String Quartets (Razumovsky Op. 59, 1-3; Harp Op. 74)","The Takács Quartet (artists), Andrew Keener (producer), Simon Eadon (engineer)",TRUE
2003,Best Choral Performance,Vaughan Williams: A Sea Symphony (Sym. No. 1),"Robert Spano (conductor), Thomas Moore (producer), Michael Bishop (engineer), Atlanta Symphony Chorus (artist), Atlanta Symphony Orchestra (artist)",TRUE
2003,Best Classical Album,Vaughan Williams: A Sea Symphony (Sym. No. 1),"Robert Spano (conductor), Norman MacKenzie (artist), Thomas Moore (producer)",TRUE
2003,Best Classical Contemporary Composition,Tavener: Lamentations & Praises,John Tavener (composer),TRUE
2003,Best Classical Crossover Album,"Previn Conducts Korngold - The Sea Hawk, Captain Blood, etc.","André Previn (artist), Sid McLauchlan (producer), Richard Lancaster (engineer), Ulrich Vette (engineer)",TRUE
2003,Best Classical Vocal Performance,"Bel Canto - Bellini, Donizetti & Rossini","Patrick Summers (artist), Erik Smith (producer), Neil Hutchinson (engineer), Tom Lazarus (engineer), Jonathan Stokes (engineer)",TRUE
2003,"Best Compilation Soundtrack Album for a Motion Picture, Television or Other Visual Media",Standing in the Shadows of Motown,"The Funk Brothers (artist), Alan Slutsky (compilation producer), Harry Weinger (compilation producer), Ted Greenberg (compilation producer/engineer/mixer), Kooster McAlister (engineer/mixer)",TRUE
2003,"Best Compilation Soundtrack Album for a Motion Picture, Television or Other Visual Media",I Am Sam,,FALSE
2003,"Best Compilation Soundtrack Album for a Motion Picture, Television or Other Visual Media",Y tu mamá también,,FALSE
2003,Best Contemporary Blues Album,Don't Give Up On Me,"Solomon Burke (artist), Joe Henry (producer), S. Husky Höskulds (engineer/mixer)",TRUE
2003,Best Contemporary Folk Album,This Side,"Nickel Creek (artist), Alison Krauss (producer), Gary Paczosa (engineer/mixer)",TRUE
2003,Best Contemporary Jazz Album,Speaking Of Now,"Pat Metheny Group (artist), Lyle Mays (producer), Pat Metheny (producer), Steve Rodby (producer), Rob Eaton (engineer/mixer)",TRUE
2003,Best Contemporary R&B Album,Ashanti,"Ashanti (artist), Irv Gotti (producer), 7 Aurelius (producer/engineer/mixer), Milwaukee Buck (engineer/mixer), Brian Springer (engineer/mixer)",TRUE
2003,Best Contemporary R&B Album,Faithfully,Faith Evans,FALSE
2003,Best Contemporary R&B Album,Cookie: The Anthropological Mixtape,Meshell Ndegeocello,FALSE
2003,Best Contemporary Soul Gospel Album,Sidebars,"Eartha (artist/producer), Glaurys Ariass (producer/engineer/mixer), Helsa Ariass (producer/engineer/mixer), Chris Puram (engineer/mixer)",TRUE
2003,Best Country Album,Home,"Dixie Chicks (artist/producers), Lloyd Maines (producer), Gary Paczosa (engineer/mixer)",TRUE
2003,Best Country Album,Halos & Horns,Dolly Parton,FALSE
2003,Best Country Album,The Great Divide,Willie Nelson,FALSE
2003,Best Country Collaboration with Vocals,Mendocino County Line,"Willie Nelson, Lee Ann Womack",TRUE
2003,Best Country Instrumental Performance,Lil' Jack Slade,Dixie Chicks,TRUE
2003,Best Country Song,Where Were You (When The World Stopped Turning),Alan Jackson (artist/songwriter),TRUE
2003,Best Country Vocal Performance by a Duo or Group,Long Time Gone,Dixie Chicks,TRUE
2003,Best Country Vocal Performance by a Duo or Group,Not A Day Goes By,Lonestar,FALSE
2003,Best Country Vocal Performance by a Duo or Group,Just What I Do,Trick Pony,FALSE
2003,Best Dance Recording,Days Go By,"Dirty Vegas (artist), Ben Harris (producer), Paul Harris (producer), Steve Smith (producer)",TRUE
2003,"Best Engineered Album, Classical",Vaughan Williams: A Sea Symphony (Sym. No. 1),"Michael Bishop (engineer), Robert Spano (artist), Norman MacKenzie (artist)",TRUE
2003,"Best Engineered Album, Non-Classical",Come Away With Me,"S. Husky Höskulds (engineer), Jay Newland (engineer), Norah Jones (artist)",TRUE
2003,Best Female Country Vocal Performance,Cry,Faith Hill,TRUE
2003,Best Female Pop Vocal Performance,Don't Know Why,Norah Jones,TRUE
2003,Best Female Pop Vocal Performance,Overprotected,Britney Spears,FALSE
2003,Best Female Pop Vocal Performance,Soak Up the Sun,Sheryl Crow,FALSE
2003,Best Female R&B Vocal Performance,He Think I Don't Know,Mary J. Blige,TRUE
2003,Best Female Rap Solo Performance,Scream a.k.a. Itchin',Missy Elliott,TRUE
2003,Best Female Rock Vocal Performance,Steve McQueen,Sheryl Crow,TRUE
2003,Best Gospel Choir or Chorus Album,Be Glad,"Carol Cymbala (choir director/producer), B.J. Goss (engineer/mixer), The Brooklyn Tabernacle Choir (artist)",TRUE
2003,Best Hard Rock Performance,All My Life,Foo Fighters,TRUE
2003,Best Historical Album,Screamin' And Hollerin' The Blues - The Worlds Of Charley Patton,"Dean Blackwood (compilation producer), David Glasser (mastering engineer), Christopher King (mastering engineer), Matt Sandoski (mastering engineer), Charley Patton (artist)",TRUE
2003,Best Instrumental Arrangement,Six Feet Under Title Theme,Thomas Newman (arranger),TRUE
2003,Best Instrumental Arrangement Accompanying Vocalist(s),Mean Old Man,"Dave Grusin (arranger), James Taylor (artist)",TRUE
2003,Best Instrumental Composition,Six Feet Under Title Theme,Thomas Newman (composer),TRUE
2003,Best Instrumental Soloist Performance (without Orchestra),"Chopin: Études, Op. 10 & Op. 25","Murray Perahia (artist), Andreas Neubrunner (producer/engineer)",TRUE
2003,Best Instrumental Soloist(s) Performance (with Orchestra),Brahms/Stravinsky: Violin Concertos,"Hilary Hahn (artist), The Academy of St. Martin-in-the-Fields (artist), Thomas Frost (producer), Richard King (engineer)",TRUE
2003,"Best Jazz Instrumental Album, Individual or Group",Directions In Music,"Herbie Hancock (artist), Michael Brecker (artist/producer), Roy Hargrove (artist), Jason Olaine (producer), Doug Doctor (engineer/mixer), Rob Griffin (engineer/mixer), Jay Newland (engineer/mixer)",TRUE
2003,Best Jazz Instrumental Solo,My Ship,Herbie Hancock (soloist),TRUE
2003,Best Jazz Vocal Album,Live In Paris,"Diana Krall (artist), Tommy LiPuma (producer), Al Schmitt (engineer/mixer)",TRUE
2003,Best Large Jazz Ensemble Album,What Goes Around,"Dave Holland Big Band (artist), Dave Holland (producer), Louise Holland (producer), James Farber (engineer/mixer)",TRUE
2003,Best Latin Jazz Album,The Gathering,"Caribbean Jazz Project (artist), Dave Samuels (producer), Phil Magnotti (engineer/mixer)",TRUE
2003,Best Latin Pop Album,Caraluna,"Bacilos (artist/producers), Luis Fernando Ochoa (producer), Gonzalo Vasquez (producer/engineer/mixer), Gustavo Afont (engineer/mixer), Jon Fausty (engineer/mixer), Iker Gastraminsa (engineer/mixer), Jaime Lagueruela (engineer/mixer), Eric Schilling (engineer/mixer), Bob St. John (engineer/mixer)",TRUE
2003,Best Latin Rock/Alternative Album,Revolución De Amor,"Maná (artist), Álex González (producer), Fernando 'Fher' Olvera (producer), Benny Faccone (engineer/mixer)",TRUE
2003,Best Long Form Music Video,The Clash: Westway to the World,Don Letts (video director),TRUE
2003,Best Long Form Music Video,Live at the Albert,Nappy Roots: The World According to Nappy,FALSE
2003,Best Long Form Music Video,Welcome to the Club: The Women of Rockabilly,Beth Harrington (video director/video producer),FALSE
2003,Best Male Country Vocal Performance,Give My Love To Rose,Johnny Cash,TRUE
2003,Best Male Pop Vocal Performance,Your Body Is A Wonderland,John Mayer,TRUE
2003,Best Male R&B Vocal Performance,U Don't Have To Call,Usher Raymond,TRUE
2003,Best Male Rap Solo Performance,Hot In Herre,Nelly,TRUE
2003,Best Male Rock Vocal Performance,The Rising,Bruce Springsteen,TRUE
2003,Best Merengue Album,Latino,"Grupo Mania (artist), Jose Lugo (producer), Rolando Alejandro (engineer/mixer), Raphael Peña (engineer/mixer), Manuel Antonio Tejada Tabar (engineer/mixer)",TRUE
2003,Best Metal Performance,Here To Stay,Korn,TRUE
2003,Best Mexican/Mexican-American Album,Lo Dijo El Corazón,"Joan Sebastian (artist/producer), Benny Faccone (engineer/mixer), Franco Giordani (engineer/mixer), John Karpowich (engineer/mixer)",TRUE
2003,Best Musical Album for Children,"Monsters, Inc. - Scream Factory Favorites","Riders in the Sky (artist), Joey Miskulin (producer)",TRUE
2003,Best Musical Show Album,Hairspray (Original Broadway Cast),"Marc Shaiman (composer/lyricist/producer), Scott Wittman (lyricist), Pete Karam (engineer/mixer)",TRUE
2003,Best Native American Music Album,Beneath The Raven Moon,"Mary Youngblood (artist/producer), Thomas A. Wasinger (producer)",TRUE
2003,Best New Age Album,Acoustic Garden,"Eric Tingstad (artist/producer/engineer/mixer), Nancy Rumbel (artist/producer), Les Kahn (engineer/mixer)",TRUE
2003,Best New Artist,Norah Jones,,TRUE
2003,Best New Artist,Avril Lavigne,,FALSE
2003,Best New Artist,Michelle Branch,,FALSE
2003,Best Opera Recording,Wagner: Tannhäuser,"Jane Eaglen, Thomas Hampson, Waltraud Meier, René Pape, Peter Seiffert, Daniel Barenboim (conductor), Christoph Classen (producer), Tobias Lehmann (engineer), Eberhard Sengpiel (engineer), Chor der Deutschen Staatsoper Berlin (artist), Staatskapelle Berlin (artist)",TRUE
2003,Best Orchestral Performance,Mahler: Symphony No. 6,"Michael Tilson Thomas (conductor), Andreas Neubrunner (producer), Peter Laenger (engineer), San Francisco Symphony (artist)",TRUE
2003,Best Polka Album,Top Of The World,"Jimmy Sturr (artist/producer/engineer/mixer), Kenneth R. Irwin (producer/engineer/mixer), Tom Pick (producer/engineer/mixer), Joe Donofrio (engineer/mixer), Jeremy Welch (engineer/mixer)",TRUE
2003,Best Pop Collaboration with Vocals,The Game of Love,"Michelle Branch, Carlos Santana",TRUE
2003,Best Pop Collaboration with Vocals,The Christmas Song,"India Arie, Stevie Wonder",FALSE
2003,Best Pop Collaboration with Vocals,It's So Easy,"Sheryl Crow, Don Henley",FALSE
2003,Best Pop Instrumental Album,Just Chillin',"Norman Brown (artist), Paul Brown (producer/engineer/mixer)",TRUE
2003,Best Pop Instrumental Performance,Auld Lang Syne,B.B. King,TRUE
2003,Best Pop Performance by a Duo or Group with Vocal,Hey Baby,No Doubt,TRUE
2003,Best Pop Vocal Album,Come Away With Me,"Norah Jones (artist), Arif Mardin (producer), Jay Newland (producer/engineer/mixer), S. Husky Höskulds (engineer/mixer)",TRUE
2003,Best Pop Vocal Album,Britney,Britney Spears,FALSE
2003,Best Pop Vocal Album,M!Ssundaztood,Pink,FALSE
2003,Best Pop/Contemporary Gospel Album,The Eleventh Hour,"Jars of Clay (artist/producers), Vance Powell (engineer/mixer), Jack Joseph Puig (engineer/mixer)",TRUE
2003,Best R&B Album,Voyage To India,"India Arie (artist/producer), Shannon Sanders (producer), Alvin Speights (engineer/mixer)",TRUE
2003,Best R&B Performance by a Duo or Group with Vocal,Love's In Need Of Love Today,"Stevie Wonder, Take 6",TRUE
2003,Best R&B Song,Love Of My Life (An Ode To Hip Hop),"Erykah Badu (artist/songwriter), Common (artist/songwriter), Madukwu Chinwah (songwriter), Bobby Ozuna (songwriter), James Poyser (songwriter), Raphael Saadiq (songwriter), Glenn Standridge (songwriter)",TRUE
2003,Best Rap Album,The Eminem Show,"Eminem (artist/producer), Steve King (engineer/mixer)",TRUE
2003,Best Rap Album,Tarantula,Mystikal,FALSE
2003,Best Rap Album,Diary of a Sinner: 1st Entry,Petey Pablo,FALSE
2003,Best Rap Performance by a Duo or Group,The Whole World,"Outkast, Killer Mike",TRUE
2003,Best Rap/Sung Collaboration,Dilemma,"Nelly, Kelly Rowland",TRUE
2003,Best Rap/Sung Collaboration,Always On Time,"Ashanti, Ja Rule",FALSE
2003,Best Rap/Sung Collaboration,Like I Love You,"Clipse, Justin Timberlake",FALSE
2003,Best Recording Package,Home,"Kevin Reagan (art director), Dixie Chicks (artist)",TRUE
2003,Best Reggae Album,Jamaican E.T.,"Lee 'Scratch' Perry (artist/producer), Roger Lomas (producer/engineer/mixer)",TRUE
2003,"Best Remixed Recording, Non-Classical",Hella Good (Roger Sanchez Remix Main),"Roger Sanchez (remixer), No Doubt (artist)",TRUE
2003,Best Rock Album,The Rising,"Bruce Springsteen (artist), Brendan O'Brien (producer/engineer/mixer), Nick Didia (engineer/mixer)",TRUE
2003,Best Rock Album,Dreamland,Robert Plant,FALSE
2003,Best Rock Album,Head on Straight,"Tonic (artist), Emerson Hart, Dan Lavery, Jeff Russo",FALSE
2003,Best Rock Gospel Album,Come Together,"Third Day (artist), Monroe Jones (producer), James J. Dineen III (engineer/mixer)",TRUE
2003,Best Rock Instrumental Performance,Approaching Pavonis Mons By Balloon (Utopia Planitia),The Flaming Lips,TRUE
2003,Best Rock Performance by a Duo or Group with Vocal,In My Place,Coldplay,TRUE
2003,Best Rock Song,The Rising,Bruce Springsteen (artist/songwriter),TRUE
2003,Best Salsa Album,La Negra Tiene Tumbao,"Celia Cruz (artist), Sergio George (producer), Maria DeJesus (engineer/mixer), Jon Fausty (engineer/mixer)",TRUE
2003,"Best Score Soundtrack Album for a Motion Picture, Television or Other Visual Media",The Lord of the Rings: The Fellowship of the Ring,"Howard Shore (artist/composer/producer), John Kurlander (engineer/mixer)",TRUE
2003,"Best Score Soundtrack Album for a Motion Picture, Television or Other Visual Media",Harry Potter and the Sorcerer's Stone,John Williams,FALSE
2003,"Best Score Soundtrack Album for a Motion Picture, Television or Other Visual Media",Spider-Man,Danny Elfman,FALSE
2003,Best Short Form Music Video,Eminem: Without Me,"Eminem (artist), Joseph Kahn (video director), Greg Tharp (video producer)",TRUE
2003,Best Small Ensemble Performance (with or without Conductor),Tavener: Lamentations & Praises,"Steve Barnett (producer), Joseph Jennings (conductor), Preston Smith (engineer)",TRUE
2003,"Best Song Written for a Motion Picture, Television or Other Visual Media",If I Didn't Have You,"Monsters, Inc.",TRUE
2003,"Best Song Written for a Motion Picture, Television or Other Visual Media",Hero,Spider-Man,FALSE
2003,"Best Song Written for a Motion Picture, Television or Other Visual Media",Vanilla Sky,Vanilla Sky,FALSE
2003,"Best Southern, Country or Bluegrass Gospel Album",We Called Him Mr. Gospel Music - The James Blackwood Tribute Album,"The Jordanaires (artist), Larry Ford (artist), The Light Crust Doughboys (artist), Art Greenhaw (producer/engineer/mixer), Tim Cooper (engineer/mixer), Chuck Ebert (engineer/mixer), Adrian Payne (engineer/mixer), Robb Tripp (engineer/mixer), Philip W. York (engineer/mixer)",TRUE
2003,Best Spoken Comedy Album,Robin Williams Live on Broadway,"Robin Williams (artist), Peter Asher (producer), Nathaniel Kunkel (engineer/mixer)",TRUE
2003,Best Spoken Word Album,A Song Flung Up To Heaven,"Charles B. Potter (producer), Maya Angelou (artist)",TRUE
2003,Best Spoken Word Album for Children,There Was An Old Lady Who Swallowed A Fly,Tom Chapin,TRUE
2003,Best Tejano Album,Acuérdate,"Emilio Navaira (artist), Manuel Herrera Maldonado (producer), Gustavo Alphonso Miranda (engineer/mixer)",TRUE
2003,Best Traditional Blues Album,A Christmas Celebration Of Hope,"B.B. King (artist/producer), Anthony Daigle (engineer/mixer), John Holbrock (engineer/mixer)",TRUE
2003,Best Traditional Folk Album,Legacy,"Doc Watson (artist), David Holt (artist/producer), Steven Heller (producer/engineer/mixer)",TRUE
2003,Best Traditional Pop Vocal Album,Playin' With My Friends - Bennett Sings The Blues,"Tony Bennett (artist), Phil Ramone (producer), Joel Moss (engineer/mixer), Tom Young (engineer/mixer)",TRUE
2003,Best Traditional R&B Vocal Performance,What's Going On,"Chaka Khan, The Funk Brothers",TRUE
2003,Best Traditional Soul Gospel Album,Higher Ground,"The Blind Boys of Alabama (artist), John Chelew (producer), Jimmy Hoyson (engineer/mixer)",TRUE
2003,Best Traditional Tropical Latin Album,El Arte Del Sabor,"Bebo Valdés (artist), Cachao (artist), Carlos 'Patato' Valdés (artist), Nat Chediak (producer), Catherine Miller (engineer/mixer)",TRUE
2003,Best Urban/Alternative Performance,Little Things,India Arie,TRUE
2003,Best World Music Album,Mundo,"Rubén Blades (artist/producer), Walter Flores (producer/engineer/mixer), Edín Solís Rodríguez (producer/engineer/mixer), Oscar Marin (engineer/mixer)",TRUE
2003,"Producer of the Year, Classical",Robert Woods,,TRUE
2003,"Producer of the Year, Non-Classical",Arif Mardin,,TRUE
2003,Record of the Year,Don't Know Why,"Norah Jones (artist/producer), Arif Mardin (producer), Jay Newland (producer/engineer/mixer)",TRUE
2003,Song of the Year,Don't Know Why,"Jesse Harris (songwriter), Norah Jones (artist)",TRUE
2003,Song of the Year,Complicated,"Avril Lavigne (songwriter), The Matrix (songwriter)",FALSE
2003,Song of the Year,A Thousand Miles,Vanessa Carlton (songwriter),FALSE
2004,Album of the Year,Speakerboxxx/The Love Below,"Bernie Grundman (mastering engineer), Outkast (artist), André Benjamin (producer), Big Boi (producer), Carl Mo (producer), Vincent Alexander (engineer/mixer), Chris Carmouche (engineer/mixer), Terrence Cash (engineer/mixer), Kevin Davis (engineer/mixer), Reggie Dozier (engineer/mixer), John Frye (engineer/mixer), Robert Hannon (engineer/mixer), Padraic Kerin (engineer/mixer), Moka Nagatani (engineer/mixer), Pete Novak (engineer/mixer), Brian Paturalski (engineer/mixer), Neal Harrington Pogue (engineer/mixer), Dexter Simmons (engineer/mixer), Matt Still (engineer/mixer), Darrell Thorp (engineer/mixer), Brian Gardner (mastering engineer)",TRUE
2004,Album of the Year,Justified,Justin Timberlake,FALSE
2004,Album of the Year,Elephant,The White Stripes,FALSE
2004,Best Album Notes,Martin Scorsese Presents The Blues: A Musical Journey (Various Artists),Tom Piazza (album notes writer),TRUE
2004,Best Alternative Music Album,Elephant,"The White Stripes (artist), Jack White (producer), Liam Watson (engineer/mixer)",TRUE
2004,Best Alternative Music Album,Untitled,Sigur Rós,FALSE
2004,Best Alternative Music Album,Fever to Tell,Yeah Yeah Yeahs,FALSE
2004,Best Bluegrass Album,Live,"Alison Krauss (artist/producer), Union Station (artist), Barry Bales (producer), Ron Block (producer), Jerry Douglas (producer), Dan Tyminski (producer), Gary Paczosa (engineer/mixer)",TRUE
2004,Best Boxed or Special Limited Edition Package,The Complete Jack Johnson Sessions,"Julian Alexander (art director), Howard Fritzson (art director), Seth Rothstein (art director), Miles Davis (artist)",TRUE
2004,Best Chamber Music Performance,Berg: Lyric Suite,"Kronos Quartet (artist), Dawn Upshaw (artist), Judith Sherman (producer), Leslie Ann Jones (engineer)",TRUE
2004,Best Choral Performance,Sibelius: Cantatas,"Tiia-Ester Loitme (chorus master), Ants Soots (chorus master), Paavo Järvi (conductor), Maido Maadik (producer/engineer), Ellerhein Girls' Choir (artist), Estonian National Male Choir (artist), Eesti Riiklik Sümfooniaorkester (artist)",TRUE
2004,Best Classical Album,Mahler: Symphony No. 3; Kindertotenlieder,"Michael Tilson Thomas (conductor), Michelle DeYoung (artist), Andreas Neubronner (producer)",TRUE
2004,Best Classical Contemporary Composition,Argento: Casa Guidi,Dominick Argento (composer),TRUE
2004,Best Classical Crossover Album,Obrigado Brazil,"Yo-Yo Ma (artist), Jorge Calandrelli (producer), Steven Epstein (producer), Richard King (engineer), Todd Whitelock (engineer)",TRUE
2004,Best Classical Vocal Performance,Schubert: Lieder With Orchestra,"Thomas Quasthoff (soloist), Anne Sofie von Otter (soloist), Christopher Alder (producer), Jürgen Bulgrin (engineer), Oliver Von Heyden (engineer), Claudio Abbado (artist), Chamber Orchestra of Europe (artist)",TRUE
2004,Best Comedy Album,Poodle Hat,'Weird Al' Yankovic (artist/producer),TRUE
2004,"Best Compilation Soundtrack Album for a Motion Picture, Television or Other Visual Media",Chicago,"Randy Spendlove (compilation producer), Ric Wake (compilation producer), Joel Moss (engineer/mixer), Dan Hetzel (engineer/mixer)",TRUE
2004,"Best Compilation Soundtrack Album for a Motion Picture, Television or Other Visual Media",Gangs of New York,,FALSE
2004,"Best Compilation Soundtrack Album for a Motion Picture, Television or Other Visual Media",School of Rock,,FALSE
2004,Best Contemporary Blues Album,Let's Roll,"Etta James (artist/producer), Sametto James (producer), Josh Sklair (producer), Donto James (producer/engineer)",TRUE
2004,Best Contemporary Folk Album,The Wind',"Warren Zevon (artist/producer), Jorge Calderón (producer), Noah Scot Snyder (producer/engineer/mixer)",TRUE
2004,Best Contemporary Jazz Album,34th N Lex,"Randy Brecker (artist/producer), George Whitty (producer/engineer/mixer)",TRUE
2004,Best Contemporary R&B Album,,"Beyoncé (artist/producer), Tony Maserati (engineer/mixer)",TRUE
2004,Best Contemporary R&B Album,Chapter II,Ashanti,FALSE
2004,Best Contemporary R&B Album,Chocolate Factory,R. Kelly,FALSE
2004,Best Contemporary Soul Gospel Album,...Again,"Donnie McClurkin (artist/producer), Prince Charles Alexander (engineer/mixer)",TRUE
2004,Best Contemporary World Music Album,Voz D'Amor,"Cesária Évora (artist), José da Silva (producer)",TRUE
2004,Best Country Album,"Livin', Lovin', Losin' - Songs Of The Louvin Brothers (Various Artists)",,TRUE
2004,Best Country Collaboration with Vocals,How's The World Treating You,"James Taylor, Alison Krauss",TRUE
2004,Best Country Instrumental Performance,Cluck Old Hen,"Alison Krauss, Union Station",TRUE
2004,Best Country Performance by a Duo or Group with Vocal,A Simple Life,"Ricky Skaggs, The Kentucky Thunder",TRUE
2004,Best Country Song,It's Five O'Clock Somewhere,"Jim Brown (songwriter), Don Rollins (songwriter), Alan Jackson (artist), Jimmy Buffett (artist)",TRUE
2004,Best Dance Recording,Come into My World,"Kylie Minogue (artist), Rob Davis (producer/mixer), Cathy Dennis (producer/mixer), Bruce Elliott-Smith (mixer), Phil Larsen (mixer)",TRUE
2004,Best Dance Recording,Easy,Groove Armada,FALSE
2004,Best Dance Recording,Breathe,Telepopmusik (artist),FALSE
2004,"Best Engineered Album, Classical",Obrigado Brazil,"Richard King (engineer), Todd Whitelock (engineer), Yo-Yo Ma (artist)",TRUE
2004,"Best Engineered Album, Non-Classical",Hail To The Thief,"Nigel Godrich (engineer), Darrell Thorp (engineer), Radiohead (artist)",TRUE
2004,Best Female Country Vocal Performance,Keep On The Sunny Side,June Carter Cash,TRUE
2004,Best Female Pop Vocal Performance,Beautiful,Christina Aguilera,TRUE
2004,Best Female Pop Vocal Performance,White Flag,Dido,FALSE
2004,Best Female Pop Vocal Performance,Fallen,Sarah McLachlan,FALSE
2004,Best Female R&B Vocal Performance,Dangerously in Love,Beyoncé,TRUE
2004,Best Female R&B Vocal Performance,Back in the Day,Erykah Badu,FALSE
2004,Best Female R&B Vocal Performance,Ooh!,Mary J. Blige,FALSE
2004,Best Female Rap Solo Performance,Work It,Missy Elliott,TRUE
2004,Best Female Rap Solo Performance,Came Back For You,Lil' Kim,FALSE
2004,Best Female Rap Solo Performance,Go Head,Queen Latifah,FALSE
2004,Best Female Rock Vocal Performance,Trouble,Pink,TRUE
2004,Best Female Rock Vocal Performance,Time Of Our Lives,Bonnie Raitt,FALSE
2004,Best Female Rock Vocal Performance,Are You Happy Now?,Michelle Branch,FALSE
2004,Best Gospel Choir or Chorus Album,A Wing And A Prayer,"T.D. Jakes (choir director), Steve Lawrence (producer), Kevin Bond (producer/engineer/mixer), Ralph Cacciurri (engineer/mixer), Gerard Hairston (engineer/mixer), Malcolm Harper Jr. (engineer/mixer), The Potter's House Mass Choir (artist)",TRUE
2004,Best Hard Rock Performance,Bring Me to Life,"Evanescence, Paul McCoy",TRUE
2004,Best Hard Rock Performance,Straight Out of Line,Godsmack,FALSE
2004,Best Hard Rock Performance,Go With the Flow,Queens of the Stone Age,FALSE
2004,Best Historical Album,Martin Scorsese Presents The Blues: A Musical Journey (Various Artists),"Steve Berkowitz (compilation producer), Alex Gibney (compilation producer), Andy McKaie (compilation producer), Jerry Rappaport (compilation producer), Gavin Lurssen (mastering engineer), Joseph M. Palmaccio (mastering engineer)",TRUE
2004,Best Instrumental Arrangement,Timbuktu,"Michael Brecker (arranger), Gil Goldstein (arranger), Michael Brecker Quindectet (artist)",TRUE
2004,Best Instrumental Arrangement Accompanying Vocalist(s),Woodstock,"Vincent Mendoza (arranger), Joni Mitchell (artist)",TRUE
2004,Best Instrumental Composition,Sacajawea,Wayne Shorter (artist/composer),TRUE
2004,Best Instrumental Soloist Performance (without Orchestra),"Haydn: Piano Sonatas Nos. 29, 31, 34, 35 & 49","Emanuel Ax (soloist), Grace Row (producer), Charles Harbutt (engineer)",TRUE
2004,Best Instrumental Soloist(s) Performance (with Orchestra),Britten: Violin Concerto/Walton: Viola Concerto,"Maxim Vengerov (producer), John Fraser (producer), Arne Akselberg (engineer), London Symphony Orchestra (artist)",TRUE
2004,"Best Jazz Instrumental Album, Individual or Group",Alegría,"Wayne Shorter (artist), Robert Sadin (producer/engineer/mixer), Dave Darlington (engineer/mixer)",TRUE
2004,Best Jazz Instrumental Solo,Matrix,Chick Corea (soloist),TRUE
2004,Best Jazz Vocal Album,A Little Moonlight,"Dianne Reeves (artist), Arif Mardin (producer)",TRUE
2004,Best Large Jazz Ensemble Album,Wide Angles,"Michael Brecker Quindectet (artist), Michael Brecker (producer), Gil Goldstein (producer), Jay Newland (engineer/mixer)",TRUE
2004,Best Latin Jazz Album,Live At The Blue Note,"Michel Camilo (artist/producer), Charles Flores (artist), Horacio Hernández (artist), Robert J. Friedrich (engineer/mixer)",TRUE
2004,Best Latin Pop Album,No Es Lo Mismo,"Alejandro Sanz (artist/producer), Lulo Perez (producer), Mick Guzauski (engineer/mixer), Rafa Sardina (engineer), Pepo Scherman (engineer)",TRUE
2004,Best Latin Rock/Alternative Album,Cuatro Caminos,"Café Tacvba (artist), Elfego Buendia (producer), Emmanuel del Real (producer), Joselo Rangel (producer), Quique Rangel (producer), Gustavo Santaolalla (producer), Joseph Chiccarelli (engineer), Anibal Kerpel (engineer)",TRUE
2004,Best Long Form Music Video,Sam Cooke,"Mary Wharton (video producer), Mick Gochanour (video producer), Robin Klein (video producer)",TRUE
2004,Best Long Form Music Video,Gorillaz: Phase One - Celebrity Take Down,Tom Girling (video producer),FALSE
2004,Best Long Form Music Video,Trouble in Tahiti,"Tom Cairns (video director), Fiona Morris (video producer)",FALSE
2004,Best Male Country Vocal Performance,Next Big Thing,Vince Gill,TRUE
2004,Best Male Pop Vocal Performance,Cry Me A River,Justin Timberlake,TRUE
2004,Best Male R&B Vocal Performance,Dance With My Father,Luther Vandross,TRUE
2004,Best Male R&B Vocal Performance,Step In the Name of Love,R. Kelly,FALSE
2004,Best Male R&B Vocal Performance,How You Gonna Act Like That,Tyrese Gibson,FALSE
2004,Best Male Rap Solo Performance,Lose Yourself,Eminem,TRUE
2004,Best Male Rap Solo Performance,Pump It Up,Joe Budden,FALSE
2004,Best Male Rap Solo Performance,Get Busy,Sean Paul,FALSE
2004,Best Male Rock Vocal Performance,Gravedigger,Dave Matthews,TRUE
2004,Best Male Rock Vocal Performance,New Killer Star,David Bowie,FALSE
2004,Best Male Rock Vocal Performance,Return of Jackie and Judy,Tom Waits,FALSE
2004,Best Metal Performance,St. Anger,Metallica,TRUE
2004,Best Mexican/Mexican-American Album,Afortunado,"Joan Sebastian (artist/producer), Daniel Estevez T. (engineer/mixer), José Ángel Cabrera (engineer)",TRUE
2004,Best Musical Album for Children,Bon Appétit!,"Cathy Fink (artist/producer), Marcy Marxer (artist/producer)",TRUE
2004,Best Musical Show Album,Gypsy (New Broadway Cast),"Jay David Saks (producer/engineer/mixer), Ken Hahn (engineer/mixer), Tom Lazarus (engineer/mixer), Todd Whitelock (engineer/mixer)",TRUE
2004,Best Native American Music Album,Flying Free,"Black Eagle (artist), Tom Bee (producer), J. Douglas Geist (engineer)",TRUE
2004,Best New Age Album,One Quiet Night,"Pat Metheny (artist/producer), Steve Rodby (producer)",TRUE
2004,Best New Artist,Evanescence,,TRUE
2004,Best New Artist,Fountains of Wayne,,FALSE
2004,Best New Artist,Sean Paul,,FALSE
2004,Best Opera Recording,Janácek: Jenufa,"Bernard Haitink (conductor), Wolfram Graul (producer), Jerry Hadley (soloist), Karita Mattila (soloist), Eva Randová (soloist), Anja Silja (soloist), Jorma Silvasti (soloist), Jean Chatauret (engineer), Royal Opera Chorus (artist), Orchestra of the Royal Opera House (artist)",TRUE
2004,Best Orchestral Performance,Mahler: Symphony No. 3,"Pierre Boulez (conductor), Christian Gansch (producer), Wolf-Dieter Karwatky (engineer), Rainer Maillard (engineer), Wiener Philharmoniker (artist)",TRUE
2004,Best Polka Album,Let's Polka 'Round,"Jimmy Sturr (artist/producer), Joe Donofrio (producer), Kenneth R. Irwin (producer), Tom Pick (producer/engineer)",TRUE
2004,Best Pop Collaboration with Vocals,Whenever I Say Your Name,"Sting, Mary J. Blige",TRUE
2004,Best Pop Collaboration with Vocals,Can't Hold Us Down',"Christina Aguilera, Lil' Kim",FALSE
2004,Best Pop Collaboration with Vocals,La vie en rose,"Tony Bennett, k.d. lang",FALSE
2004,Best Pop Instrumental Album,Mambo Sinuendo,"Ry Cooder (artist/producer), Manuel Galbán (artist), Jerry Boys (engineer/mixer)",TRUE
2004,Best Pop Instrumental Performance,Marwa Blues,George Harrison,TRUE
2004,Best Pop Performance by a Duo or Group with Vocal,Underneath It All,No Doubt,TRUE
2004,Best Pop Performance by a Duo or Group with Vocal,Hole In the World,Eagles,FALSE
2004,Best Pop Performance by a Duo or Group with Vocal,Unwell,Matchbox Twenty,FALSE
2004,Best Pop Vocal Album,Justified,"Justin Timberlake (artist), Chad Hugo (producer), Pharrell Williams (producer), Serban Ghenea (engineer/mixer)",TRUE
2004,Best Pop Vocal Album,Stripped,Christina Aguilera,FALSE
2004,Best Pop Vocal Album,Motown,Michael McDonald,FALSE
2004,Best Pop/Contemporary Gospel Album,Worship Again,"Michael W. Smith (artist/producer), Ronnie Brookshire (engineer/mixer)",TRUE
2004,Best R&B Album,Dance With My Father,"Luther Vandross (artist/producer), Ray Bardani (engineer/mixer)",TRUE
2004,Best R&B Song,Crazy In Love,"Jay-Z (artist/songwriter), Beyoncé (artist/songwriter), Rich Harrison (songwriter)",TRUE
2004,Best R&B Vocal Performance by a Duo or Group,The Closer I Get to You,"Beyoncé, Luther Vandross",TRUE
2004,Best R&B Vocal Performance by a Duo or Group,I'll Stay,"Roy Hargrove, D'Angelo",FALSE
2004,Best R&B Vocal Performance by a Duo or Group,Busted,The Isley Brothers,FALSE
2004,Best Rap Album,Speakerboxxx/The Love Below,"Outkast (artist), André Benjamin (producer), John Frye (engineer/mixer)",TRUE
2004,Best Rap Album,The Blueprint 2: The Gift And The Curse,Jay-Z,FALSE
2004,Best Rap Album,Phrenology,The Roots,FALSE
2004,Best Rap Performance by a Duo or Group,Shake Ya Tailfeather,"Nelly, Sean 'Diddy' Combs, Murphy Lee",TRUE
2004,Best Rap Performance by a Duo or Group,Magic Stick,"Lil' Kim, 50 Cent",FALSE
2004,Best Rap Performance by a Duo or Group,Can't Stop Won't Stop,Young Gunz,FALSE
2004,Best Rap Song,Lose Yourself,"Jeff Bass (songwriter), Eminem (artist/songwriter), Luis Resto (songwriter)",TRUE
2004,Best Rap Song,In da Club,"Dr. Dre (songwriter), Mike Elizondo (songwriter), 50 Cent (songwriter)",FALSE
2004,Best Rap Song,Beautiful,"Snoop Dogg (songwriter), Chad Hugo (songwriter), Pharrell Williams (songwriter)",FALSE
2004,Best Rap/Sung Collaboration,Crazy in Love,"Jay-Z, Beyoncé",TRUE
2004,Best Rap/Sung Collaboration,Luv U Better,"LL Cool J, Marc Dorsey",FALSE
2004,Best Rap/Sung Collaboration,Where Is the Love?,"The Black Eyed Peas, Justin Timberlake",FALSE
2004,Best Recording Package,Evolve,"Ani Difranco (artist/art director), Brian Grunert (art director)",TRUE
2004,Best Reggae Album,Dutty Rock,Sean Paul,TRUE
2004,"Best Remixed Recording, Non-Classical",Crazy In Love (Maurice's Soul Mix),"Maurice Joshua (remixer), Beyoncé (artist), Jay-Z (artist)",TRUE
2004,Best Rock Album,One By One,"Foo Fighters (artist), Dave Grohl (producer), Taylor Hawkins (producer), Nate Mendel (producer), Nick Raskulinecz (producer), Chris Shiflett (producer), Jim Scott (engineer/mixer)",TRUE
2004,Best Rock Album,Fallen,Evanescence,FALSE
2004,Best Rock Album,The Long Road,Nickelback,FALSE
2004,Best Rock Gospel Album,Worldwide,"Audio Adrenaline (artist), Jason Burkum (producer)",TRUE
2004,Best Rock Instrumental Performance,Plan B,Jeff Beck,TRUE
2004,Best Rock Song,Seven Nation Army,"Jack White (songwriter), The White Stripes (artist)",TRUE
2004,Best Rock Song,Calling All Angels,"Charlie Colin (songwriter), Pat Monahan (songwriter), Jimmy Stafford (songwriter), Scott Underwood (songwriter)",FALSE
2004,Best Rock Song,Disorder in the House,"Jorge Calderón (songwriter), Warren Zevon (songwriter)",FALSE
2004,Best Rock Vocal Performance by a Duo or Group,Disorder in the House,"Bruce Springsteen, Warren Zevon",TRUE
2004,Best Rock Vocal Performance by a Duo or Group,There There,Radiohead,FALSE
2004,Best Rock Vocal Performance by a Duo or Group,Calling All Angels,Train,FALSE
2004,Best Salsa/Merengue Album,Regalo Del Alma,"Celia Cruz (artist), Sergio George (producer), Óscar Gómez (producer/engineer/mixer), Jorge G. García (engineer/mixer)",TRUE
2004,"Best Score Soundtrack Album for a Motion Picture, Television or Other Visual Media",The Lord of the Rings: The Two Towers,"Howard Shore (artist/composer/producer), John Kurlander (engineer), Peter Cobbin (engineer/mixer)",TRUE
2004,"Best Score Soundtrack Album for a Motion Picture, Television or Other Visual Media",Harry Potter and the Chamber of Secrets,John Williams,FALSE
2004,"Best Score Soundtrack Album for a Motion Picture, Television or Other Visual Media",The Hours,Philip Glass,FALSE
2004,Best Short Form Music Video,Hurt,"Johnny Cash (artist), Aristides McGarry (video producer), Mark Romanek (video director)",TRUE
2004,Best Small Ensemble Performance (with or without Conductor),Chávez: Suite For Double Quartet,"Jeff Von Der Schmidt (conductor), Southwest Chamber Music (ensembles)",TRUE
2004,"Best Song Written for a Motion Picture, Television or Other Visual Media",A Mighty Wind,A Mighty Wind,TRUE
2004,"Best Song Written for a Motion Picture, Television or Other Visual Media",Lose Yourself,8 Mile,FALSE
2004,"Best Song Written for a Motion Picture, Television or Other Visual Media",The Hands That Built America,Gangs of New York,FALSE
2004,"Best Southern, Country or Bluegrass Gospel Album",Rise And Shine,"Randy Travis (artist), Kyle Lehning (producer/engineer/mixer), Jason Lehning (engineer/mixer), Steve Tillisch (engineer/mixer)",TRUE
2004,Best Spoken Word Album,Lies And The Lying Liars Who Tell Them: A Fair And Balanced Look At The Right (Al Franken),"Al Franken (artist), Paul Ruben (producer)",TRUE
2004,Best Spoken Word Album for Children,Prokofiev: Peter and the Wolf/Beintus: Wolf Tracks,"Bill Clinton (artist), Mikhail Gorbachev (artist), Sophia Loren (artist), Jean-Marie Geijsen (engineer), Wilhelm Hellweg (producer)",TRUE
2004,Best Tejano Album,Si Me Faltas Tu,"Jimmy Gonzalez (artist/producer), Grupo Mazz (artist), Edward Perez (engineer), Ramiro Serna (engineer)",TRUE
2004,Best Traditional Blues Album,Blues Singer,"Buddy Guy (artist), Dennis Herring (producer), Ed Cherney (engineer/mixer), Jacquire King (engineer)",TRUE
2004,Best Traditional Folk Album,Wildwood Flower,"June Carter Cash (artist), John Carter Cash (producer), Chuck Turner (engineer/mixer)",TRUE
2004,Best Traditional Pop Vocal Album,A Wonderful World,"Tony Bennett (artist), k.d. lang (artist), T Bone Burnett (producer), Dae Bennett (engineer/mixer)",TRUE
2004,Best Traditional R&B Vocal Performance,Wonderful,Aretha Franklin,TRUE
2004,Best Traditional Soul Gospel Album,Go Tell It On The Mountain,"The Blind Boys of Alabama (artist), John Chelew (producer), Jimmy Hoyson (engineer/mixer)",TRUE
2004,Best Traditional Tropical Latin Album,Buenos Hermanos,"Ibrahim Ferrer (artist), Ry Cooder (producer), Jerry Boys (engineer/mixer)",TRUE
2004,Best Traditional World Music Album,Sacred Tibetan Chant,"Monks Of Sherab Ling Monastery (artist), Jon Mark (producer)",TRUE
2004,Best Urban/Alternative Performance,Hey Ya!,Outkast,TRUE
2004,"Producer of the Year, Classical",Steven Epstein,,TRUE
2004,"Producer of the Year, Non-Classical",The Neptunes,,TRUE
2004,Record of the Year,Clocks,"Coldplay (artist/producers/engineers/mixers), Ken Nelson (producer/engineer/mixer), Mark Phythian (engineer/mixer)",TRUE
2004,Song of the Year,Dance With My Father,"Richard Marx (songwriter), Luther Vandross (artist/songwriter)",TRUE
2004,Song of the Year,Lose Yourself,"Jeff Bass (songwriter), Eminem (songwriter), Luis Resto (songwriter)",FALSE
2004,Song of the Year,Beautiful,Linda Perry (songwriter),FALSE
2004,"Best Music Video, Short Form",Franz Ferdinand: Take Me Out,"Franz Ferdinand, Jonas Odell",FALSE
2005,Album of the Year,Genius Loves Company (Various Artists),"Ray Charles (artist), John Burk (producer), Don Mizell (producer), Phil Ramone (producer), Herbert Waltl (producer), Terry Howard (producer/engineer/mixer), Robert Fernandez (engineer/mixer), Mark D. Fleming (engineer/mixer), John Harris (engineer/mixer), Pete Karam (engineer/mixer), Joel Moss (engineer/mixer), Seth Presant (engineer/mixer), Al Schmitt (engineer/mixer), Ed Thacker (engineer/mixer), Robert Hadley (mastering engineer), Doug Sax (mastering engineer)",TRUE
2005,Album of the Year,American Idiot,Green Day,FALSE
2005,Album of the Year,Confessions,Usher Raymond,FALSE
2005,Best Album Notes,The Complete Columbia Recordings Of Woody Herman And His Orchestra & Woodchoppers (1945-1947),Loren Schoenberg (album notes writer),TRUE
2005,Best Alternative Music Album,A Ghost is Born,"Wilco (artist/producer), Jim O'Rourke (producer/engineer/mixer), Chris Shaw (engineer/mixer)",TRUE
2005,Best Alternative Music Album,Franz Ferdinand,Franz Ferdinand,FALSE
2005,Best Alternative Music Album,Uh Huh Her,PJ Harvey,FALSE
2005,Best Bluegrass Album,Brand New Strings,"Ricky Skaggs (artist/producer), The Kentucky Thunder (artist), Brent King (engineer/mixer)",TRUE
2005,Best Boxed or Special Limited Edition Package,Once In A Lifetime,"Stefan Sagmeister (art director), Talking Heads (artist)",TRUE
2005,Best Chamber Music Performance,Prokofiev (Arr. Pletnev): Cinderella - Suite For Two Pianos/Ravel: Ma Mère L'Oye,"Christian Gansch (producer), Rainer Maillard (engineer/mixer)",TRUE
2005,Best Choral Performance,Berlioz: Requiem,"Robert Spano (conductor), Elaine Martone (producer), Michael Bishop (engineer/mixer), Jack Renner (engineer/mixer), Frank Lopardo (artist), Atlanta Symphony Chorus (artist), Atlanta Symphony Orchestra (artist)",TRUE
2005,Best Classical Album,Adams: On The Transmigration Of Souls,"Lorin Maazel (conductor), John Adams (producer), Lawrence Rock (producer)",TRUE
2005,Best Classical Contemporary Composition,Adams: On The Transmigration Of Souls,John Adams (composer),TRUE
2005,Best Classical Crossover Album,LAGQ's Guitar Heroes,"Los Angeles Guitar Quartet (artist), Robert Woods (producer), Robert J. Friedrich (engineer/mixer)",TRUE
2005,Best Classical Vocal Performance,"Ives: Songs (The Things Our Fathers Loved; The Housatonic At Stockbridge, Etc.)",Susan Graham (soloist),TRUE
2005,Best Comedy Album,The Daily Show With Jon Stewart Presents...America: A Citizen's Guide To Democracy Inaction,"Jon Stewart (artist), Charles de Montebello (engineer/mixer)",TRUE
2005,"Best Compilation Soundtrack Album for a Motion Picture, Television or Other Visual Media",Garden State,Zach Braff (compilation producer),TRUE
2005,"Best Compilation Soundtrack Album for a Motion Picture, Television or Other Visual Media",De-Lovely,"Peter Asher (compilation producer), Stephen Endelman (compilation producer)",FALSE
2005,"Best Compilation Soundtrack Album for a Motion Picture, Television or Other Visual Media",Shrek 2,"Andrew Adamson (compilation producer), Chris Douridas (compilation producer), Michael Ostin (compilation producer)",FALSE
2005,Best Contemporary Blues Album,Keep It Simple,"Keb' Mo' (artist/producer/engineer/mixer), Mark Johnson (engineer/mixer)",TRUE
2005,Best Contemporary Folk Album,The Revolution Starts...Now,"Steve Earle (artist/producer), Ray Kennedy (producer/engineer/mixer)",TRUE
2005,Best Contemporary Jazz Album,Unspeakable,"Bill Frisell (artist), Hal Willner (producer), Eric Liljestrand (engineer/mixer)",TRUE
2005,Best Contemporary R&B Album,Confessions,Usher Raymond,TRUE
2005,Best Contemporary R&B Album,It's About Time,Christina Milian,FALSE
2005,Best Contemporary R&B Album,Hurt No More,Mario Winans,FALSE
2005,Best Contemporary Soul Gospel Album,Nothing Without You,Smokie Norful,TRUE
2005,Best Contemporary World Music Album,Egypt,"Youssou N'Dour (artist/producer), Fathy Salama (producer), Philippe Brun (engineer/mixer), Alaa El-Kashif (engineer/mixer), Ndiaga N'Dour (engineer/mixer), Segui Niang (engineer/mixer), Khalid Ra'ouf (engineer/mixer)",TRUE
2005,Best Country Album,Van Lear Rose,"Loretta Lynn (artist), Jack White (producer), Eric McConnell (engineer/mixer), Stuart Sikes (engineer/mixer)",TRUE
2005,Best Country Album,Be Here,Keith Urban,FALSE
2005,Best Country Album,Live Like You Were Dying,Tim McGraw,FALSE
2005,Best Country Collaboration with Vocals,"Portland, Oregon","Loretta Lynn, Jack White",TRUE
2005,Best Country Collaboration with Vocals,Hey Good Lookin',"Clint Black, Jimmy Buffett, Kenny Chesney, Alan Jackson, Toby Keith, George Strait",FALSE
2005,Best Country Collaboration with Vocals,Creepin' In,"Norah Jones, Dolly Parton",FALSE
2005,Best Country Instrumental Performance,Earl's Breakdown,"Nitty Gritty Dirt Band, Earl Scruggs, Randy Scruggs, Vassar Clements, Jerry Douglas",TRUE
2005,Best Country Performance by a Duo or Group with Vocal,Top Of The World,Dixie Chicks,TRUE
2005,Best Country Song,Live Like You Were Dying,"Tim Nichols (songwriter), Craig Wiseman (songwriter), Tim McGraw (artist)",TRUE
2005,Best Country Song,"Portland, Oregon",Loretta Lynn,FALSE
2005,Best Country Song,It's Hard to Kiss the Lips At Night That Chew Your Ass Out All Day Long,"Rodney Crowell, Vince Gill",FALSE
2005,Best Dance Recording,Toxic,"Britney Spears (artist), Pontus Winnberg (producer), Christian Karlsson (producer), Niklas Flyckt (mixer)",TRUE
2005,Best Electronic/Dance Album,Kish Kash,Basement Jaxx (artist/producers),TRUE
2005,"Best Engineered Album, Classical",Higdon: City Scape; Concerto For Orchestra,"Jack Renner (engineer), Robert Spano (artist)",TRUE
2005,"Best Engineered Album, Non-Classical",Genius Loves Company (Various Artists),"Robert Fernandez (engineer), Mark D. Fleming (engineer), John Harris (engineer), Terry Howard (engineer), Pete Karam (engineer), Joel Moss (engineer), Seth Presant (engineer), Al Schmitt (engineer), Ed Thacker (engineer)",TRUE
2005,Best Female Country Vocal Performance,Redneck Woman,Gretchen Wilson,TRUE
2005,Best Female Country Vocal Performance,Miss Being Mrs.,Loretta Lynn,FALSE
2005,Best Female Country Vocal Performance,She's Not Just a Pretty Face,Shania Twain,FALSE
2005,Best Female Pop Vocal Performance,Sunrise,Norah Jones,TRUE
2005,Best Female Pop Vocal Performance,What You Waiting For?,Gwen Stefani,FALSE
2005,Best Female Pop Vocal Performance,The First Cut Is the Deepest,Sheryl Crow,FALSE
2005,Best Female R&B Vocal Performance,If I Ain't Got You,Alicia Keys,TRUE
2005,Best Female R&B Vocal Performance,I Want You,Janet Jackson,FALSE
2005,Best Female R&B Vocal Performance,I'm Still In Love,Teena Marie,FALSE
2005,Best Gospel Choir or Chorus Album,Live...This is Your House,"Carol Cymbala (choir director), The Brooklyn Tabernacle Choir (artist)",TRUE
2005,Best Gospel Performance,Heaven Help Us All,"Ray Charles, Gladys Knight",TRUE
2005,Best Hard Rock Performance,Slither,Velvet Revolver,TRUE
2005,Best Hawaiian Music Album,Slack Key Guitar Volume 2 (Various Artists),,TRUE
2005,Best Historical Album,"Night Train To Nashville: Music City Rhythm & Blues, 1945-1970 (Various Artists)","Daniel Cooper (compilation producer), Michael D. Gray (compilation producer), Joseph M. Palmaccio (mastering engineer), Alan Stoker (mastering engineer)",TRUE
2005,Best Instrumental Arrangement,Past Present & Future,"Slide Hampton (arranger), Vanguard Jazz Orchestra (artist)",TRUE
2005,Best Instrumental Arrangement Accompanying Vocalist(s),Over The Rainbow,"Victor Vanacore (arranger), Ray Charles (artist), Johnny Mathis (artist)",TRUE
2005,Best Instrumental Composition,Merengue,"Paquito D'Rivera (composer), Yo-Yo Ma (artist)",TRUE
2005,Best Instrumental Soloist Performance (without Orchestra),"Aire Latino (Morel, Villa-Lobos, Ponce, Etc.)","David Russell (soloist), Rosalind Ilett (producer), Thomas Knab (engineer/mixer)",TRUE
2005,Best Instrumental Soloist(s) Performance (with Orchestra),Previn: Violin Concerto Anne-Sophie/Bernstein: Serenade,"Anne-Sophie Mutter (producer), Mark Buecker (producer), Reinhild Schmidt (producer), Jürgen Bulgrin (engineer/mixer), Wolf-Dieter Karwatky (engineer/mixer), Reinhard Lagemann (engineer/mixer), Ulrich Vette (engineer/mixer), Boston Symphony Orchestra (artist), London Symphony Orchestra (artist)",TRUE
2005,"Best Jazz Instrumental Album, Individual or Group",Illuminations (Various Artists),"McCoy Tyner (artist), Elaine Martone (producer), Jack Renner (engineer/mixer)",TRUE
2005,Best Jazz Instrumental Solo,Speak Like A Child,Herbie Hancock (soloist),TRUE
2005,Best Jazz Vocal Album,"R.S.V.P. (Rare Songs, Very Personal)","Nancy Wilson (artist), Jay Ashby (producer/engineer/mixer), Martin Ashbee (producer), Jay Dudt (engineer/mixer)",TRUE
2005,Best Large Jazz Ensemble Album,Concert In The Garden,"Maria Schneider Orchestra (artist), Maria Schneider (producer/engineer/mixer), David Baker (engineer/mixer), Peter Carini (engineer/mixer)",TRUE
2005,Best Latin Jazz Album,Land Of The Sun,"Charlie Haden (artist/producer), Ruth Cameron (producer), Gonzalo Rubalcaba (producer), Mario Garcia (engineer/mixer), Jay Newland (engineer/mixer)",TRUE
2005,Best Latin Pop Album,Amar Sin Mentiras,"Marc Anthony (artist), Estéfano (producer), Julio Reyes Copello (engineer/mixer), Gustavo 'Pinchon' Dalpont (engineer/mixer), Sebastian Krys (engineer/mixer)",TRUE
2005,Best Latin Rock/Alternative Album,Street Signs,"Ozomatli (artist/producer), T-Ray (producer), Robert Carranza (engineer/mixer), Serban Ghenea (engineer/mixer), Anton Pukshansky (engineer/mixer)",TRUE
2005,Best Long Form Music Video,Concert for George,"David Leland (video director), Ray Cooper (video producer), Olivia Harrison (video producer), Jon Kamen (video producer)",TRUE
2005,Best Long Form Music Video,The Blues,"Margaret Bodde (video producer), Alex Gibney (video producer), Richard Hutton (video producer), Martin Scorsese (video producer)",FALSE
2005,Best Long Form Music Video,Tom Dowd & the Language of Music,"Mark Moormann (video director/video producer), Scott Gordon (video producer), Mark Hunt (video producer)",FALSE
2005,Best Male Country Vocal Performance,Live Like You Were Dying,Tim McGraw,TRUE
2005,Best Male Country Vocal Performance,You'll Think of Me,Keith Urban,FALSE
2005,Best Male Country Vocal Performance,You Are My Flower,Willie Nelson,FALSE
2005,Best Male Pop Vocal Performance,Daughters,John Mayer,TRUE
2005,Best Male Pop Vocal Performance,You Raise Me Up,Josh Groban,FALSE
2005,Best Male Pop Vocal Performance,Love's Divine,Seal,FALSE
2005,Best Male R&B Vocal Performance,Call My Name,Prince,TRUE
2005,Best Male R&B Vocal Performance,What We Do Here,Brian McKnight,FALSE
2005,Best Male R&B Vocal Performance,Burn,Usher Raymond,FALSE
2005,Best Metal Performance,Whiplash,Motörhead,TRUE
2005,Best Mexican/Mexican-American Album,Intimamente,"Intocable (artist), René Martínez (producer), Malcolm Harper Jr. (engineer/mixer), Jack Saenz (engineer/mixer)",TRUE
2005,Best Musical Album for Children,cELLAbration! A Tribute To Ella Jenkins (Various Artists),,TRUE
2005,Best Musical Show Album,Wicked (Original Broadway Cast),"Stephen Schwartz (composer/lyricist/producer), Frank Filipetti (engineer/mixer)",TRUE
2005,Best Native American Music Album,Cedar Dream Songs,"Bill Miller (artist/producer), Emily R. Johnson (engineer/mixer), Adam Polanowski (engineer/mixer), Mike von Muchow (engineer/mixer)",TRUE
2005,Best New Age Album,Returning,"Will Ackerman (artist/producer), Corin Nelsen (producer/engineer/mixer)",TRUE
2005,Best New Artist,Maroon 5,,TRUE
2005,Best New Artist,Joss Stone,,FALSE
2005,Best New Artist,Los Lonely Boys,,FALSE
2005,Best Opera Recording,Mozart: Le Nozze Di Figaro,"René Jacobs (conductor), Martin Sauer (producer), Patrizia Ciofi (soloist), Véronique Gens (soloist), Simon Keenlyside (soloist), Angelika Kirchschlager (soloist), Lorenzo Regazzo (soloist), Reiner Kühl (engineer/mixer), Sebastian Roth (engineer/mixer), Concerto Köln (artist)",TRUE
2005,Best Orchestral Performance,Adams: On The Transmigration Of Souls,"Lorin Maazel (conductor), John Adams (producer), Lawrence Rock (producer), New York Philharmonic (artist)",TRUE
2005,Best Polka Album,Let's Kiss: 25th Anniversary Album,"Brave Combo (artist), Carl Finch (producer), Matt Barnhart (engineer/mixer), Eric Delegard (engineer/mixer), Matt Stenson (engineer/mixer), Dave Willingham (engineer/mixer)",TRUE
2005,Best Pop Collaboration with Vocals,Here We Go Again,"Ray Charles, Norah Jones",TRUE
2005,Best Pop Collaboration with Vocals,Redemption Song,"Johnny Cash, Joe Strummer",FALSE
2005,Best Pop Collaboration with Vocals,Moon River,"Take 6, Stevie Wonder",FALSE
2005,Best Pop Instrumental Album,Henry Mancini: Pink Guitar (Various Artists),,TRUE
2005,Best Pop Instrumental Performance,11th Commandment,Ben Harper,TRUE
2005,Best Pop Performance by a Duo or Group with Vocal,Heaven,Los Lonely Boys,TRUE
2005,Best Pop Performance by a Duo or Group with Vocal,The Reason,Hoobastank,FALSE
2005,Best Pop Performance by a Duo or Group with Vocal,It's My Life,No Doubt,FALSE
2005,Best Pop Vocal Album,Genius Loves Company (Various Artists),"Ray Charles (artist), John Burk (producer), Al Schmitt (engineer/mixer)",TRUE
2005,Best Pop Vocal Album,"Mind, Body & Soul",Joss Stone,FALSE
2005,Best Pop Vocal Album,Afterglow,Sarah McLachlan,FALSE
2005,Best Pop/Contemporary Gospel Album,All Things New,"Steven Curtis Chapman (artist/producer), Brown Bannister (producer), Steve Bishir (engineer/mixer), Ryan Castle (engineer/mixer), Danny Duncan (engineer/mixer), Chris Lord-Alge (engineer/mixer), Jack Joseph Puig (engineer/mixer), Trina Shoemaker (engineer/mixer)",TRUE
2005,Best R&B Album,The Diary of Alicia Keys,"Alicia Keys (artist/producer), Anthony Duino (engineer/mixer), Manny Marroquin (engineer/mixer), Ann Mincieli (engineer/mixer)",TRUE
2005,Best R&B Album,My Everything,Anita Baker,FALSE
2005,Best R&B Album,Musicology,Prince,FALSE
2005,Best R&B Song,You Don't Know My Name,"Alicia Keys (artist/songwriter), Harold Lilly (songwriter), Kanye West (songwriter)",TRUE
2005,Best R&B Song,My Boo,"Jermaine Dupri (songwriter), Alicia Keys (songwriter), Usher Raymond (songwriter), Manuel Seal (songwriter), Adonis Shropshire (songwriter)",FALSE
2005,Best R&B Song,Yeah!,"Sean Garrett (songwriter), La Marquis Jefferson (songwriter), Lil Jon (songwriter), Ludacris (songwriter), James Phillips (songwriter), Usher Raymond (songwriter), Patrick J. Que Smith (songwriter)",FALSE
2005,Best R&B Vocal Performance by a Duo or Group,My Boo,"Alicia Keys, Usher Raymond",TRUE
2005,Best R&B Vocal Performance by a Duo or Group,Lose Your Breath,Destiny's Child,FALSE
2005,Best R&B Vocal Performance by a Duo or Group,Say Yes,Floetry,FALSE
2005,Best Rap Album,The College Dropout,"Kanye West (artist/producer), Manny Marroquin (engineer/mixer)",TRUE
2005,Best Rap Album,The Black Album,Jay-Z,FALSE
2005,Best Rap Album,Suit,Nelly,FALSE
2005,Best Rap Performance by a Duo or Group,Let's Get It Started,The Black Eyed Peas,TRUE
2005,Best Rap Performance by a Duo or Group,Drop It Like It's Hot,"Snoop Dogg, Pharrell Williams",FALSE
2005,Best Rap Performance by a Duo or Group,Don't Say Nuthin',The Roots,FALSE
2005,Best Rap Solo Performance,99 Problems,Jay-Z,TRUE
2005,Best Rap Solo Performance,Through the Wire,Kanye West,FALSE
2005,Best Rap Solo Performance,Overnight Celebrity,Twista,FALSE
2005,Best Rap Song,Jesus Walks,"Kanye West (artist/songwriter), Miri Ben-Ari (songwriter), Rhymefest (songwriter)",TRUE
2005,Best Rap Song,Drop It Like It's Hot,"Snoop Dogg (songwriter), Chad Hugo (songwriter), Pharrell Williams (songwriter)",FALSE
2005,Best Rap Song,Hey Mama,"Will.i.am (songwriter), Tippa Irie (songwriter)",FALSE
2005,Best Rap/Sung Collaboration,Yeah!,"Usher Raymond, Lil Jon, Ludacris",TRUE
2005,Best Rap/Sung Collaboration,Why,"Jadakiss, Anthony Hamilton",FALSE
2005,Best Rap/Sung Collaboration,Slow Jamz,"Twista, Kanye West, Jamie Foxx",FALSE
2005,Best Recording Package,A Ghost Is Born,"Peter Buchanan-Smith (art director), Dan Nadel (art director), Wilco (artist)",TRUE
2005,Best Reggae Album,True Love,"Toots & The Maytals (artist), Richard Feldman (producer/engineer/mixer), Rudolph Valentino (engineer/mixer), Tom Weir (engineer/mixer)",TRUE
2005,"Best Remixed Recording, Non-Classical",It's My Life (Jacques Lu Cont's Thin White Duke Mix),"Stuart Price (remixer), No Doubt (artist)",TRUE
2005,Best Rock Album,American Idiot,"Green Day (artist/producers), Rob Cavallo (producer), Chris Lord-Alge (engineer/mixer), Doug McKean (engineer/mixer)",TRUE
2005,Best Rock Album,The Reason,Hoobastank,FALSE
2005,Best Rock Album,Contraband,Velvet Revolver,FALSE
2005,Best Rock Gospel Album,Wire,"Third Day (artist), Ebersold,T. Paul (producer), Skidd Mills (engineer/mixer), Brendan O'Brien (engineer/mixer)",TRUE
2005,Best Rock Instrumental Performance,Mrs. O'Leary's Cow,Brian Wilson,TRUE
2005,Best Rock Song,Vertigo,U2 (songwriters),TRUE
2005,Best Rock Vocal Performance by a Duo or Group,Vertigo,U2,TRUE
2005,Best Rock Vocal Performance by a Duo or Group,Take Me Out,Franz Ferdinand,FALSE
2005,Best Rock Vocal Performance by a Duo or Group,Somebody Told Me,The Killers,FALSE
2005,Best Salsa/Merengue Album,Across 110th Street,"Spanish Harlem Orchestra (artist), Rubén Blades (artist), Oscar Hernandez (producer/engineer/mixer), Aaron Levinson (producer/engineer/mixer), Dave Kowalski (engineer/mixer), Phil Nicolo (engineer/mixer)",TRUE
2005,"Best Score Soundtrack Album for a Motion Picture, Television or Other Visual Media",The Lord of the Rings: The Return of the King,"Howard Shore (artist/composer/producer), John Kurlander (engineer/mixer)",TRUE
2005,"Best Score Soundtrack Album for a Motion Picture, Television or Other Visual Media",Big Fish,Danny Elfman,FALSE
2005,"Best Score Soundtrack Album for a Motion Picture, Television or Other Visual Media",Harry Potter and the Prisoner of Azkaban,John Williams,FALSE
2005,Best Short Form Music Video,U2: Vertigo,"U2 (artist), Alexandre Courtès (video director), Martin Fougerole (video director), Grace Bodie (video producer)",TRUE
2005,Best Small Ensemble Performance (with or without Conductor),"Carlos Chávez - Complete Chamber Music, Vol. 2'","Jan Karlin (producer), Jeff Von Der Schmidt (conductor), Matthew Snyder (engineer/mixer)",TRUE
2005,Best Solo Rock Vocal Performance,Code of Silence,Bruce Springsteen,TRUE
2005,Best Solo Rock Vocal Performance,Wonderwall,Ryan Adams,FALSE
2005,Best Solo Rock Vocal Performance,Metropolitan Glide,Tom Waits,FALSE
2005,"Best Song Written for a Motion Picture, Television or Other Visual Media",Into The West,The Lord of the Rings: The Return of the King,TRUE
2005,"Best Song Written for a Motion Picture, Television or Other Visual Media",The Scarlet Tide,Cold Mountain,FALSE
2005,"Best Song Written for a Motion Picture, Television or Other Visual Media",Belleville Rendez-Vous,The Triplets of Belleville,FALSE
2005,"Best Southern, Country or Bluegrass Gospel Album",Worship & Faith,"Randy Travis (artist), Kyle Lehning (producer/engineer/mixer), Jason Lehning (engineer/mixer), Casey Wood (engineer/mixer)",TRUE
2005,Best Spoken Word Album,My Life,"Bill Clinton (artist), Jacob Bronstein (producer), Daniel Zitt (producer), Scott Cresswell (engineer/mixer)",TRUE
2005,Best Spoken Word Album for Children,The Train They Call The City Of New Orleans,"Tom Chapin (artist), Arnold Cardillo (producer), Rory Young (engineer/mixer)",TRUE
2005,Best Surround Sound Album,Genius Loves Company (Various Artists),"Al Schmitt (surround mix engineer), Robert Hadley (surround mastering engineer), Doug Sax (surround mastering engineer), John Burk (surround producer), Phil Ramone (surround producer), Herbert Waltl (surround producer)",TRUE
2005,Best Tejano Album,"Polkas, Gritos y Acordeónes","David Garza (artist), Sunny Sauceda (artist), Joel Guzman (artist/producer)",TRUE
2005,Best Traditional Blues Album,Blues To The Bone,"Etta James (artist/producer), Sametto James (producer), Josh Sklair (producer), Donto James (producer/engineer/mixer), David Z. (engineer/mixer)",TRUE
2005,Best Traditional Folk Album,Beautiful Dreamer - The Songs Of Stephen Foster (Various Artists),,TRUE
2005,Best Traditional Pop Vocal Album,Stardust...The Great American Songbook Volume III,"Rod Stewart (artist), Steve Tyrell (producer), Andy Zulla (engineer/mixer)",TRUE
2005,Best Traditional R&B Vocal Performance,Musicology,Prince,TRUE
2005,Best Traditional R&B Vocal Performance,You're My Everything,Anita Baker,FALSE
2005,Best Traditional R&B Vocal Performance,Sinner's Prayer,"Ray Charles, B.B. King",FALSE
2005,Best Traditional Soul Gospel Album,There Will Be A Light,"Ben Harper (artist/producer), The Blind Boys of Alabama (artist), Jimmy Hoyson (engineer/mixer)",TRUE
2005,Best Traditional World Music Album,Raise Your Spirit Higher,"Ladysmith Black Mambazo, (artist), Joseph Shabalala (producer), John Lindemann (engineer/mixer)",TRUE
2005,Best Urban/Alternative Performance,Cross My Mind,Jill Scott,TRUE
2005,Lifetime Achievement Award,Led Zeppelin,,TRUE
2005,"Producer of the Year, Classical",David Frost,,TRUE
2005,"Producer of the Year, Non-Classical",John Shanks,,TRUE
2005,Record of the Year,Here We Go Again,"Ray Charles (artist), Norah Jones (artist), John Burk (producer), Mark D. Fleming (engineer/mixer), Terry Howard (engineer/mixer), Al Schmitt (engineer/mixer)",TRUE
2005,Song of the Year,Daughters,John Mayer (songwriter),TRUE
2005,Song of the Year,The Reason,"Daniel Estrin (songwriter), Douglas Robb (songwriter)",FALSE
2005,Song of the Year,Live Like You Were Dying,"Tim Nichols (songwriter), Craig Wiseman (songwriter)",FALSE
2005,Best Traditional Tropical Latin Album,¡Ahora Sí!,"Cachao (artist), Andy Garcia (producer), Eric Schilling (engineer/mixer)",FALSE
2006,Album of the Year,How To Dismantle An Atomic Bomb,"U2 (artist), Brian Eno (producer), Daniel Lanois (producer), Chris Thomas (producer), Flood (producer/engineer/mixer), Jacknife Lee (producer/engineer/mixer), Steve Lillywhite (producer/engineer/mixer), Greg Collins (engineer/mixer), Carl Glanville (engineer/mixer), Simon Gogerly (engineer/mixer), Nellee Hooper (engineer/mixer), Arnie Acosta (mastering engineer)",TRUE
2006,Album of the Year,Late Registration,Kanye West,FALSE
2006,Album of the Year,Chaos and Creation In the Backyard,Paul McCartney,FALSE
2006,Best Album Notes,The Complete Library Of Congress Recordings By Alan Lomax,"John Szwed (album notes writer), Ferdinand 'Jelly Roll' Morton (artist)",TRUE
2006,Best Alternative Music Album,Get Behind Me Satan,"The White Stripes (artist), Jack White (producer), John Hampton (engineer/mixer)",TRUE
2006,Best Alternative Music Album,Guero,Beck,FALSE
2006,Best Alternative Music Album,You Could Have It So Much Better,Franz Ferdinand,FALSE
2006,Best Bluegrass Album,The Company We Keep,"The Del McCoury Band (artist), Del McCoury (producer), Ronnie McCoury (producer), Neal Cappellino (engineer/mixer)",TRUE
2006,Best Boxed or Special Limited Edition Package,The Legend,"Ian Cuttler (art director), Johnny Cash (artist)",TRUE
2006,Best Chamber Music Performance,Mendelssohn: The Complete String Quartets,"Emerson String Quartet (artist), Da-Hong Seetoo (producer/engineer)",TRUE
2006,Best Choral Performance,Bolcom: Songs Of Innocence And Of Experience (Various Artists),"Leonard Slatkin (conductor), Tim Handley (producer), David Lau (engineer)",TRUE
2006,Best Classical Album,Bolcom: Songs Of Innocence And Of Experience,"Leonard Slatkin (conductor), Tim Handley (producer)",TRUE
2006,Best Classical Contemporary Composition,Bolcom: Songs Of Innocence And Of Experience,William Bolcom (composer),TRUE
2006,Best Classical Crossover Album,4 + Four,"Turtle Island String Quartet (artist), Ying Quartet (artist), Thomas C. Moore (producer), Jack Renner (engineer)",TRUE
2006,Best Classical Vocal Performance,Bach: Cantatas,"Thomas Quasthoff (soloist), Christopher Alder (producer), Jürgen Bulgrin (engineer), Rainer Maillard (engineer), Rainer Kussmaul (artist), Berlin Baroque Soloists (artist)",TRUE
2006,Best Comedy Album,Never Scared,"Chris Rock (artist), Prince Paul (producer), Scott Harding (engineer/mixer)",TRUE
2006,Best Comedy Album,Luther Burbank Performing Arts Center Blues,Lewis Black,FALSE
2006,Best Comedy Album,Family Guy: Live in Vegas,"Seth MacFarlane, Walter Murphy",FALSE
2006,"Best Compilation Soundtrack Album for Motion Picture, Television or Other Visual Media",Ray,"James Austin (compilation producer), Stuart Benjamin (compilation producer), Taylor Hackford (compilation producer), Ray Charles (artist)",TRUE
2006,"Best Compilation Soundtrack Album for Motion Picture, Television or Other Visual Media","For The Soundtrack - Bootleg Series, Vol. 7",Napoleon Dynamite,FALSE
2006,"Best Compilation Soundtrack Album for Motion Picture, Television or Other Visual Media",For Volume 2 - Everything Ends,Six Feet Under,FALSE
2006,Best Contemporary Blues Album,Cost Of Living,"Delbert McClinton (artist/producer), Gary Nicholson (producer), Ray Kennedy (engineer/mixer), Matthew Andrews (engineer)",TRUE
2006,Best Contemporary Folk Album,Fair & Square,"John Prine (artist/producer), Gary Paczosa (producer/engineer/mixer)",TRUE
2006,Best Contemporary Jazz Album,The Way Up,"Pat Metheny (artist/producer), Lyle Mays (producer), Steve Rodby (producer), Rob Eaton (engineer/mixer)",TRUE
2006,Best Contemporary R&B Album,The Emancipation of Mimi,"Mariah Carey (artist/producer), Philip Chin Wen Tan (engineer/mixer)",TRUE
2006,Best Contemporary R&B Album,Destiny Fulfilled,Destiny's Child,FALSE
2006,Best Contemporary R&B Album,O,Omarion,FALSE
2006,Best Contemporary Soul Gospel Album,Purified,"CeCe Winans (artist), Keith Thomas (producer), Bill Whittington (engineer/mixer)",TRUE
2006,Best Contemporary World Music Album,Eletracústico,"Gilberto Gil (artist), Liminha (producer)",TRUE
2006,Best Country Album,Lonely Runs Both Ways,"Alison Krauss (artist/producer), Union Station (artist/producer), Gary Paczosa (engineer/mixer)",TRUE
2006,Best Country Album,Fireflies,Faith Hill,FALSE
2006,Best Country Album,Jasper County,Trisha Yearwood,FALSE
2006,Best Country Collaboration with Vocals,Like We Never Loved At All,"Faith Hill, Tim McGraw",TRUE
2006,Best Country Instrumental Performance,Unionhouse Branch,"Alison Krauss, Union Station",TRUE
2006,Best Country Song,Bless The Broken Road,"Bobby Boyd (songwriter), Jeff Hanna (songwriter), Marcus Hummon (songwriter), Rascal Flatts (artist)",TRUE
2006,Best Country Vocal Performance by a Duo or Group,Restless,"Alison Krauss, Union Station",TRUE
2006,Best Country Vocal Performance by a Duo or Group,Play Something Country,Brooks & Dunn,FALSE
2006,Best Country Vocal Performance by a Duo or Group,Bless the Broken Road,Rascal Flatts,FALSE
2006,Best Dance Recording,Galvanize,"The Chemical Brothers (artist/producers/mixers), Q-Tip (artist), Steve Dub (mixer)",TRUE
2006,Best Dance Recording,Wonderful Night,"Fatboy Slim, Lateef Dumont",FALSE
2006,Best Dance Recording,Daft Punk Is Playing At My House,LCD Soundsystem,FALSE
2006,Best Electronic/Dance Album,Push the Button,The Chemical Brothers (artist/producers),TRUE
2006,Best Electronic/Dance Album,Palookaville,Fatboy Slim,FALSE
2006,Best Electronic/Dance Album,LCD Soundsystem,LCD Soundsystem,FALSE
2006,"Best Engineered Album, Classical",Mendelssohn: The Complete String Quartets,"Da-Hong Seetoo (engineer), Emerson String Quartet (artist)",TRUE
2006,"Best Engineered Album, Non-Classical",Back Home,"Alan Douglas (engineer), Mick Guzauski (engineer), Eric Clapton (artist)",TRUE
2006,Best Female Country Vocal Performance,The Connection,Emmylou Harris,TRUE
2006,Best Female Pop Vocal Performance,Since U Been Gone,Kelly Clarkson,TRUE
2006,Best Female Pop Vocal Performance,Hollaback Girl,Gwen Stefani,FALSE
2006,Best Female Pop Vocal Performance,Good is Good,Sheryl Crow,FALSE
2006,Best Female R&B Vocal Performance,We Belong Together,Mariah Carey,TRUE
2006,Best Female R&B Vocal Performance,1 Thing,Amerie,FALSE
2006,Best Female R&B Vocal Performance,Free Yourself,Fantasia Barrino,FALSE
2006,Best Gospel Choir or Chorus Album,One Voice,"Gladys Knight (artist/choir director/producer), Elliot Peters (engineer/mixer), The Saints Unified Voices (artist)",TRUE
2006,Best Gospel Performance,Pray,CeCe Winans,TRUE
2006,Best Gospel Song,Be Blessed,"Yolanda Adams (artist/songwriter), Jimmy Jam (songwriter), Terry Lewis (songwriter), Big Jim Wright (songwriter)",TRUE
2006,Best Hard Rock Performance,B.Y.O.B.,System of a Down,TRUE
2006,Best Hawaiian Music Album,Masters Of Hawaiian Slack Key Guitar - Vol. 1 (Various Artists),,TRUE
2006,Best Historical Album,The Complete Library Of Congress Recordings By Alan Lomax,"Jeffrey Alan Greenberg (compilation producer), Anna Lomax Wood (compilation producer), Adam Ayan (mastering engineer), Steve Rosenthal (mastering engineer), Ferdinand 'Jelly Roll' Morton (artist)",TRUE
2006,Best Instrumental Arrangement,The Incredits (Various Artists),Gordon Goodwin (arranger),TRUE
2006,Best Instrumental Arrangement Accompanying Vocalist(s),What Are You Doing The Rest Of Your Life?,"Billy Childs (arranger), Gil Goldstein (arranger), Heitor Pereira (arranger), Chris Botti (artist), Sting (artist)",TRUE
2006,Best Instrumental Composition,Into The Light (Billy Childs Ensemble),Billy Childs (composer),TRUE
2006,Best Instrumental Soloist Performance (without Orchestra),"Scriabin, Medtner, Stravinsky","Evgeny Kissin (soloist), Jay David Saks (producer), Tony Faulkner (engineer)",TRUE
2006,Best Instrumental Soloist(s) Performance (with Orchestra),Beethoven: Piano Cons. Nos. 2 & 3,"Martha Argerich (producer), Christopher Alder (producer), Elfride Foroni (producer), Marco Galli (engineer), Wolf-Dieter Karwatky (engineer), Ulrich Vette (engineer), Mahler Chamber Orchestra (artist)",TRUE
2006,"Best Jazz Instrumental Album, Individual or Group",Beyond The Sound Barrier,"The Wayne Shorter Quartet (artist), Wayne Shorter (producer), Rob Griffin (engineer/mixer)",TRUE
2006,Best Jazz Instrumental Solo,Why Was I Born?,Sonny Rollins (soloist),TRUE
2006,Best Jazz Vocal Album,"Good Night, And Good Luck.","Dianne Reeves (artist), Allen Sviridoff (producer), Leslie Ann Jones (engineer/mixer), Charlie Paakkari (engineer/mixer)",TRUE
2006,Best Large Jazz Ensemble Album,Overtime,"Dave Holland Big Band (artist), Dave Holland (producer), Louise Holland (producer)",TRUE
2006,Best Latin Latin Jazz Album,Listen Here!,"Eddie Palmieri (artist), Eddie Palmieri Sr. (producer), Richard Seidel (producer), Jon Fausty (engineer/mixer)",TRUE
2006,Best Latin Pop Album,Escucha,"Laura Pausini (artist/producer), Dado Parisini (producer), Jon Jacobs (engineer)",TRUE
2006,Best Latin Rock/Alternative Album,Fijación Oral Vol. 1,"Shakira (artist/producer), Lester Mendez (producer), Ron Jacobs (engineer/mixer), Kevin Killen (engineer)",TRUE
2006,Best Long Form Music Video,No Direction Home: Bob Dylan,"Bob Dylan (artist), Martin Scorsese (video director/video producer), Margaret Bodde (video producer), Susan Lacy (video producer), Jeff Rosen (video producer), Nigel Sinclair (video producer), Anthony Wall (video producer)",TRUE
2006,Best Long Form Music Video,"Bruce Springsteen (artist), Danny Clinch (video director), Lindha Narvaez (video producer)",,FALSE
2006,Best Long Form Music Video,(Chapters 1-5).,Trapped in the Closet: Chapters 1-12,FALSE
2006,Best Male Country Vocal Performance,You'll Think Of Me,Keith Urban,TRUE
2006,Best Male Pop Vocal Performance,From the Bottom of My Heart,Stevie Wonder,TRUE
2006,Best Male Pop Vocal Performance,Fine Line,Paul McCartney,FALSE
2006,Best Male Pop Vocal Performance,Walk On By,Seal,FALSE
2006,Best Male R&B Vocal Performance,Ordinary People,John Legend,TRUE
2006,Best Male R&B Vocal Performance,Let Me Love You,Mario,FALSE
2006,Best Male R&B Vocal Performance,Superstar,Usher Raymond,FALSE
2006,Best Metal Performance,Before I Forget,Slipknot,TRUE
2006,Best Mexican/Mexican-American Album,México En La Piel,"Luis Miguel (artist/producer), Dave Reitzas (engineer/mixer), Rafa Sardina (engineer/mixer)",TRUE
2006,Best Musical Album for Children,Songs From The Neighborhood - The Music Of Mister Rogers (Various Artists),,TRUE
2006,Best Musical Show Album,Monty Python's Spamalot (Original Broadway Cast),"Eric Idle (composer/lyricist/producer), John Du Prez (composer/producer), Frank Filipetti (engineer/mixer)",TRUE
2006,Best Native American Music Album,Sacred Ground - A Tribute To Mother Earth (Various Artists),"Jim Wilson (producer), Walker Barnard (engineer)",TRUE
2006,Best New Age Album,Silver Solstice,"Paul Winter Consort (artist), Paul Winter (producer), Dixon Van Winkle (producer/engineer/mixer)",TRUE
2006,Best New Artist,John Legend,,TRUE
2006,Best New Artist,Fall Out Boy,,FALSE
2006,Best New Artist,Sugarland,,FALSE
2006,Best Opera Recording,Verdi: Falstaff,"Colin Davis (conductor), James Mallinson (producer), Carlos Álvarez (soloist), Bulent Bezduz (soloist), Marina Domashenko (soloist), Jane Henschel (soloist), Ana Ibarra (soloist), Maria José Moreno (soloist), Michele Pertusi (soloist), Neil Hutchinson (engineer), Jonathan Stokes (engineer), London Symphony Chorus (artist), London Symphony Orchestra (artist)",TRUE
2006,Best Orchestral Performance,Shostakovich: Sym. No. 13,"Mariss Jansons (conductor), Wilhelm Meister (producer), Wolfgang Karreth (engineer), Symphonieorchester des Bayerischen Rundfunks (artist)",TRUE
2006,Best Polka Album,"Shake, Rattle And Polka!","Jimmy Sturr (artist/engineer/mixer), Mark Capps (engineer), Joe Donofrio (producer/engineer/mixer), Kenneth R. Irwin (producer/engineer/mixer), Tom Pick (producer/engineer/mixer)",TRUE
2006,Best Pop Collaboration with Vocals,"Feel Good, Inc.","De La Soul, Gorillaz",TRUE
2006,Best Pop Collaboration with Vocals,Virginia Moon,"Foo Fighters, Norah Jones",FALSE
2006,Best Pop Collaboration with Vocals,Gone Going,"The Black Eyed Peas, Jack Johnson",FALSE
2006,Best Pop Instrumental Album,At This Time,"Burt Bacharach (artist/producer), Allen Sides (engineer/mixer)",TRUE
2006,Best Pop Instrumental Performance,Caravan,Les Paul,TRUE
2006,Best Pop Performance By a Duo or Group with Vocal,This Love,Maroon 5,TRUE
2006,Best Pop Performance By a Duo or Group with Vocal,Don't Lie,The Black Eyed Peas,FALSE
2006,Best Pop Performance By a Duo or Group with Vocal,My Doorbell,The White Stripes,FALSE
2006,Best Pop Vocal Album,Breakaway,"Kelly Clarkson (artist), Clive Davis (producer), Serban Ghenea (engineer/mixer)",TRUE
2006,Best Pop Vocal Album,Love.Angel.Music.Baby.,Gwen Stefani,FALSE
2006,Best Pop Vocal Album,Wildflower,Sheryl Crow,FALSE
2006,Best Pop/Contemporary Gospel Album,Lifesong,"Casting Crowns (artist), Mark A. Miller (producer), Sam Hewitt (engineer/mixer)",TRUE
2006,Best R&B Album,Get Lifted,"John Legend (artist/producer), Manny Marroquin (engineer/mixer)",TRUE
2006,Best R&B Album,Illumination,Earth Wind & Fire,FALSE
2006,Best R&B Album,A Time to Love,Stevie Wonder,FALSE
2006,Best R&B Song,We Belong Together,"Johnta Austin (songwriter), Mariah Carey (artist/songwriter), Jermaine Dupri (songwriter), Manuel Seal (songwriter)",TRUE
2006,Best R&B Vocal Performance by a Duo or Group,So Amazing,"Beyoncé, Stevie Wonder",TRUE
2006,Best R&B Vocal Performance by a Duo or Group,Cater 2 U,Destiny's Child,FALSE
2006,Best R&B Vocal Performance by a Duo or Group,How Will I Know,"Stevie Wonder, Aisha Morris",FALSE
2006,Best Rap Album,Late Registration,"Kanye West (artist/producer), Jon Brion (producer), Mike Dean (engineer/mixer)",TRUE
2006,Best Rap Album,Be,Common,FALSE
2006,Best Rap Album,The Cookbook,Missy Elliott,FALSE
2006,Best Rap Performance by a Duo or Group,Don't Phunk With My Heart,The Black Eyed Peas,TRUE
2006,Best Rap Performance by a Duo or Group,The Corner,"Common, The Last Poets",FALSE
2006,Best Rap Performance by a Duo or Group,Wait (The Whisper Song),Ying Yang Twins,FALSE
2006,Best Rap Solo Performance,Gold Digger,Kanye West,TRUE
2006,Best Rap Solo Performance,Testify,Common,FALSE
2006,Best Rap Solo Performance,Number One Spot,Ludacris,FALSE
2006,Best Rap Song,Diamonds From Sierra Leone,"Kanye West (artist/songwriter), Devon Harris (songwriter)",TRUE
2006,Best Rap/Sung Collaboration,Numb/Encore,"Jay-Z, Linkin Park",TRUE
2006,Best Rap/Sung Collaboration,They Say,"Common, John Legend, Kanye West",FALSE
2006,Best Rap/Sung Collaboration,Rich Girl,"Eve, Gwen Stefani",FALSE
2006,Best Recording Package,The Forgotten Arm,"Aimee Mann (artist/art director), Gail Marowitz (art director)",TRUE
2006,Best Reggae Album,Welcome To Jamrock,"Damian Marley (artist/producer), Stephen Marley (producer), James 'Bonzai' Caruso (engineer/mixer)",TRUE
2006,"Best Remixed Recording, Non-Classical",Superfly (Louie Vega EOL Mix),"Little Louie Vega (remixer), Curtis Mayfield (artist)",TRUE
2006,Best Rock Album,How To Dismantle An Atomic Bomb,"U2 (artist), Steve Lillywhite (producer)",TRUE
2006,Best Rock Album,In Your Honor,Foo Fighters,FALSE
2006,Best Rock Album,A Bigger Bang,The Rolling Stones,FALSE
2006,Best Rock Gospel Album,Until My Heart Caves In,"Audio Adrenaline (artist), Jay Joyce (producer), David Leonard (engineer/mixer)",TRUE
2006,Best Rock Instrumental Performance,69 Freedom Special,Les Paul,TRUE
2006,Best Rock Song,City Of Blinding Lights,U2 (songwriters),TRUE
2006,Best Rock Vocal Performance by a Duo or Group,Sometimes You Can't Make It On Your Own,U2,TRUE
2006,Best Rock Vocal Performance by a Duo or Group,Best of You,Foo Fighters,FALSE
2006,Best Rock Vocal Performance by a Duo or Group,All These Things That I've Done,The Killers,FALSE
2006,Best Salsa/Merengue Album,,"Willy Chirino (artist/producer/engineer/mixer), Luis Márquez (producer), Cornell ""Doc"" Wily (engineer/mixer)",TRUE
2006,"Best Score Soundtrack Album for Motion Picture, Television or Other Visual Media",Ray,"Craig Armstrong (composer/producer), David Donaldson (producer), Taylor Hackford (producer), Geoff Foster (engineer/mixer)",TRUE
2006,"Best Score Soundtrack Album for Motion Picture, Television or Other Visual Media",Star Wars: Episode III - Revenge of the Sith,John Williams,FALSE
2006,"Best Score Soundtrack Album for Motion Picture, Television or Other Visual Media",The Incredibles,Michael Giacchino,FALSE
2006,Best Short Form Music Video,Missy Elliott: Lose Control,"Missy Elliott (artist/video director), Ciara (artist), Fatman Scoop (artist), Dave Meyers (video director), Joseph Sasson (video producer)",TRUE
2006,Best Short Form Music Video,Jamiroquai: Feels Just Like It Should,"Jamiroquai (artist), Joseph Kahn (video director), Mary Ann Tanedo (video producer)",FALSE
2006,Best Short Form Music Video,Sarah McLachlan: World on Fire,"Sarah McLachlan (artist), Sophie Muller (video director)",FALSE
2006,Best Small Ensemble Performance (with or without Conductor),"Boulez: Le Marteau Sans Maître, Dérive 1 & 2","Helmut Burk (producer), Pierre Boulez (conductor), Ensemble Intercontemporain (ensembles), Staphan Flock (engineer), Wolf-Dieter Karwatky (engineer)",TRUE
2006,Best Solo Rock Vocal Performance,Devils & Dust,Bruce Springsteen,TRUE
2006,"Best Song Written for Motion Picture, Television or Other Visual Media",Believe,The Polar Express,TRUE
2006,"Best Song Written for Motion Picture, Television or Other Visual Media",Square One,Elizabethtown,FALSE
2006,"Best Song Written for Motion Picture, Television or Other Visual Media",Cold Wind (Volume 2 - Everything Ends),Six Feet Under,FALSE
2006,"Best Southern, Country or Bluegrass Gospel Album",Rock Of Ages...Hymns & Faith,"Amy Grant (artist), Brown Bannister (producer), Vince Gill (producer), Steve Bishir (engineer/mixer)",TRUE
2006,Best Spoken Word Album,Dreams from My Father,Barack Obama,TRUE
2006,Best Spoken Word Album for Children,Marlo Thomas & Friends: Thanks & Giving All Year Long (Various Artists),"Christopher Cerf (producer), Marlo Thomas (producer), Nick Cipriano (engineer)",TRUE
2006,Best Spoken Word Album for Children,"Raymie, Dickie, and the Bean: Why I Love and Hate My Brothers",Ray Romano,FALSE
2006,Best Spoken Word Album for Children,A Series of Unfortunate Events: The Bad Beginning,"Tim Curry (artist), Meryl Streep (artist), Jim Carrey (artist), Jude Law (artist), David S. Rapkin (producer)",FALSE
2006,Best Surround Sound Album,Brothers In Arms - 20th Anniversary Edition,"Chuck Ainlay (surround mix engineer/surround producer), Bob Ludwig (surround mastering engineer), Mark Knopfler (surround producer), Dire Straits (artist)",TRUE
2006,Best Tejano Album,Chicanisimo,"Little Joe & La Familia (artist), Bob Gallarza (producer/engineer/mixer), Ernie Wells (engineer/mixer)",TRUE
2006,Best Traditional Blues Album,80,"B.B. King (artist), Nathaniel Kunkel (engineer/mixer)",TRUE
2006,Best Traditional Folk Album,Fiddler's Green,"Tim O'Brien (artist/producer), Gary Paczosa (engineer/mixer)",TRUE
2006,Best Traditional Pop Vocal Album,The Art of Romance,"Tony Bennett (artist), Phil Ramone (producer), Dae Bennett (engineer/mixer)",TRUE
2006,Best Traditional Pop Vocal Album,Isn't It Romantic,Johnny Mathis,FALSE
2006,Best Traditional Pop Vocal Album,Thanks For The Memory ... Great American Songbook IV,Rod Stewart,FALSE
2006,Best Traditional R&B Vocal Performance,A House Is Not a Home,Aretha Franklin,TRUE
2006,Best Traditional R&B Vocal Performance,Summertime,Fantasia Barrino,FALSE
2006,Best Traditional R&B Vocal Performance,Mine Again,Mariah Carey,FALSE
2006,Best Traditional Soul Gospel Album,"Psalms, Hymns & Spiritual Songs","Donnie McClurkin (artist/producer), Kevin Bond (producer/engineer/mixer), Ralph Cacciurri (engineer/mixer), Greg Hartman (engineer/mixer)",TRUE
2006,Best Traditional Tropical Latin Album,Bebo De Cuba,"Bebo Valdés (artist), Nat Chediak (producer), Fernando Trueba (producer), James Anderson (engineer/mixer)",TRUE
2006,Best Traditional World Music Album,In The Heart Of The Moon,"Ali Farka Touré (artist), Toumani Diabaté (artist), Nick Gold (producer), Jerry Boys (engineer/mixer)",TRUE
2006,Best Urban/Alternative Performance,Welcome To Jamrock,Damian Marley,TRUE
2006,Lifetime Achievement Award,David Bowie,,TRUE
2006,"Producer of the Year, Classical",Tim Handley,,TRUE
2006,"Producer of the Year, Non-Classical",Steve Lillywhite,,TRUE
2006,Record of the Year,Boulevard of Broken Dreams,"Green Day (artist/producer), Rob Cavallo (producer), Chris Lord-Alge (engineer/mixer), Doug McKean (engineer/mixer)",TRUE
2006,Record of the Year,Hollaback Girl,Gwen Stefani,FALSE
2006,Record of the Year,We Belong Together,Mariah Carey,FALSE
2006,Song of the Year,Sometimes You Can't Make It On Your Own,U2 (songwriters),TRUE
2006,Song of the Year,Devils & Dust,Bruce Springsteen (songwriter),FALSE
2006,Song of the Year,Ordinary People,"Will.i.am (songwriter), John Legend (songwriter)",FALSE
2006,Best Music Video - Long Form,Directions,Aaron Stewart-Ahn (director),FALSE
2007,Album of the Year,Taking the Long Way,"Dixie Chicks (artist), Rick Rubin (Producer), Richard Dodd (engineer/mixer/mastering engineer), Jim Scott (engineer/mixer), Chris Testa (engineer/mixer)",TRUE
2007,Best Album Notes,"If You Got To Ask, You Ain't Got It!","Dan Morgenstern (album notes writer), Fats Waller (artist)",TRUE
2007,Best Alternative Music Album,St. Elsewhere,"Gnarls Barkley (artist), Ben H. Allen (engineer/mixer), Kennie Takahashi (engineer/mixer)",TRUE
2007,Best Alternative Music Album,At War With the Mystics,The Flaming Lips,FALSE
2007,Best Alternative Music Album,Show Your Bones,Yeah Yeah Yeahs,FALSE
2007,Best Banda Album,Más Allá Del Sol,"Joan Sebastian (artist), José Ángel Cabrera (engineer/mixer), Ismael Gomez (engineer/mixer), Dennis Parker (engineer/mixer), Daniel Estevez San Angel (engineer/mixer)",TRUE
2007,Best Bluegrass Album,Instrumentals,"Ricky Skaggs (artist), The Kentucky Thunder (artist), Lee Groitzsch (engineer/mixer), Brent King (engineer/mixer)",TRUE
2007,Best Boxed or Special Limited Edition Package,Stadium Arcadium,Red Hot Chili Peppers,TRUE
2007,Best Chamber Music Performance,Intimate Voices,"Emerson String Quartet (ensembles), Da-Hong Seetoo (producer)",TRUE
2007,Best Choral Performance,Pärt: Da Pacem,"Paul Hillier (conductor), Robina G. Young (producer), Brad Michel (producer/engineer/mixer), Eesti Filharmoonia Kammerkoor (artist)",TRUE
2007,Best Classical Album,Mahler: Symphony No. 7,"Michael Tilson Thomas (conductor), Andreas Neubrunner (producer)",TRUE
2007,Best Classical Contemporary Composition,Golijov: Ainadamar: Fountain Of Tears,Osvaldo Golijov (composer),TRUE
2007,Best Classical Crossover Album,Simple Gifts,"Bryn Terfel (artist), Sid McLauchlan (producer), Staphan Flock (engineer), Piotr Furmanczyk (engineer)",TRUE
2007,Best Classical Vocal Performance,Rilke Songs,Lorraine Hunt Lieberson (soloist),TRUE
2007,Best Comedy Album,The Carnegie Hall Performance,"Lewis Black (artist), Leszek Maria Wojcik (engineer/mixer), Ian Sterns (engineer/mixer), Scott Jacoby (engineer/mixer), Dan Schlissel (producer)",TRUE
2007,Best Comedy Album,Blue Collar Comedy Tour: One for the Road,"Bill Engvall, Ron White, Jeff Foxworthy, Larry the Cable Guy",FALSE
2007,Best Comedy Album,You Can't Fix Stupid,Ron White,FALSE
2007,"Best Compilation Soundtrack Album for Motion Picture, Television or Other Visual Media",Walk the Line,"Joaquin Phoenix, T Bone Burnett (Producer), Mike Piersante (Engineer/Mixer)",TRUE
2007,"Best Compilation Soundtrack Album for Motion Picture, Television or Other Visual Media",Volume 2,Cars,FALSE
2007,"Best Compilation Soundtrack Album for Motion Picture, Television or Other Visual Media",Little Miss Sunshine,"DeVotchKa, Mychael Danna (producer)",FALSE
2007,Best Contemporary Blues Album,After The Rain,"Irma Thomas (artist), Scott Billington (producer), David Farrell (engineer/mixer), Paul Q. Kolderie (engineer/mixer), Steve Reynolds (engineer/mixer), Adam Taylor (engineer/mixer)",TRUE
2007,Best Contemporary Folk/Americana Album,Modern Times,"Bob Dylan (artist), Chris Shaw (engineer/mixer)",TRUE
2007,Best Contemporary Jazz Album,The Hidden Land,"Bela Fleck (artist), Richard Battaglia (engineer/mixer), Robert Battaglia (engineer/mixer)",TRUE
2007,Best Contemporary R&B Album,B'Day,"Beyoncé (artist), Jim Caruana (engineer/mixer), Jason Goldstein (engineer/mixer)",TRUE
2007,Best Contemporary R&B Album,20 Y.O.,Janet Jackson,FALSE
2007,Best Contemporary R&B Album,In My Own Words,Ne-Yo,FALSE
2007,Best Contemporary R&B Gospel Album,Hero,"Kirk Franklin (artist), Chris Godbey (producer/engineer/mixer), Shaun Martin (producer), Eric Hartman (engineer/mixer), John Jaszcz (engineer/mixer)",TRUE
2007,Best Contemporary World Music Album,Wonder Wheel - Lyrics By Woody Guthrie,"The Klezmatics (artist), Danny Blume (producer/engineer/mixer), Gus Oberg (engineer/mixer), Steve Rosenthal (engineer/mixer)",TRUE
2007,Best Country Album,Taking the Long Way,"Dixie Chicks (artist), Rick Rubin (producer), Richard Dodd (engineer/mixer), Jim Scott (engineer/mixer), Chris Testa (engineer/mixer)",TRUE
2007,Best Country Album,Your Man,Josh Turner,FALSE
2007,Best Country Album,You Don't Know Me: The Songs of Cindy Walker,Willie Nelson,FALSE
2007,Best Country Collaboration with Vocals,Who Says You Can't Go Home,"Bon Jovi, Jennifer Nettles",TRUE
2007,Best Country Instrumental Performance,Whiskey Before Breakfast,"Bryan Sutton, Doc Watson",TRUE
2007,Best Country Song,"Jesus, Take The Wheel","Brett James (songwriter), Hillary Lindsey (songwriter), Gordie Sampson (songwriter), Carrie Underwood (artist)",TRUE
2007,Best Country Vocal Performance by a Duo or Group,Not Ready to Make Nice,Dixie Chicks,TRUE
2007,Best Country Vocal Performance by a Duo or Group,What Hurts the Most,Rascal Flatts,FALSE
2007,Best Country Vocal Performance by a Duo or Group,Leave the Pieces,The Wreckers,FALSE
2007,Best Dance Recording,Sexy Back,"Justin Timberlake (artist/producer), Timbaland (artist/producer), DanJa (producer), Jimmy Douglass (mixer)",TRUE
2007,Best Dance Recording,Ooh La La,"Goldfrapp (artist/producer), Mark Stent (mixer)",FALSE
2007,Best Dance Recording,I'm With Stupid,"Pet Shop Boys (artist), Trevor Horn (producer), Robert Orton (mixer)",FALSE
2007,Best Electronic/Dance Album,Confessions on a Dance Floor,"Madonna (artist), Stuart Price (producer), Mark Stent (engineer/mixer)",TRUE
2007,Best Electronic/Dance Album,A Lively Mind,Paul Oakenfold,FALSE
2007,Best Electronic/Dance Album,The Garden,Zero 7,FALSE
2007,"Best Engineered Album, Classical","Elgar: Enigma Variations; Britten: The Young Person's Guide To The Orchestra, Four Sea Interludes","Michael Bishop (engineer), Paavo Järvi (artist), Cincinnati Symphony Orchestra (artist)",TRUE
2007,"Best Engineered Album, Non-Classical",At War With The Mystics,"The Flaming Lips (artist/engineers), Dave Fridmann (engineer)",TRUE
2007,Best Female Country Vocal Performance,"Jesus, Take The Wheel",Carrie Underwood,TRUE
2007,Best Female Pop Vocal Performance,Ain't No Other Man,Christina Aguilera,TRUE
2007,Best Female Pop Vocal Performance,Unwritten,Natasha Bedingfield,FALSE
2007,Best Female Pop Vocal Performance,You Can Close Your Eyes,Sheryl Crow,FALSE
2007,Best Female R&B Vocal Performance,Be Without You,Mary J. Blige,TRUE
2007,Best Female R&B Vocal Performance,I Am Not My Hair,India Arie,FALSE
2007,Best Female R&B Vocal Performance,Day Dreaming,Natalie Cole,FALSE
2007,Best Gospel Performance,Victory,Yolanda Adams,TRUE
2007,Best Gospel Song,Imagine Me,Kirk Franklin (artist/songwriter),TRUE
2007,Best Hard Rock Performance,Woman,Wolfmother,TRUE
2007,Best Hawaiian Music Album,Legends Of Hawaiian Slack Key Guitar - Live From Maui (Various artists),,TRUE
2007,Best Historical Album,Lost Sounds: Blacks And The Birth Of The Recording Industry 1891-1922 (Various artists),"Meagan Hennessey (compilation producer), Richard Martin (compilation producer/mastering engineer), Tim Brooks (mastering engineer), David Giovannoni (mastering engineer)",TRUE
2007,Best Instrumental Arrangement,Three Ghouls,Chick Corea (arranger),TRUE
2007,Best Instrumental Arrangement Accompanying Vocalist(s),For Once In My Life,"Jorge Calandrelli (arranger), Tony Bennett (artist), Stevie Wonder (artist)",TRUE
2007,Best Instrumental Composition,A Prayer For Peace,John Williams (composer),TRUE
2007,Best Instrumental Soloist Performance (without Orchestra),Chopin: Nocturnes,"Maurizio Pollini (soloist), Christopher Alder (producer), Klaus Hiemann (engineer), Oliver Von Heyden (engineer)",TRUE
2007,Best Instrumental Soloist(s) Performance (with Orchestra),Messiaen: Oiseaux Exotiques (Exotic Birds),Angeline Chang,TRUE
2007,"Best Jazz Instrumental Album, Individual or Group",The Ultimate Adventure,"Chick Corea (artist), Bernie Kirsch (engineer/mixer), Al Schmitt (engineer/mixer), Buck Snow (engineer/mixer)",TRUE
2007,Best Jazz Instrumental Solo,Some Skunk Funk,Michael Brecker (soloist),TRUE
2007,Best Jazz Vocal Album,Turned To Blue,"Nancy Wilson (artist), Jay Ashby (producer), Martin Ashbee (producer), Jay Dudt (engineer/mixer)",TRUE
2007,Best Large Jazz Ensemble Album,Some Skunk Funk,"Randy Brecker (artist), Michael Brecker (artist), Jim Beard (artist), Will Lee (artist), Peter Erskine (artist), Marcio Doctor (artist), Vincent Mendoza (artist), WDR Big Band Cologne (artist), Joachim Becker (producer), Lucas Schmid (producer), Peter Brandt (engineer/mixer), Klaus Genuit (engineer/mixer)",TRUE
2007,Best Latin Jazz Album,Simpático,"The Brian Lynch/Eddie Palmieri Project (artist), Dave Darlington (engineer/mixer)",TRUE
2007,Best Latin Pop Album,Limón Y Sal,"Julieta Venegas (artist), Cachorro López (producer), Juan Blas Caballero (engineer/mixer), Demián Nava (engineer/mixer), Sebastian Schon (engineer/mixer), Cesar Sogbe (engineer/mixer), Coti (engineer/mixer), Matías Sorokin (engineer/mixer)",TRUE
2007,"Best Latin Rock, Alternative or Urban Album",Amar Es Combatir,"Maná (artist), Thom Russo (engineer/mixer)",TRUE
2007,Best Long Form Music Video,Wings for Wheels: The Making of 'Born to Run',"Bruce Springsteen (artist), Thom Zimny (video director/video producer)",TRUE
2007,Best Long Form Music Video,Gorillaz: Live in Manchester,"Gorillaz (artist), David Barnard (video director), Cara Speller (video producer)",FALSE
2007,Best Long Form Music Video,"Terence Blanchard (artist), Jim Gabour (video director/video producer), Robin Burgess (video producer)",,FALSE
2007,Best Male Country Vocal Performance,The Reason Why,Vince Gill,TRUE
2007,Best Male Pop Vocal Performance,Waiting On the World to Change,John Mayer,TRUE
2007,Best Male Pop Vocal Performance,You're Beautiful,James Blunt,FALSE
2007,Best Male Pop Vocal Performance,Jenny Wren,Paul McCartney,FALSE
2007,Best Male R&B Vocal Performance,Heaven,John Legend,TRUE
2007,Best Male R&B Vocal Performance,Got You Home,Luther Vandross,FALSE
2007,Best Male R&B Vocal Performance,Black Sweat,Prince,FALSE
2007,Best Metal Performance,Eyes Of The Insane,Slayer,TRUE
2007,Best Mexican/Mexican-American Album,Historias De Mi Tierra,"Pepe Aguilar (artist), Norberto Islas (engineer/mixer)",TRUE
2007,Best Musical Album for Children,Catch That Train!,Daniel Zanes,TRUE
2007,Best Musical Show Album,Jersey Boys (Original Broadway Cast),"Bob Gaudio (producer), Pete Karam (engineer/mixer)",TRUE
2007,Best Native American Music Album,Dance With The Wind,"Mary Youngblood (artist), Tom Wasinger (producer/engineer/mixer)",TRUE
2007,Best New Age Album,Amarantine,"Enya (artist), Nicky Ryan (producer/engineer/mixer)",TRUE
2007,Best New Artist,Carrie Underwood,,TRUE
2007,Best New Artist,Corinne Bailey Rae,,FALSE
2007,Best New Artist,James Blunt,,FALSE
2007,Best Norteño Album,Historias Que Contar,"Los Tigres del Norte (artist), Eduardo Hernández (engineer/mixer), Joseph Pope (engineer/mixer), Walter Romero (engineer/mixer)",TRUE
2007,Best Opera Recording,Golijov: Ainadamar: Fountain Of Tears,"Robert Spano (conductor), Valerie Gross (producer), Sid McLauchlan (producer), Kelley O'Connor (soloist), Jessica Rivera (soloist), Dawn Upshaw (soloist), Staphan Flock (engineer), Wolf-Dieter Karwatky (engineer), Women of the Atlanta Symphony Orchestra Chorus (artist), Atlanta Symphony Orchestra (artist)",TRUE
2007,Best Orchestral Performance,Mahler: Symphony No. 7,"Michael Tilson Thomas (conductor), Andreas Neubrunner (producer), Peter Laenger (engineer), San Francisco Symphony (artist)",TRUE
2007,Best Polka Album,Polka In Paradise,"Jimmy Sturr (artist), Joe Donofrio (producer/engineer/mixer), Ken Irwin (producer/engineer/mixer), Tom Pick (producer/engineer/mixer), Mark Capps (engineer/mixer)",TRUE
2007,Best Pop Collaboration with Vocals,For Once in My Life,"Tony Bennett, Stevie Wonder",TRUE
2007,Best Pop Collaboration with Vocals,Promiscuous,"Nelly Furtado, Timbaland",FALSE
2007,Best Pop Collaboration with Vocals,Hips Don't Lie,"Wyclef Jean, Shakira",FALSE
2007,Best Pop Instrumental Album,Fingerprints,"Peter Frampton (artist), Gordon Kennedy (producer), Chuck Ainlay (engineer/mixer), Aaron Swihart (engineer/mixer)",TRUE
2007,Best Pop Instrumental Performance,Mornin',"George Benson, Al Jarreau",TRUE
2007,Best Pop Performance by a Duo or Group with Vocals,My Humps,The Black Eyed Peas,TRUE
2007,Best Pop Performance by a Duo or Group with Vocals,Is It Any Wonder?,Keane,FALSE
2007,Best Pop Performance by a Duo or Group with Vocals,Stickwitu,The Pussycat Dolls,FALSE
2007,Best Pop Vocal Album,Continuum,"John Mayer (artist), Steve Jordan (producer), Michael Brauer (engineer/mixer), Joe Ferla (engineer/mixer), Chad Franscoviak (engineer/mixer)",TRUE
2007,Best Pop Vocal Album,The River in Reverse,"Elvis Costello, Allen Toussaint",FALSE
2007,Best Pop Vocal Album,FutureSex/LoveSounds,Justin Timberlake,FALSE
2007,Best Pop/Contemporary Gospel Album,Wherever You Are,"Third Day (artist), Brown Bannister (producer), Steve Bishir (engineer/mixer), Kark Egsieker (engineer/mixer), F. Reid Shippen (engineer/mixer)",TRUE
2007,Best R&B Album,The Breakthrough,"Mary J. Blige (artist), Patrick Dillett (engineer/mixer)",TRUE
2007,Best R&B Album,Unpredictable,Jamie Foxx,FALSE
2007,Best R&B Album,3121,Prince,FALSE
2007,Best R&B Song,Be Without You,"Mary J. Blige (artist/songwriter), Johnta Austin (songwriter), Bryan Michael Cox (songwriter), Jason Perry (songwriter)",TRUE
2007,Best R&B Vocal Performance by a Duo or Group,Family Affair,"John Legend, Joss Stone, Van Hunt, Sly and the Family Stone",TRUE
2007,Best R&B Vocal Performance by a Duo or Group,Love Changes,"Jamie Foxx, Mary J. Blige",FALSE
2007,Best R&B Vocal Performance by a Duo or Group,Everyday (Family Reunion),"Yolanda Adams, Gerald Levert, Carl Thomas, Chaka Khan",FALSE
2007,Best Rap Album,Release Therapy,"Ludacris (artist), Joshua Monroy (engineer/mixer), Phil Tan (engineer/mixer)",TRUE
2007,Best Rap Album,In My Mind,Pharrell Williams,FALSE
2007,Best Rap Album,Game Theory,The Roots,FALSE
2007,Best Rap Performance By a Duo or Group,Ridin,"Chamillionaire, Krayzie Bone",TRUE
2007,Best Rap Solo Performance,What You Know',T.I.,TRUE
2007,Best Rap Song,Money Maker,"Ludacris (artist/songwriter), Pharrell Williams (artist/songwriter)",TRUE
2007,Best Rap/Sung Collaboration,My Love,"T.I., Justin Timberlake",TRUE
2007,Best Rap/Sung Collaboration,Smack That,"Eminem, Akon",FALSE
2007,Best Rap/Sung Collaboration,Deja Vu,"Jay-Z, Beyoncé",FALSE
2007,Best Recording Package,"10,000 Days","Adam Jones (art director), Tool (artist)",TRUE
2007,Best Reggae Album,Love Is My Religion,"Ziggy Marley (artist), Marc Moreau (engineer/mixer), Dave Way (engineer/mixer)",TRUE
2007,"Best Remixed Recording, Non-Classical",Talk (Thin White Duke Mix),"Stuart Price (remixer), Coldplay (artist)",TRUE
2007,Best Rock Album,Stadium Arcadium,"Red Hot Chili Peppers (artist), Rick Rubin (producer), Ryan Hewitt (engineer/mixer), Mark Linett (engineer/mixer), Andrew Scheps (engineer/mixer)",TRUE
2007,Best Rock Instrumental Performance,The Wizard Turns On...,The Flaming Lips,TRUE
2007,Best Rock Performance by a Duo or Group with Vocal,Dani California,Red Hot Chili Peppers,TRUE
2007,Best Rock Song,Dani California,Red Hot Chili Peppers (artist/songwriters),TRUE
2007,Best Rock or Rap Gospel Album,Turn Around,"Jonny Lang (artist), Drew Ramsey (producer), Shannon Sanders (producer), Matt Hyde (engineer/mixer), F. Reid Shippen (engineer/mixer)",TRUE
2007,"Best Score Soundtrack Album for Motion Picture, Television or Other Visual Media",Memoirs of a Geisha,"John Williams (artist/composer), Shawn Murphy (engineer/mixer), Itzhak Perlman (artist), Yo-Yo Ma (artist)",TRUE
2007,"Best Score Soundtrack Album for Motion Picture, Television or Other Visual Media",Pirates of the Caribbean: Dead Man's Chest,Hans Zimmer,FALSE
2007,"Best Score Soundtrack Album for Motion Picture, Television or Other Visual Media",The Da Vinci Code,Hans Zimmer,FALSE
2007,Best Short Form Music Video,OK Go: Here It Goes Again,"Trish Sie (video director/video producer), Damian Kulash (video director/video producer), Timothy Nordwind (video director/video producer), Dan Konopka (video director/video producer), Andy Ross (video director/video producer)",TRUE
2007,Best Small Ensemble Performance,Padilla: Sun Of Justice,"Fred Vogler (producer/engineer), Peter Rutenberg (conductor), Los Angeles Chamber Singers' Capella (ensembles)",TRUE
2007,Best Solo Rock Vocal Performance,Someday Baby,Bob Dylan,TRUE
2007,"Best Song Written for Motion Picture, Television or Other Visual Media",Our Town,Cars,TRUE
2007,"Best Song Written for Motion Picture, Television or Other Visual Media",Can't Take It In,"The Chronicles of Narnia: The Lion, the Witch and the Wardrobe",FALSE
2007,"Best Song Written for Motion Picture, Television or Other Visual Media",Travelin' Thru,Transamerica,FALSE
2007,"Best Southern, Country or Bluegrass Gospel Album",Glory Train,"Randy Travis (artist), Kyle Lehning (producer/engineer/mixer), Casey Wood (engineer/mixer)",TRUE
2007,Best Spoken Word Album,Our Endangered Values: America's Moral Crisis,"Jimmy Carter (artist), Elisa Shokoff (producer), John St. Denis (engineer/mixer), Steve Strassman (engineer/mixer)",TRUE
2007,Best Spoken Word Album,The Truth (with Jokes),Al Franken,FALSE
2007,Best Spoken Word Album,I Shouldn't Even Be Doing This!,Bob Newhart,FALSE
2007,Best Spoken Word Album for Children,"Blah Blah Blah: Stories About Clams, Swamp Monsters, Pirates & Dogs","Bill Harley (artist), Correia,David (engineer/mixer)",TRUE
2007,Best Surround Sound Album,Morph The Cat,"Donald Fagen (artist/surround producer), Elliot Scheiner (surround mix engineer), Darcy Proper (surround mastering engineer)",TRUE
2007,Best Tejano Album,Sigue El Taconazo,Chente Barrera and Taconazo (artist),TRUE
2007,Best Traditional Blues Album,Risin' With The Blues,"Ike Turner (artist), Ike Turner Jr. (producer), Alexander Track (engineer/mixer)",TRUE
2007,Best Traditional Folk Album,We Shall Overcome - The Seeger Sessions,"Bruce Springsteen (artist), Bob Clearmountain (engineer/mixer), Toby Scott (engineer/mixer)",TRUE
2007,Best Traditional Gospel Album,Alive In South Africa,"Israel & New Breed (artist), Aaron Lindsey (producer), Danny Duncan (engineer/mixer), Salvo (engineer/mixer)",TRUE
2007,Best Traditional Pop Vocal Album,Duets: An American Classic,"Dae Bennett (engineer/mixer), Tony Bennett (artist), Phil Ramone (producer)",TRUE
2007,Best Traditional R&B Vocal Performance,God Bless The Child,"George Benson, Al Jarreau, Jill Scott",TRUE
2007,Best Traditional World Music Album,Blessed,"Soweto Gospel Choir (artist), Robin Hogarth (producer), Fernando Perdigao (engineer/mixer)",TRUE
2007,Best Tropical Latin Album,Directo Al Corazón,"Gilberto Santa Rosa (artist), Jose Lugo (producer), Rolando Alejandro (engineer/mixer)",TRUE
2007,Best Urban/Alternative Performance,Crazy,Gnarls Barkley,TRUE
2007,Best Urban/Alternative Performance,Idlewild Blue (Don't Chu Worry 'Bout Me),Outkast,FALSE
2007,Best Urban/Alternative Performance,Mas Que Nada,"The Black Eyed Peas, Sergio Mendes",FALSE
2007,"Producer of the Year, Classical",Elaine Martone,,TRUE
2007,"Producer of the Year, Non-Classical",Rick Rubin,,TRUE
2007,"Producer of the Year, Non-Classical",Howard Benson,,FALSE
2007,"Producer of the Year, Non-Classical",Will.i.am,,FALSE
2007,Record of the Year,Not Ready to Make Nice,"Dixie Chicks (artist), Rick Rubin (producer), Richard Dodd (engineer/mixer), Jim Scott (engineer/mixer), Chris Testa (engineer/mixer)",TRUE
2007,Song of the Year,Not Ready to Make Nice,"Natalie Maines (songwriter), Dan Wilson (songwriter), Emily Robison (songwriter), Martie Maguire (songwriter)",TRUE
2007,Song of the Year,You're Beautiful,"James Blunt (songwriter), Amanda Ghost (songwriter), Sacha Skarbek (songwriter)",FALSE
2007,Song of the Year,Be Without You,"Mary J. Blige (songwriter), Johnta Austin (songwriter), Jason Perry (songwriter), Bryan Michael Cox (songwriter)",FALSE
2008,Album of the Year,River: The Joni Letters,"Herbie Hancock (artist/producer), Leonard Cohen (featured artist), Norah Jones (featured artist), Joni Mitchell (featured artist), Corinne Bailey Rae (featured artist), Luciana Souza (featured artist), Tina Turner (featured artist), Larry Klein (producer), Helik Hadar (engineer/mixer), Bernie Grundman (mastering engineer)",TRUE
2008,Best Album Notes,"John Work, III: Recording Black Culture (Various artists)",Bruce Nemerov (album notes writer),TRUE
2008,Best Alternative Music Album,Icky Thump,The White Stripes,TRUE
2008,Best Alternative Music Album,Volta,Björk,FALSE
2008,Best Alternative Music Album,Wincing the Night Away,The Shins,FALSE
2008,Best Banda Album,Te Va A Gustar,El Chapo de Sinaloa (artist/producer),TRUE
2008,Best Bluegrass Album,The Bluegrass Diaries,"Jim Lauderdale (artist), Randy Kohrs (producer)",TRUE
2008,Best Boxed or Special Limited Edition Package,What It Is!: Funky Soul And Rare Grooves (1967-1977) (Various artists),Masaki Koike (art director),TRUE
2008,Best Chamber Music Performance,Strange Imaginary Animals,"Eighth Blackbird (ensembles), Judith Sherman (producer/engineer)",TRUE
2008,Best Choral Performance,Brahms: Ein Deutsches Requiem,"Simon Halsey (chorus master), Simon Rattle (conductor), Stephen Johns (producer), Mike Clements (engineer), Thomas Quasthoff (artist), Dorothea Röschmann (artist), Rundfunkchor Berlin (artist), Berliner Philharmoniker (artist)",TRUE
2008,Best Classical Album,Tower: Made In America,"Leonard Slatkin (conductor), Tim Handley (producer)",TRUE
2008,Best Classical Contemporary Composition,Made In America,Joan Tower (composer),TRUE
2008,Best Classical Crossover Album,A Love Supreme: The Legacy Of John Coltrane,"Turtle Island String Quartet (artist), Thomas C. Moore (producer), Michael Bishop (engineer)",TRUE
2008,Best Classical Vocal Performance,Lorraine Hunt Lieberson Sings Peter Lieberson: Neruda Songs,"Lorraine Hunt Lieberson (soloist), Dirk Sobotka (producer), Mark Donahue (engineer), John Newton (engineer), James Levine (artist), Boston Symphony Orchestra (artist)",TRUE
2008,Best Comedy Album,The Distant Future,"Flight of the Conchords, Jemaine Clement (producer), Bret McKenzie (producer), Mickey Petralia (producer), Matthew Shane (engineer/mixer)",TRUE
2008,Best Comedy Album,Songs Pointed and Pointless,Harry Shearer,FALSE
2008,Best Comedy Album,I Still Have A Pony,Steven Wright,FALSE
2008,"Best Compilation Soundtrack Album for Motion Picture, Television or Other Visual Media",The Beatles in 'Love',"George Martin (producer), Giles Martin (producer)",TRUE
2008,"Best Compilation Soundtrack Album for Motion Picture, Television or Other Visual Media",Dreamgirls,"Beyoncé (artist), Jennifer Hudson (artist), Anika Noni Rose (artist), Harvey Mason Jr. (producer), Randy Spendlove (producer), Matthew Rush Sullivan (producer), Damon Thomas (producer)",FALSE
2008,"Best Compilation Soundtrack Album for Motion Picture, Television or Other Visual Media",Once,"Glen Hansard (artist/producer), Markéta Irglová (artist)",FALSE
2008,Best Contemporary Blues Album,The Road To Escondido,"J.J. Cale (artist/producer), Eric Clapton (artist/producer), Simon Climie (producer), Alan Douglas (engineer), Mick Guzauski (engineer)",TRUE
2008,Best Contemporary Folk/Americana Album,Washington Square Serenade,"Steve Earle (artist), John King (producer/engineer/mixer), Tom Camuso (engineer/mixer), Josh Wilbur (engineer/mixer)",TRUE
2008,Best Contemporary Folk/Americana Album,Children Running Through,Patty Griffin,FALSE
2008,Best Contemporary Folk/Americana Album,"Orphans: Brawlers, Bawlers & Bastards",Tom Waits,FALSE
2008,Best Contemporary Jazz Album,River: The Joni Letters,"Herbie Hancock (artist/producer), Larry Klein (producer)",TRUE
2008,Best Contemporary R&B Album,Because Of You,Ne-Yo (producer),TRUE
2008,Best Contemporary R&B Gospel Album,Free To Worship,"Fred Hammond (artist/producer/engineer/mixer), Ray Hammond (engineer/mixer)",TRUE
2008,Best Contemporary World Music Album,Djin Djin,"Angélique Kidjo (artist), Tony Visconti (producer)",TRUE
2008,Best Country Album,These Days,"Vince Gill (artist), John Hobbs (producer), Justin Niebank (producer)",TRUE
2008,Best Country Album,Long Trip Alone,Dierks Bentley,FALSE
2008,Best Country Album,Let It Go,Tim McGraw,FALSE
2008,Best Country Collaboration with Vocals,Lost Highway,"Willie Nelson, Ray Price",TRUE
2008,Best Country Collaboration with Vocals,Because of You,"Kelly Clarkson, Reba McEntire",FALSE
2008,Best Country Collaboration with Vocals,I Need You,"Tim McGraw, Faith Hill",FALSE
2008,Best Country Instrumental Performance,Throttleneck,Brad Paisley,TRUE
2008,Best Country Performance by a Duo or Group with Vocals,How Long,Eagles,TRUE
2008,Best Country Song,Before He Cheats,"Carrie Underwood (artist), Josh Kear (songwriter), Chris Tompkins (songwriter)",TRUE
2008,Best Dance Recording,LoveStoned/I Think She Knows,"Justin Timberlake (artist/producer), DanJa (producer), Timbaland (producer/mixer), Jimmy Douglass (mixer)",TRUE
2008,Best Electronic/Dance Album,We Are The Night,"The Chemical Brothers (artist), Tom Rowlands (producer), Ed Simons (producer)",TRUE
2008,"Best Engineered Album, Classical",Grechaninov: Passion Week,"John Newton (engineer), Charles Bruffy (artist), Phoenix Bach Choir (artist), Kansas City Chorale (artist)",TRUE
2008,"Best Engineered Album, Non-Classical",Beauty & Crime,"Tchad Blake (engineer), Cameron Craig (engineer), Emery Dobyns (engineer), Jimmy Hogarth (engineer), Suzanne Vega (artist)",TRUE
2008,Best Female Country Vocal Performance,Before He Cheats,Carrie Underwood,TRUE
2008,Best Female Country Vocal Performance,Nothin' Better To Do,LeAnn Rimes,FALSE
2008,Best Female Country Vocal Performance,"Heaven, Heartache and the Power of Love",Trisha Yearwood,FALSE
2008,Best Female Pop Vocal Performance,Rehab,Amy Winehouse,TRUE
2008,Best Female Pop Vocal Performance,Big Girls Don't Cry,Fergie,FALSE
2008,Best Female Pop Vocal Performance,Say It Right,Nelly Furtado,FALSE
2008,Best Female R&B Vocal Performance,No One,Alicia Keys,TRUE
2008,Best Gospel Performance,Never Gonna Break My Faith,"Aretha Franklin, Mary J. Blige, The Boys Choir of Harlem",TRUE
2008,Best Gospel Song,Blessed & Highly Favored,"Karen Clark Sheard (songwriter), The Clark Sisters (artist)",TRUE
2008,Best Hard Rock Performance,The Pretender,Foo Fighters,TRUE
2008,Best Hard Rock Performance,I Don't Wanna Stop,Ozzy Osbourne,FALSE
2008,Best Hard Rock Performance,The Pot,Tool,FALSE
2008,Best Hawaiian Music Album,Treasures Of Hawaiian Slack Key Guitar (Various artists),"Peter Deaquino (engineer/mixer), Daniel Ho (engineer/mixer), Sterling Seaton (engineer/mixer)",TRUE
2008,Best Historical Album,The Live Wire - Woody Guthrie In Performance 1949,"Nora Guthrie (compilation producer), Jorge Arévalo Mateus (compilation producer), Jamie Howarth (mastering engineer), Steve Rosenthal (mastering engineer), Warren Russell-Smith (mastering engineer), Kevin Short (mastering engineer), Woody Guthrie (artist)",TRUE
2008,Best Instrumental Arrangement,In a Silent Way,"Vincent Mendoza (arranger), Joe Zawinul Musikschule (artist)",TRUE
2008,Best Instrumental Arrangement Accompanying Vocalist(s),I'm Gonna Live Till I Die,"John Clayton (arranger), Queen Latifah (artist)",TRUE
2008,Best Instrumental Composition,Cerulean Skies,Maria Schneider (composer),TRUE
2008,Best Instrumental Soloist Performance (without Orchestra),"Beethoven Sonatas, Vol. 3","Garrick Ohlsson (soloist), Adam Abeshouse (producer/engineer)",TRUE
2008,Best Instrumental Soloist(s) Performance (with Orchestra),Barber/Korngold/Walton: Violin Concertos,"James Ehnes (producer), Denise Ball (producer), Don Harder (engineer), The Vancouver Symphony Orchestra (artist)",TRUE
2008,"Best Jazz Instrumental Album, Individual or Group",Pilgrimage,"Michael Brecker (artist/producer), Gil Goldstein (producer), Pat Metheny (producer), Steve Rodby (producer)",TRUE
2008,Best Jazz Instrumental Solo,Anagram,Michael Brecker,TRUE
2008,Best Jazz Vocal Album,Avant Gershwin,"Patti Austin (artist/producer), Michael Abene (producer), Lucas Schmid (producer)",TRUE
2008,Best Large Jazz Ensemble Album,A Tale Of God's Will (A Requiem For Katrina),Terence Blanchard (artist/producer),TRUE
2008,Best Latin Jazz Album,Funk Tango,"Paquito D'Rivera Quintet (artist), Brenda Feliciano (producer)",TRUE
2008,Best Latin Pop Album,El Tren De Los Momentos,"Alejandro Sanz (artist/producer/engineer), Lulo Perez (producer/engineer), Carlos Alvarez (engineer), Thom Russo (engineer), Rafa Sardina (engineer), Pepo Scherman (engineer)",TRUE
2008,Best Latin Rock or Alternative Album,No Hay Espacio,"Black:Guayaba (artist), Gabriel Calero (producer), Carlos Colón (producer), Gustavo Gonzalez (producer), Javier A. Morales Negron (producer), Carlos Ortiz (producer), Seth Atkins Horan (engineer), Paolo Capeles (engineer), Antonio Fornaris (engineer), Bob St. John (engineer)",TRUE
2008,Best Latin Urban Album,Residente O Visitante,"Calle 13 (artist), Iván Gutiérrez (engineer/mixer), Ramón Martínez (engineer/mixer), Edgardo Matta (engineer/mixer), Carlos Velázquez (engineer/mixer)",TRUE
2008,Best Long Form Music Video,Madonna: The Confessions Tour Live from London,"Madonna (artist), Jonas Åkerlund (video director), Sara Martin (video producer), David May (video producer)",TRUE
2008,Best Long Form Music Video,Dean Bates (video producer),,FALSE
2008,Best Long Form Music Video,Trapped in the Closet: Chapters 13-22,"R. Kelly (artist/video director), Victor Mignatti (video director), Jim Swaffield (video director), Ann Carli (video producer)",FALSE
2008,Best Male Country Vocal Performance,Stupid Boy,Keith Urban,TRUE
2008,Best Male Pop Vocal Performance,What Goes Around...Comes Around,Justin Timberlake,TRUE
2008,Best Male Pop Vocal Performance,Everything,Michael Bublé,FALSE
2008,Best Male Pop Vocal Performance,Amazing,Seal,FALSE
2008,Best Male R&B Vocal Performance,Future Baby Mama,Prince,TRUE
2008,Best Metal Performance,Final Six,Slayer,TRUE
2008,Best Mexican/Mexican–American Album,100% Mexicano,"Pepe Aguilar (artist/producer/engineer), Norberto Islas (engineer), Enrique Mendivil (engineer)",TRUE
2008,Best Musical Album for Children,A Green and Red Christmas,The Muppets,TRUE
2008,Best Musical Show Album,Spring Awakening (Original Broadway Cast),"Duncan Sheik (composer/producer), Steven Sater (lyricist), Michael Tudor (engineer)",TRUE
2008,Best Native American Music Album,Totemic Flute Chants,"Johnny Whitehorse (artist), Larry Mitchell (producer/engineer)",TRUE
2008,Best New Age Album,Crestone,Paul Winter Consort,TRUE
2008,Best New Artist,Amy Winehouse,,TRUE
2008,Best New Artist,Leslie Feist,,FALSE
2008,Best New Artist,Taylor Swift,,FALSE
2008,Best Norteño Album,Detalles Y Emociones,Los Tigres del Norte (artist/producer),TRUE
2008,Best Opera Recording,Humperdinck: Hansel & Gretel,"Charles Mackerras (conductor), Brian Couzens (producer), Rebecca Evans (soloist), Jane Henschel (soloist), Jennifer Larmore (soloist), Ralph Couzens (engineer), The New London Children's Choir (artist), The Philharmonia Orchestra (artist)",TRUE
2008,Best Orchestral Performance,Tower: Made In America,"Leonard Slatkin (conductor), Tim Handley (producer/engineer), Nashville Symphony (artist)",TRUE
2008,Best Polka Album,Come Share the Wine,"Jimmy Sturr (artist), Joseph Donofrio (producer/engineer), Kenneth R. Irwin (producer/engineer), Tom Pick (producer/engineer), Mark Capps (engineer)",TRUE
2008,Best Pop Collaboration with Vocals,Gone Gone Gone (Done Moved On),"Alison Krauss, Robert Plant",TRUE
2008,Best Pop Collaboration with Vocals,Beautiful Liar,"Beyoncé, Shakira",FALSE
2008,Best Pop Collaboration with Vocals,Give It To Me,"Nelly Furtado, Timbaland, Justin Timberlake",FALSE
2008,Best Pop Instrumental Album,The Mix-Up,"Beastie Boys (artist), Mike D (producer), Adam Horovitz (producer), Adam Yauch (producer)",TRUE
2008,Best Pop Instrumental Performance,One Week Last Summer,Joni Mitchell,TRUE
2008,Best Pop Performance by a Duo or Group with Vocals,Makes Me Wonder,Maroon 5,TRUE
2008,Best Pop Vocal Album,Back to Black,"Amy Winehouse, Mark Ronson (producer)",TRUE
2008,Best Pop Vocal Album,The Reminder,Leslie Feist,FALSE
2008,Best Pop Vocal Album,Memory Almost Full,Paul McCartney,FALSE
2008,Best Pop/Contemporary Gospel Album,A Deeper Level,"Israel & New Breed (artist), Aaron Lindsey (producer)",TRUE
2008,Best R&B Album,Funk This,"Chaka Khan, Bobby Ross Avila (producer), Issiah Avila (producer), Jimmy Jam (producer), Terry Lewis (producer), Big Jim Wright (producer)",TRUE
2008,Best R&B Album,The Real Thing: Words and Sounds Vol. 3,Jill Scott,FALSE
2008,Best R&B Album,Luvanmusiq,Musiq,FALSE
2008,Best R&B Song,No One,"Alicia Keys (artist/songwriter), Kerry Brothers (songwriter), Dirty Harry (songwriter)",TRUE
2008,Best R&B Vocal Performance by a Duo or Group,Disrespectul,"Mary J. Blige, Chaka Khan",TRUE
2008,Best R&B Vocal Performance by a Duo or Group,Baby,"Angie Stone, Betty Wright",FALSE
2008,Best R&B Vocal Performance by a Duo or Group,Same Girl,"R. Kelly, Usher Raymond",FALSE
2008,Best Rap Album,Graduation,Kanye West (producer),TRUE
2008,Best Rap Album,Kingdom Come,Jay-Z,FALSE
2008,Best Rap Album,T.I. vs. T.I.P.,T.I.,FALSE
2008,Best Rap Performance by a Duo or Group,Southside,"Common, Kanye West",TRUE
2008,Best Rap Performance by a Duo or Group,Make It Rain,"Fat Joe, Lil' Wayne",FALSE
2008,Best Rap Performance by a Duo or Group,Party Like A Rockstar,Shop Boyz,FALSE
2008,Best Rap Solo Performance,Stronger,Kanye West,TRUE
2008,Best Rap Solo Performance,The People,Common,FALSE
2008,Best Rap Solo Performance,Big Things Poppin' (Do It),T.I.,FALSE
2008,Best Rap Song,Good Life,"Kanye West (artist/songwriter), T-Pain (artist/songwriter), Dj Toomp (songwriter), Mike Dean (songwriter)",TRUE
2008,Best Rap/Sung Collaboration,Umbrella,"Jay-Z, Rihanna",TRUE
2008,Best Rap/Sung Collaboration,Kiss Kiss,"Chris Brown, T-Pain",FALSE
2008,Best Rap/Sung Collaboration,Good Life,"T-Pain, Kanye West",FALSE
2008,Best Recording Package,Cassadaga,"Zachary Nipper (art director), Bright Eyes (artist)",TRUE
2008,Best Reggae Album,Mind Control,"Stephen Marley (producer), Greg Morris (engineer/mixer)",TRUE
2008,"Best Remixed Recording, Non-Classical",Bring The Noise (Benny Benassi Sfaction Remix),"Benny Benassi (remixer), Public Enemy (artist)",TRUE
2008,Best Rock Album,"Echoes, Silence, Patience & Grace","Foo Fighters, Gil Norton (producer)",TRUE
2008,Best Rock Album,Daughtry,Daughtry,FALSE
2008,Best Rock Album,Sky Blue Sky,Wilco,FALSE
2008,Best Rock Instrumental Performance,Once Upon A Time In The West,Bruce Springsteen,TRUE
2008,Best Rock Song,Radio Nowhere,Bruce Springsteen (songwriter),TRUE
2008,Best Rock Song,The Pretender,Foo Fighters (songwriters),FALSE
2008,Best Rock Song,Come On,Lucinda Williams (songwriter),FALSE
2008,Best Rock Vocal Performance by a Duo or Group,Icky Thump,The White Stripes,TRUE
2008,Best Rock Vocal Performance by a Duo or Group,Working Class Hero,Green Day,FALSE
2008,Best Rock Vocal Performance by a Duo or Group,Instant Karma,U2,FALSE
2008,Best Rock or Rap Gospel Album,Before The Daylight's Shot,"Ashley Cleveland (artist/producer), Kenny Greenberg (producer)",TRUE
2008,"Best Score Soundtrack Album for Motion Picture, Television or Other Visual Media",Ratatouille,Michael Giacchino (composer),TRUE
2008,"Best Score Soundtrack Album for Motion Picture, Television or Other Visual Media",Blood Diamond,James Newton Howard,FALSE
2008,"Best Score Soundtrack Album for Motion Picture, Television or Other Visual Media",Pan's Labyrinth,Javier Navarrete,FALSE
2008,Best Short Form Music Video,Johnny Cash: God's Gonna Cut You Down,"Tony Kaye (video director), Rachel Curl (video producer)",TRUE
2008,Best Small Ensemble Performance,"Stravinsky: Apollo, Concerto In D; Prokofiev: 20 Visions Fugitives","Philipp Nedel (producer), Yuri Basmet (conductor), Moscow Soloists (ensembles), Michael Brammann (engineer)",TRUE
2008,Best Solo Rock Vocal Performance,Radio Nowhere,Bruce Springsteen,TRUE
2008,Best Solo Rock Vocal Performance,Our Country,John Mellencamp,FALSE
2008,Best Solo Rock Vocal Performance,Only Mama Knows,Paul McCartney,FALSE
2008,"Best Song Written for Motion Picture, Television or Other Visual Media",Love You I Do,Dreamgirls,TRUE
2008,"Best Song Written for Motion Picture, Television or Other Visual Media",Song Of The Heart,Happy Feet,FALSE
2008,"Best Song Written for Motion Picture, Television or Other Visual Media",Falling Slowly,Once,FALSE
2008,"Best Southern, Country or Bluegrass Gospel Album",Salt Of The Earth,"Ricky Skaggs (artist/producer), The Whites (artist), Buck White (producer), Cheryl White (producer), Sharon White (producer), Brent King (engineer/mixer)",TRUE
2008,Best Spoken Word Album,The Audacity of Hope: Thoughts on Reclaiming the American Dream,"Barack Obama, Jacob Bronstein (producer)",TRUE
2008,Best Spoken Word Album,Giving: How Each of Us Can Change the World,Bill Clinton,FALSE
2008,Best Spoken Word Album,Celebrations,Maya Angelou,FALSE
2008,Best Spoken Word Album for Children,Harry Potter and the Deathly Hallows,"Jim Dale, Orli Moscowitz (producer), David S. Rapkin (producer)",TRUE
2008,Best Surround Sound Album,Love,"Paul Hicks (surround mix engineer), Tim Young (surround mastering engineer), George Martin (surround producer), Giles Martin (surround producer), The Beatles (artist)",TRUE
2008,Best Tejano Album,Before The Next Teardrop Falls,Little Joe & La Familia (artist),TRUE
2008,Best Traditional Blues Album,Last Of The Great Mississippi Delta Bluesmen: Live In Dallas,"Henry Townsend (artist), Pinetop Perkins (artist), Robert Lockwood Jr. (artist), Honeyboy Edwards (artist), Jeffry Dyson (producer), Michael Dyson (producer), Paul Grupp (engineer), Scott Shuman (producer/engineer)",TRUE
2008,Best Traditional Folk Album,Dirt Farmer,"Levon Helm (artist), Larry Campbell (producer), Amy Helm (producer), Justin Guip (engineer)",TRUE
2008,Best Traditional Gospel Album,Live - One Last Time,"The Clark Sisters (artist), Donald Lawrence (producer/engineer/mixer), James Auwarter (engineer/mixer), Craig Bauer (engineer/mixer), Todd Fairall (engineer/mixer), David Habegger (engineer/mixer), John Jaszcz (engineer/mixer), Darius Lawrence (engineer/mixer), Joseph Logsdon (engineer/mixer), Nelson Robinson (engineer/mixer), Raymond Rogers (engineer/mixer)",TRUE
2008,Best Traditional R&B Vocal Performance,In My Songs,Gerald Levert,TRUE
2008,Best Traditional World Music Album,African Spirit,"Soweto Gospel Choir (artist), Robin Hogarth (producer)",TRUE
2008,Best Tropical Latin Album,La Llave De Mi Corazón,Juan Luis Guerra (artist/producer),TRUE
2008,Best Urban/Alternative Performance,Daydreamin',"Lupe Fiasco, Jill Scott",TRUE
2008,Best Urban/Alternative Performance,That's the Way of the World,Dwele,FALSE
2008,Best Urban/Alternative Performance,Make A Baby,Vikter Duplaix,FALSE
2008,Best Zydeco or Cajun Music Album,Live! Worldwide,"Terrance Simien & The Zydeco Experience (artist), Joshua Murrell (producer/engineer)",TRUE
2008,"Producer of the Year, Classical",Judith Sherman,,TRUE
2008,"Producer of the Year, Non-Classical",Mark Ronson,,TRUE
2008,Record of the Year,Rehab,"Amy Winehouse (artist), Mark Ronson (producer/engineer/mixer), Tom Elmhirst (engineer/mixer), Samuel Merrick (engineer/mixer), Dom Morley (engineer/mixer), Bosco Mann (engineer/mixer)",TRUE
2008,Song of the Year,Rehab,Amy Winehouse (songwriter),TRUE
2008,Song of the Year,Umbrella,"Jay-Z (songwriter), Kuk Harrell (songwriter), The-Dream (songwriter), Christopher Stewart (songwriter)",FALSE
2008,Song of the Year,Hey There Delilah,Tom Higgenson (songwriter),FALSE
2008,Best Traditional Pop Vocal Album,Call Me Irresponsible,"Michael Bublé (artist), David Foster (producer), Humberto Gatica (producer)",FALSE
2009,Album of the Year,Raising Sand,"Alison Krauss (artist), Robert Plant (artist), T Bone Burnett (producer), Mike Piersante (engineer/mixer), Gavin Lurssen (mastering engineer)",TRUE
2009,Album of the Year,Tha Carter III,"Lil' Wayne (artist), The Alchemist (producer), David Banner (producer), Vaushaun Brooks (producer), Cool & Dre (producer), Andrews Correa (producer), Shondrae Crawford (producer), Jim Jonsin (producer), Mousa (producer), Pro Jay (producer), Rodnae (producer), Play-N-Skillz (producer), D. Smith (producer), Swizz Beatz (producer), T-Pain (producer), Kanye West (producer), Darius Deezle Harrison (producer/engineer/mixer), Robin Thicke (producer/engineer/mixer), Angel Aponte (engineer/mixer), Joshua Berkman (engineer/mixer), Andrew Dawson (engineer/mixer), Joe G. (engineer/mixer), Fabian Marascuillo (engineer/mixer), Miguel Scott (engineer/mixer), Julian Vasquez (engineer/mixer), Gina Victoria (engineer/mixer), Vlado Meller (mastering engineer)",FALSE
2009,Album of the Year,In Rainbows,"Radiohead (artist), Nigel Godrich (producer/engineer/mixer), Dan Grech-Marguerat (engineer/mixer), Hugo Nicolson (engineer/mixer), Richard Woodcraft (engineer/mixer), Bob Ludwig (mastering engineer)",FALSE
2009,Best Album Notes,Kind Of Blue: 50th Anniversary Collector's Edition,"Francis Davis (album notes writer), Miles Davis (artist)",TRUE
2009,Best Alternative Music Album,In Rainbows,"Radiohead (artist), Nigel Godrich (producer)",TRUE
2009,Best Alternative Music Album,Narrow Stairs,Death Cab for Cutie,FALSE
2009,Best Alternative Music Album,Evil Urges,My Morning Jacket,FALSE
2009,Best Banda Album,No Es De Madera,Joan Sebastian (artist/producer),TRUE
2009,Best Banda Album,Vive y Dejame Vivir,Banda Cuisillos,FALSE
2009,Best Banda Album,Tiro de Gracia,Lupillo Rivera,FALSE
2009,Best Bluegrass Album,Honoring the Fathers of Bluegrass: Tribute to 1946 and 1947,"Ricky Skaggs, The Kentucky Thunder",TRUE
2009,Best Bluegrass Album,Wheels,Dan Tyminski,FALSE
2009,Best Bluegrass Album,Del McCoury Band — Live At The 2008 New Orleans Jazz & Heritage Festival,The Del McCoury Band,FALSE
2009,Best Boxed or Special Limited Edition Package,In Rainbows,"Stanley Donwood (art director), Mel Maxwell (art director), Christiaan Munro (art director), Radiohead (artist)",TRUE
2009,Best Chamber Music Performance,"Carter, Elliott: String Quartets Nos. 1 And 5","Pacifica Quartet (ensembles), Judith Sherman (producer), William Mayhone (engineer/mixer)",TRUE
2009,Best Choral Performance,Symphony Of Psalms,"Simon Halsey (chorus master), Simon Rattle (conductor), Stephen Johns (producer), Mike Clements (engineer), Rundfunkchor Berlin (artist), Berliner Philharmoniker (artist)",TRUE
2009,Best Classical Album,Weill: Rise And Fall Of The City Of Mahagonny,"James Conlon (conductor), Anthony Dean Griffey (artist), Patti LuPone (artist), Audra McDonald (artist), Fred Vogler (producer)",TRUE
2009,Best Classical Contemporary Composition,Mr. Tambourine Man: Seven Poems Of Bob Dylan,John Corigliano (composer),TRUE
2009,Best Classical Crossover Album,Simple Gifts,"The King's Singers (artist/producer), Gregg Jackman (engineer)",TRUE
2009,Best Classical Vocal Performance,Corigliano: Mr. Tambourine Man: Seven Poems Of Bob Dylan,"Hila Plitmann (soloist), John Corigliano (producer/engineer), Tim Handley (producer/engineer), Tom Lazarus (engineer), JoAnn Falletta (artist), Buffalo Philharmonic Orchestra (artist)",TRUE
2009,Best Comedy Album,Flight of the Conchords,George Carlin... It's Bad for Ya!,TRUE
2009,Best Comedy Album,Songs of the Bushmen,Harry Shearer,FALSE
2009,Best Comedy Album,Anticipation,Lewis Black,FALSE
2009,"Best Compilation Soundtrack Album for Motion Picture, Television or Other Visual Media",Juno,"Peter Afterman (producer), Jason Reitman (producer), Margaret Yen (producer)",TRUE
2009,"Best Compilation Soundtrack Album for Motion Picture, Television or Other Visual Media",August Rush,,FALSE
2009,"Best Compilation Soundtrack Album for Motion Picture, Television or Other Visual Media",Sweeney Todd: The Demon Barber of Fleet Street,,FALSE
2009,Best Contemporary Blues Album,City That Care Forgot,"Dr. John (artist), Jeff The Jedi Master Jones (producer), Chris Finney (engineer)",TRUE
2009,Best Contemporary Blues Album,Peace Love & BBQ,Marcia Ball,FALSE
2009,Best Contemporary Blues Album,Maesteo,Taj Mahal,FALSE
2009,Best Contemporary Folk/Americana Album,Raising Sand,"Robert Plant (artist), Alison Krauss (artist), T Bone Burnett (producer), Mike Piersante (engineer)",TRUE
2009,Best Contemporary Folk/Americana Album,Day After Tomorrow,Joan Baez,FALSE
2009,Best Contemporary Folk/Americana Album,"I, Flathead",Ry Cooder,FALSE
2009,Best Contemporary Jazz Album,Randy in Brasil,"Randy Brecker (artist), Ruriá Duprat (producer)",TRUE
2009,Best Contemporary Jazz Album,Lifecycle,"Yellowjackets, Michael Stern",FALSE
2009,Best Contemporary Jazz Album,Miles from India (Various artists),,FALSE
2009,Best Contemporary R&B Album,Growing Pains,"Mary J. Blige (artist), Chris O'Ryan (engineer/mixer)",TRUE
2009,Best Contemporary R&B Album,Fearless,Jazmine Sullivan,FALSE
2009,Best Contemporary R&B Album,Year of the Gentleman,Ne-Yo,FALSE
2009,Best Contemporary R&B Gospel Album,The Fight of My Life,"Kirk Franklin (artist/producer), Harold Martin (producer), Chris Godbey (engineer/mixer), John Jaszcz (engineer/mixer), Ryan Moys (engineer/mixer), Tre Nagella (engineer/mixer)",TRUE
2009,Best Contemporary R&B Gospel Album,The Sound,Mary Mary,FALSE
2009,Best Contemporary R&B Gospel Album,Stand Out,Tye Tribbett,FALSE
2009,Best Contemporary World Music Album,Global Drum Project,"Mickey Hart (artist/producer), Zakir Hussain (artist/producer), Sikiru Adepoju (artist), Giovanni Hidalgo (artist)",TRUE
2009,Best Contemporary World Music Album,Shake Away,Lila Downs,FALSE
2009,Best Contemporary World Music Album,Rokku mi Rokka (Give and Take),Youssou N'Dour,FALSE
2009,Best Country Album,Troubadour,"George Strait (artist/producer), Tony Brown (producer)",TRUE
2009,Best Country Album,Sleepless Nights,Patty Loveless,FALSE
2009,Best Country Album,"Heaven, Heartache and the Power of Love",Trisha Yearwood,FALSE
2009,Best Country Collaboration with Vocals,Killing the Blues,"Alison Krauss, Robert Plant",TRUE
2009,Best Country Collaboration with Vocals,Shiftwork,"Kenny Chesney, George Strait",FALSE
2009,Best Country Collaboration with Vocals,Let the Wind Chase You,"Trisha Yearwood, Keith Urban",FALSE
2009,Best Country Instrumental Performance,Cluster Pluck,"Brad Paisley, James Burton, Vince Gill, John Jorgenson, Albert Lee, Brent Mason, Redd Volkaert, Steve Wariner",TRUE
2009,Best Country Instrumental Performance,Is This America? (Katrina 2005),"Charlie Haden, Pat Metheny, Jerry Douglas, Bruce Hornsby",FALSE
2009,Best Country Instrumental Performance,Two Small Cars In Rome,"Jerry Douglas, Lloyd Green",FALSE
2009,Best Country Song,Stay,"Jennifer Nettles (songwriter), Sugarland (artist)",TRUE
2009,Best Country Song,In Color,Jamey Johnson,FALSE
2009,Best Country Song,You're Gonna Miss This,Trace Adkins,FALSE
2009,Best Country Vocal Performance by a Duo or Group,Stay,Sugarland,TRUE
2009,Best Country Vocal Performance by a Duo or Group,Love Don't Live Here,Lady Antebellum,FALSE
2009,Best Country Vocal Performance by a Duo or Group,Blue Side of the Mountain,The Steeldrivers,FALSE
2009,Best Dance Recording,"Harder, Better, Faster, Stronger (Alive 2007)","Daft Punk (artist), Thomas Bangalter (producer/mixer), Guy-Manuel De Homem-Christo (producer/mixer)",TRUE
2009,Best Dance Recording,Just Dance,"Lady Gaga, Colby O'Donis",FALSE
2009,Best Dance Recording,Disturbia,Rihanna,FALSE
2009,Best Electronic/Dance Album,Alive 2007,Daft Punk,TRUE
2009,Best Electronic/Dance Album,Bring Ya to the Brink,Cyndi Lauper,FALSE
2009,Best Electronic/Dance Album,Last Night,Moby,FALSE
2009,"Best Engineered Album, Classical",Traditions And Transformations: Sounds Of Silk Road Chicago,"David Frost (engineer), Tom Lazarus (engineer), Christopher Willis (engineer), Miguel Harth-Bedoya (artist), Alan Gilbert (artist), Silk Road Ensemble (artist), Man Wu (artist), Yo-Yo Ma (artist), Chicago Symphony Orchestra (artist)",TRUE
2009,"Best Engineered Album, Non-Classical",Consolers Of The Lonely,"Joseph Chiccarelli (engineer), Vance Powell (engineer), Jack White (engineer), The Raconteurs (artist)",TRUE
2009,Best Female Country Vocal Performance,Last Name,Carrie Underwood,TRUE
2009,Best Female Country Vocal Performance,Last Call,Lee Ann Womack,FALSE
2009,Best Female Country Vocal Performance,This Is Me You're Talking To,Trisha Yearwood,FALSE
2009,Best Female Pop Vocal Performance,Chasing Pavements,Adele,TRUE
2009,Best Female Pop Vocal Performance,I Kissed a Girl,Katy Perry,FALSE
2009,Best Female Pop Vocal Performance,So What,Pink,FALSE
2009,Best Female R&B Vocal Performance,Superwoman,Alicia Keys,TRUE
2009,Best Female R&B Vocal Performance,Need U Bad,Jazmine Sullivan,FALSE
2009,Best Female R&B Vocal Performance,Heaven Sent,Keyshia Cole,FALSE
2009,Best Gospel Performance,Get Up,Mary Mary,TRUE
2009,Best Gospel Performance,Waging War,CeCe Winans,FALSE
2009,Best Gospel Performance,Shall We Gather at the River,Take 6,FALSE
2009,Best Gospel Song,Help Me Believe,Kirk Franklin (artist/songwriter),TRUE
2009,Best Gospel Song,Give Me Your Eyes,"Brandon Heath (artist/songwriter), Jason Ingram (songwriter)",FALSE
2009,Best Gospel Song,You Reign,"MercyMe (artist), Jim Bryson (songwriter), Steven Curtis Chapman (songwriter), Nathaniel Cochran (songwriter), Barry Graul (songwriter), Bart Millard (songwriter), Mike Scheuchzer (songwriter), Robby Shaffer (songwriter)",FALSE
2009,Best Hard Rock Performance,Wax Simulacra,The Mars Volta,TRUE
2009,Best Hard Rock Performance,Visions,Judas Priest,FALSE
2009,Best Hard Rock Performance,Lords of Salem,Rob Zombie,FALSE
2009,Best Hawaiian Music Album,'Ikena,"Tia Carrere (artist), Daniel Ho (artist/producer/engineer), Amy Kuleialoha Stillman (producer)",TRUE
2009,Best Hawaiian Music Album,Force of Nature,"Led Kaapana, Mike Kaawa",FALSE
2009,Best Hawaiian Music Album,The Spirit of Hawaiian Slack Key Guitar (Various artists),,FALSE
2009,Best Historical Album,Art Of Field Recording Volume I: Fifty Years Of Traditional American Music Documented By Art Rosenbaum (Various artists),"Steven Lance Ledbetter (compilation producer), Art Rosenbaum (compilation producer), Michael Graves (mastering engineer)",TRUE
2009,Best Instrumental Arrangement,Define Dancing,"Peter Gabriel (arranger), Thomas Newman (artist/arranger)",TRUE
2009,Best Instrumental Arrangement Accompanying Vocalist(s),Here's That Rainy Day,"Nan Schwartz (arranger), Natalie Cole (artist)",TRUE
2009,Best Instrumental Composition,The Adventures Of Mutt,John Williams (artist/composer),TRUE
2009,Best Instrumental Soloist Performance (Without Orchestra),"Piano Music Of Salonen, Stucky, And Lutoslawski","Gloria Cheng (soloist), Judith Sherman (producer/engineer)",TRUE
2009,Best Instrumental Soloist(s) Performance (With Orchestra),Schoenberg/Sibelius: Violin Concertos,"Hilary Hahn (producer), Sid McLauchlan (producer), Arend Prohmann (producer), Staphan Flock (engineer/mixer), The Swedish Radio Symphony Orchestra (artist)",TRUE
2009,"Best Jazz Instrumental Album, Individual or Group",The New Crystal Silence,"Chick Corea (artist/producer), Gary Burton (artist/producer)",TRUE
2009,"Best Jazz Instrumental Album, Individual or Group","History, Mystery",Bill Frisell,FALSE
2009,"Best Jazz Instrumental Album, Individual or Group",Day Trip,"Pat Metheny, Christian McBride, Antonio Sanchez",FALSE
2009,Best Jazz Instrumental Solo,Be–Bop,Terence Blanchard (soloist),TRUE
2009,Best Jazz Instrumental Solo,Be–Bop,James Moody,FALSE
2009,Best Jazz Instrumental Solo,Seven Steps to Heaven,Till Brönner,FALSE
2009,Best Jazz Vocal Album,Loverly,Cassandra Wilson (artist/producer),TRUE
2009,Best Jazz Vocal Album,If Less Is More...Nothing Is Everything,Kate McGarry,FALSE
2009,Best Jazz Vocal Album,Breakfast on the Morning Tram,Stacey Kent,FALSE
2009,Best Large Jazz Ensemble Album,Monday Night Live at the Village Vanguard,Vanguard Jazz Orchestra,TRUE
2009,Best Large Jazz Ensemble Album,Act Your Age,Gordon Goodwin's Big Phat Band,FALSE
2009,Best Large Jazz Ensemble Album,Blauklang,Vincent Mendoza,FALSE
2009,Best Latin Jazz Album,Song for Chico,"Arturo O'Farrill, The Afro–Latin Jazz Orchestra",TRUE
2009,Best Latin Jazz Album,The Latin Side of Wayne Shorter,Conrad Herwig and the Latin Side Band,FALSE
2009,Best Latin Jazz Album,Marooned/Aislado,Papo Vázquez and the Mighty Pirates,FALSE
2009,Best Latin Pop Album,La Vida...Es Un Ratico,"Juanes (artist/producer), Gustavo Santaolalla (producer)",TRUE
2009,Best Latin Pop Album,Palabras Del Silencio,Luis Fonsi,FALSE
2009,Best Latin Pop Album,Tarde o Temprano,Tommy Torres,FALSE
2009,Best Latin Rock or Alternative Album,45,"Jaguares (artist), Howard Willing (producer/engineer), Eduardo del Aguila (engineer), David W. Thoener (engineer)",TRUE
2009,Best Latin Rock or Alternative Album,La Verdad,Locos Por Juana,FALSE
2009,Best Latin Rock or Alternative Album,Mediocre,Ximena Sariñana,FALSE
2009,Best Latin Urban Album,Los Extraterrestres,"Wisin & Yandel (artist), Victor Martinez (producer), Ernesto Padilla (producer), Mario So (engineer/mixer)",TRUE
2009,Best Latin Urban Album,La Sinfonia,La Sinfonia,FALSE
2009,Best Latin Urban Album,En lo Claro,Voltio,FALSE
2009,Best Long Form Music Video,Tom Petty and the Heartbreakers: Runnin' Down a Dream,"Tom Petty (& The Heartbreakers), Peter Bogdanovich (video director), Skot Bright (video producer), Tony Dimitriades (video producer), George Drakoulias (video producer)",TRUE
2009,Best Long Form Music Video,"John Mayer, Danny Clinch (video director), Lindha Narvaez (video producer)",,FALSE
2009,Best Long Form Music Video,Rihanna - Good Girl Gone Bad: Live,"Rihanna, Paul Caslin (video director), John Paveley (video producer), Ruth Paveley (video producer), Rupert Style (video producer)",FALSE
2009,Best Male Country Vocal Performance,Letter to Me,Brad Paisley,TRUE
2009,Best Male Country Vocal Performance,Just Got Started Lovin' You,James Otto,FALSE
2009,Best Male Country Vocal Performance,You're Gonna Miss This,Trace Adkins,FALSE
2009,Best Male Pop Vocal Performance,Say,John Mayer,TRUE
2009,Best Male Pop Vocal Performance,I'm Yours,Jason Mraz,FALSE
2009,Best Male Pop Vocal Performance,Closer,Ne-Yo,FALSE
2009,Best Male R&B Vocal Performance,Miss Independent,Ne-Yo,TRUE
2009,Best Male R&B Vocal Performance,You're the Only One,Eric Benét,FALSE
2009,Best Male R&B Vocal Performance,Here I Stand,Usher Raymond,FALSE
2009,Best Metal Performance,My Apocalypse,Metallica,TRUE
2009,Best Metal Performance,Nostradamus,Judas Priest,FALSE
2009,Best Metal Performance,Psychosocial,Slipknot,FALSE
2009,Best Musical Album for Children,Here Come the 123s,"They Might Be Giants (artist/producers), Patrick Dillett (producer)",TRUE
2009,Best Musical Album for Children,Here Comes Brady Rymer and the Little Band That Could,Brady Rymer and the Little Band That Could,FALSE
2009,Best Musical Album for Children,Big Round World,Trout Fishing In America,FALSE
2009,Best Musical Show Album,In the Heights (Original Broadway Cast),"Lin-Manuel Miranda (producer/composer/lyricist), Kurt Deutsch (producer), Alex Lacamoire (producer), Andrés Levin (producer), Bill Sherman (producer), Tim Latham (engineer), Joel Moss (producer/engineer)",TRUE
2009,Best Musical Show Album,The Little Mermaid,,FALSE
2009,Best Musical Show Album,Young Frankenstein: The Musical,,FALSE
2009,Best Native American Music Album,Come to Me Great Mystery: Native American Healing Songs (Various Artists),Tom Wasinger (producer/engineer),TRUE
2009,Best Native American Music Album,Songs From the Black Hills,Bryan Akipa,FALSE
2009,Best Native American Music Album,Red Rock,Northern Cree,FALSE
2009,Best New Age Album,Peace Time,"Jack DeJohnette (artist/producer), Pablo Ben Surman (producer)",TRUE
2009,Best New Age Album,Ambrosia,Peter Kater,FALSE
2009,Best New Age Album,Pathfinder,Will Clipman,FALSE
2009,Best New Artist,Adele,,TRUE
2009,Best New Artist,Jazmine Sullivan,,FALSE
2009,Best New Artist,The Jonas Brothers,,FALSE
2009,Best Norteño Album,Raíces,Los Tigres del Norte (artist/producer),TRUE
2009,Best Norteño Album,Corridos: Defendiendo el Honor,Pesado,FALSE
2009,Best Norteño Album,Cuidado,Solido,FALSE
2009,Best Opera Recording,Weill: Rise And Fall Of The City Of Mahagonny,"James Conlon (conductor), Fred Vogler (producer), Anthony Dean Griffey (artist), Patti LuPone (artist), Audra McDonald (artist), Los Angeles Opera Chorus (artist), Los Angeles Opera Orchestra (artist)",TRUE
2009,Best Orchestral Performance,Shostakovich: Symphony No. 4,"Bernard Haitink (conductor), James Mallinson (producer), Christopher Willis (engineer), Chicago Symphony Orchestra (artist)",TRUE
2009,Best Polka Album,Let the Whole World Sing,"Jimmy Sturr (artist), Joseph Donofrio (producer/engineer), Kenneth R. Irwin (producer/engineer), Tom Pick (producer/engineer), Dave Kowalski (engineer), Mark Capps (engineer/mixer)",TRUE
2009,Best Polka Album,El Maestro del Acordeón y Sus Polkas,Paulino Bernal,FALSE
2009,Best Polka Album,Back to Back Hall of Fame Polkas,"Walter Ostanek and His Band, Jerry Darlak and the Touch, Bob Kravos and His Band",FALSE
2009,Best Pop Collaboration with Vocals,Rich Woman,"Alison Krauss, Robert Plant",TRUE
2009,Best Pop Collaboration with Vocals,No Air,"Chris Brown, Jordin Sparks Thomas",FALSE
2009,Best Pop Collaboration with Vocals,If I Never See Your Face Again,"Maroon 5, Rihanna",FALSE
2009,Best Pop Instrumental Album,Jingle All the Way,"Bela Fleck, The Flecktones",TRUE
2009,Best Pop Instrumental Album,Sax For Stax,Gerald Albright,FALSE
2009,Best Pop Instrumental Album,A Night Before Christmas,Spyro Gyra,FALSE
2009,Best Pop Instrumental Performance,I Dreamed There Was No War,Eagles,TRUE
2009,Best Pop Instrumental Performance,Blast!,Marcus Miller,FALSE
2009,Best Pop Instrumental Performance,Love Appetite,"Steve Cropper, Felix Cavaliere",FALSE
2009,Best Pop Performance by a Duo or Group with Vocals,Viva la Vida,Coldplay,TRUE
2009,Best Pop Performance by a Duo or Group with Vocals,Going On,Gnarls Barkley,FALSE
2009,Best Pop Performance by a Duo or Group with Vocals,Apologize,OneRepublic,FALSE
2009,Best Pop Vocal Album,Rockferry,Duffy,TRUE
2009,Best Pop Vocal Album,Covers,James Taylor,FALSE
2009,Best Pop Vocal Album,Detours,Sheryl Crow,FALSE
2009,Best Pop/Contemporary Gospel Album,Thy Kingdom Come,"CeCe Winans (artist), Danny Duncan (engineer/mixer)",TRUE
2009,Best Pop/Contemporary Gospel Album,Hello Love,Chris Tomlin,FALSE
2009,Best Pop/Contemporary Gospel Album,This Moment,Steven Curtis Chapman,FALSE
2009,Best R&B Album,Jennifer Hudson,"Jennifer Hudson (artist), Clive Davis (producer), Larry Jackson (producer)",TRUE
2009,Best R&B Album,Motown: A Journey Through Hitsville USA,Boyz II Men,FALSE
2009,Best R&B Album,The Way I See It,Raphael Saadiq,FALSE
2009,Best R&B Performance by a Duo or Group with Vocals,Stay with Me (By the Sea),"Al Green, John Legend",TRUE
2009,Best R&B Performance by a Duo or Group with Vocals,Ribbon in the Sky,Boyz II Men,FALSE
2009,Best R&B Performance by a Duo or Group with Vocals,I'm His Only Woman,"Fantasia Barrino, Jennifer Hudson",FALSE
2009,Best R&B Song,Miss Independent,"Ne-Yo (artist/songwriter), Mikkel Storleer Eriksen (songwriter), Tor Erik Hermansen (songwriter)",TRUE
2009,Best R&B Song,Spotlight,Jennifer Hudson,FALSE
2009,Best R&B Song,Customer,Raheem DeVaughn,FALSE
2009,Best Rap Album,Tha Carter III,Lil' Wayne,TRUE
2009,Best Rap Album,The Cool,Lupe Fiasco,FALSE
2009,Best Rap Album,Paper Trail,T.I.,FALSE
2009,Best Rap Performance by a Duo or Group,Swagga Like Us,"Jay-Z, T.I., Lil' Wayne, Kanye West",TRUE
2009,Best Rap Performance by a Duo or Group,Put On,"Kanye West, Jeezy",FALSE
2009,Best Rap Performance by a Duo or Group,Wish You Would,"Ludacris, T.I.",FALSE
2009,Best Rap Solo Performance,A Milli,Lil' Wayne,TRUE
2009,Best Rap Solo Performance,"Paris, Tokyo",Lupe Fiasco,FALSE
2009,Best Rap Solo Performance,Sexual Eruption,Snoop Dogg,FALSE
2009,Best Rap Song,Lollipop,"Lil' Wayne (artist/songwriter), Stephen Garrett (artist/songwriter), Darius Deezle Harrison (songwriter), Jim Jonsin (songwriter), R. Zamor (songwriter)",TRUE
2009,Best Rap Song,Swagga Like Us,"Jay-Z (artist/songwriter), T.I. (artist/songwriter), Kanye West (artist/songwriter), Lil' Wayne (artist/songwriter), M.I.A. (songwriter), Topper Headon (songwriter), Mick Jones (songwriter), Joe Strummer (songwriter), Diplo (songwriter), Paul Simonon (songwriter)",FALSE
2009,Best Rap Song,Sexual Eruption,"Snoop Dogg (artist/songwriter), S. Lovejoy (songwriter), Shawty Redd (songwriter)",FALSE
2009,Best Rap/Sung Collaboration,American Boy,"Estelle, Kanye West",TRUE
2009,Best Rap/Sung Collaboration,Low,"Flo Rida, T-Pain",FALSE
2009,Best Rap/Sung Collaboration,Superstar,"Lupe Fiasco, Matthew Santos",FALSE
2009,Best Recording Package,Death Magnetic,"Bruce Duckworth (art director), Sarah Moffat (art director), David Turner (art director), Metallica (artist)",TRUE
2009,Best Reggae Album,Jah Is Real,Burning Spear,TRUE
2009,Best Reggae Album,Vibes,Heavy D,FALSE
2009,Best Reggae Album,Intoxication,Shaggy,FALSE
2009,Best Regional Mexican Album,"Amor, Dolor y Lágrimas: Música Ranchera","Nati Cano's Mariachi Los Camperos (artist), Daniel Sheehy (producer), Salvador ""Chava"" Sandoval (engineer)",TRUE
2009,Best Regional Mexican Album,Desde México: Cumbia Cusinela,Huichol Musical,FALSE
2009,Best Regional Mexican Album,A Puro Dolor,Nadia,FALSE
2009,"Best Remixed Recording, Non-Classical",Electric Feel (Justice Remix),"Justice (remixer), MGMT (artist)",TRUE
2009,Best Rock Album,Viva la Vida or Death and All His Friends,"Coldplay (artist), Markus Dravs (producer), Brian Eno (producer), Rik Simpson (producer)",TRUE
2009,Best Rock Album,Only By the Night,Kings of Leon,FALSE
2009,Best Rock Album,Consolers of the Lonely,The Raconteurs,FALSE
2009,Best Rock Instrumental Performance,Peaches En Regalia,"Zappa Plays Zappa, Steve Vai, Napoleon Murphy Brock",TRUE
2009,Best Rock Instrumental Performance,Suicide & Redemption,Metallica,FALSE
2009,Best Rock Instrumental Performance,Hope (Live For The Art Of Peace),Rush,FALSE
2009,Best Rock Song,Girls in Their Summer Clothes,Bruce Springsteen (artist/songwriter),TRUE
2009,Best Rock Song,I Will Possess Your Heart,Death Cab for Cutie,FALSE
2009,Best Rock Song,House of Cards,Radiohead,FALSE
2009,Best Rock Vocal Performance by a Duo or Group,Sex on Fire,Kings of Leon,TRUE
2009,Best Rock Vocal Performance by a Duo or Group,Violet Hill,Coldplay,FALSE
2009,Best Rock Vocal Performance by a Duo or Group,House of Cards,Radiohead,FALSE
2009,Best Rock or Rap Gospel Album,Alive and Transported,"Toby McKeehan (artist/producer), Dave Wyatt (producer)",TRUE
2009,Best Rock or Rap Gospel Album,Our World: Redeemed,Flame,FALSE
2009,Best Rock or Rap Gospel Album,Rock What You Got,Superchick,FALSE
2009,"Best Score Soundtrack Album for Motion Picture, Television or Other Visual Media",The Dark Knight,"James Newton Howard (artist/composer/producer), Hans Zimmer (artist/composer/producer), Lorne Balfe (producer), Alex Gibson (producer)",TRUE
2009,"Best Score Soundtrack Album for Motion Picture, Television or Other Visual Media",Iron Man,Ramin Djawadi,FALSE
2009,"Best Score Soundtrack Album for Motion Picture, Television or Other Visual Media",WALL·E,Thomas Newman,FALSE
2009,Best Short Form Music Video,Pork and Beans,"Weezer (artist), Matthew Cullen (video director), Bernard Rahill (video producer)",TRUE
2009,Best Small Ensemble Performance,Spotless Rose: Hymns To The Virgin Mary,"Blanton Alspaugh (producer), Charles Bruffy (conductor), Phoenix Chorale (ensembles), John Newton (engineer/mixer)",TRUE
2009,Best Solo Rock Vocal Performance,Gravity,John Mayer,TRUE
2009,Best Solo Rock Vocal Performance,Rise,Eddie Vedder,FALSE
2009,Best Solo Rock Vocal Performance,I Saw Her Standing There,Paul McCartney,FALSE
2009,"Best Song Written for Motion Picture, Television or Other Visual Media",Down To Earth,WALL·E,TRUE
2009,"Best Song Written for Motion Picture, Television or Other Visual Media",Ever Ever After,Enchanted,FALSE
2009,"Best Song Written for Motion Picture, Television or Other Visual Media",Walk Hard,Walk Hard: The Dewey Cox Story,FALSE
2009,"Best Southern, Country, or Bluegrass Gospel Album",Lovin' Life,"Gaither Vocal Band (artist/producers), Chad Evans (engineer/mixer), Pete Greene (engineer/mixer)",TRUE
2009,"Best Southern, Country, or Bluegrass Gospel Album",Steps to Heaven,Charlie Louvin,FALSE
2009,"Best Southern, Country, or Bluegrass Gospel Album",Room For More,The Booth Brothers,FALSE
2009,Best Spoken Word Album,An Inconvenient Truth,"Beau Bridges (artist), Cynthia Nixon (artist), Blair Underwood (artist), Elisa Shokoff (producer)",TRUE
2009,Best Spoken Word Album,Life Beyond Measure,Sidney Poitier,FALSE
2009,Best Spoken Word Album,Born Standing Up,Steve Martin,FALSE
2009,Best Spoken Word Album for Children,Yes To Running! Bill Harley Live,"Bill Harley (artist/producer), Daniel P. Dauterive (producer)",TRUE
2009,Best Spoken Word Album for Children,The Big One-Oh,Dean Pitchford,FALSE
2009,Best Spoken Word Album for Children,The Cricket in Times Square,Tony Shalhoub,FALSE
2009,Best Surround Sound Album,Mussorgsky: Pictures At An Exhibition; Night On Bald Mountain; Prelude To Khovanshchina,"Michael Bishop (surround mix engineer/surround mastering engineer), Robert Woods (surround producer), Paavo Järvi (artist), Cincinnati Symphony Orchestra (artist)",TRUE
2009,Best Tejano Album,Viva La Revolucion,"Ruben Ramos & The Mexican Revolution (artist), Randy Caballero (engineer)",TRUE
2009,Best Tejano Album,Music Lessons,Chente Barrera and Taconazo,FALSE
2009,Best Tejano Album,All That Jazz...,Tortilla Factory,FALSE
2009,Best Traditional Blues Album,One Kind Favor,"B.B. King (artist), T Bone Burnett (producer), Mike Piersante (engineer)",TRUE
2009,Best Traditional Blues Album,The Blues Rolls On,Elvin Bishop,FALSE
2009,Best Traditional Blues Album,Pinetop Perkins and Friends,Pinetop Perkins,FALSE
2009,Best Traditional Folk Album,At 89,"Pete Seeger (artist/producer), Jim Musselman (producer), Jonathon Dickau (engineer), David Bernz (producer)",TRUE
2009,Best Traditional Folk Album,Bring Me Home,Peggy Seeger,FALSE
2009,Best Traditional Folk Album,Comedians & Angels,Tom Paxton,FALSE
2009,Best Traditional Gospel Album,Down in New Orleans,"The Blind Boys of Alabama (artist), Chris Goldsmith (producer), Jimmy Hoyson (engineer/mixer)",TRUE
2009,Best Traditional Gospel Album,No Limit,Charles Blake,FALSE
2009,Best Traditional Gospel Album,Take It Back,Dorinda Clark-Cole,FALSE
2009,Best Traditional Pop Vocal Album,Still Unforgettable,"Natalie Cole (artist/producer), Gail Deadrick (producer)",TRUE
2009,Best Traditional Pop Vocal Album,Noël,Josh Groban,FALSE
2009,Best Traditional Pop Vocal Album,Rufus Does Judy at Carnegie Hall,Rufus Wainwright,FALSE
2009,Best Traditional R&B Vocal Performance,You've Got the Love I Need,"Al Green, Anthony Hamilton",TRUE
2009,Best Traditional R&B Vocal Performance,Baby I Know,"Linda Jones, Helen Bruner, Terry Jones",FALSE
2009,Best Traditional R&B Vocal Performance,A Change is Gonna Come,Wayne Brady,FALSE
2009,Best Traditional World Music Album,Ilembe: Honoring Shaka Zulu,"Ladysmith Black Mambazo,",TRUE
2009,Best Traditional World Music Album,Dancing In The Light,Lakshmi Shankar,FALSE
2009,Best Tropical Latin Album,Señor Bachata,"José Feliciano (artist), Marco Hernández (producer), Carlos Alvarez (engineer), Marc Lee (engineer), Nelson Reyneri Jr. (engineer), Dichens Salcedo (engineer), Javier Valverde (engineer)",TRUE
2009,Best Tropical Latin Album,Renacer,DLG,FALSE
2009,Best Tropical Latin Album,Back on the Streets... Taste Of Spanish Harlem Vol. 2,New Swing Sextet,FALSE
2009,Best Urban/Alternative Performance,Be OK,"Chrisette Michele, Will.i.am",TRUE
2009,Best Urban/Alternative Performance,Say Goodbye to Love,Kenna,FALSE
2009,Best Urban/Alternative Performance,Lovin You (Music),"Wayna, Koyaki",FALSE
2009,Best Zydeco or Cajun Music Album,Live at the 2008 New Orleans Jazz & Heritage Festival,"BeauSoleil (artist), Michael Doucet (artist), Woods Drinkwater (engineer), Eli Kelly (engineer)",TRUE
2009,Best Zydeco or Cajun Music Album,From Now On,Michael Doucet,FALSE
2009,Best Zydeco or Cajun Music Album,Live at the 2008 New Orleans Jazz and Heritage Festival,Steve Riley and the Mamou Playboys,FALSE
2009,"Producer of the Year, Classical",David Frost,,TRUE
2009,"Producer of the Year, Non-Classical",Rick Rubin,,TRUE
2009,Record of the Year,Please Read the Letter,"Alison Krauss (artist), Robert Plant (artist), T Bone Burnett (producer), Mike Piersante (engineer/mixer)",TRUE
2009,Record of the Year,Viva la Vida,"Coldplay (artist), Markus Dravs (producer), Brian Eno (producer), Rik Simpson (producer/engineer/mixer), Michael Brauer (engineer/mixer)",FALSE
2009,Record of the Year,Paper Planes,"M.I.A. (artist), Diplo (producer), Switch (engineer/mixer)",FALSE
2009,Song of the Year,Viva la Vida,Coldplay (songwriters),TRUE
2009,Song of the Year,American Boy,"Estelle (songwriter), Kanye West (songwriter), John Legend (songwriter), Joshua Lopez (songwriter), Caleb Speir (songwriter), Will.i.am (songwriter), Darrell Keith Harris (songwriter)",FALSE
2009,Song of the Year,Love Song,Sara Bareilles (songwriter),FALSE
2010,Album of the Year,Fearless (Shared with Engineer/Mixer Chad Carlson).,"Colbie Caillat (Featured Artist), Nathan Chapman (Engineer/Mixer/Producer), Justin Niebank (Engineer/Mixer), Taylor Swift (Artist/Producer), Hank Williams (Mastering Engineer)",TRUE
2010,Best Album Notes,The Complete Louis Armstrong Decca Sessions (1935-1946),Dan Morgenstern (album notes writer),TRUE
2010,Best Alternative Music Album,Wolfgang Amadeus Phoenix.,Phoenix,TRUE
2010,Best Alternative Music Album,The Open Door.,Death Cab for Cutie,FALSE
2010,Best Alternative Music Album,It's Blitz!,Yeah Yeah Yeahs,FALSE
2010,Best Americana Album,Electric Dirt,"Justin Guip (engineer/mixer), Larry Campbell (producer)",TRUE
2010,Best Banda Album,Tu Esclavo Y Amo,Lupillo Rivera (artist),TRUE
2010,Best Bluegrass Album,The Crow : New Songs for the 5 - Sting Banjo,Steve Martin,TRUE
2010,Best Boxed or Special Limited Edition Package,Neil Young Archives Vol. I (1963-1972),"Neil Young (art director), Gary Burden (art director), Jenice Heo (art director)",TRUE
2010,Best Chamber Music Performance,Intimate Letters,"Emerson String Quartet (ensemble), Da-Hong Seetoo (engineer/mixer)",TRUE
2010,Best Choral Performance,Mahler: Symphony No. 8; Adagio From Symphony No. 10,"San Francisco Girls Chorus (artist), Pacific Boychoir (artist), San Francisco Symphony (artist), Erin Wall (artist), Elza van den Heever (artist), Yvonne Naef (artist), James Morris (artist), Quinn Kelsey (artist), Katarina Karnéus (artist), Anthony Dean Griffey (artist), Michael Tilson Thomas (conductor), Peter Laenger (engineer/mixer), Andreas Neubronner (engineer/mixer), Laura Claycomb (artist)",TRUE
2010,Best Classical Album,Mahler: Symphony No. 8; Adagio From Symphony No. 10,"Michael Tilson Thomas (conductor), Andreas Neubronner (producer)",TRUE
2010,Best Classical Contemporary Composition,"Higdon, Jennifer: Percussion Concerto",Jennifer Higdon (composer),TRUE
2010,Best Classical Crossover Album,Yo-Yo Ma & Friends: Songs Of Joy And Peace (Various Artists),"Yo-Yo Ma (artist), Steven Epstein (producer), Richard King engineer/mixer",TRUE
2010,Best Classical Vocal Performance,Verismo Arias,"Orchestra Sinfonica di Milano Giuseppe Verdi (artist), Marco Armiliato (artist), Renée Fleming (soloist), David Frost (producer), Mike Hatch (engineer/mixer), Richard King (engineer/mixer)",TRUE
2010,Best Comedy Album,For the album based on the TV special.,A Colbert Christmas: The Greatest Gift of All!,TRUE
2010,Best Comedy Album,Internet Leaks.,'Weird Al' Yankovic,FALSE
2010,Best Comedy Album,Suckin' It For the Holidays.,Kathy Griffin,FALSE
2010,Best Comedy Album,Back From the Dead.,Spinal Tap,FALSE
2010,"Best Compilation Soundtrack Album for Motion Picture, Television or Other Visual Media",Slumdog Millionaire,,TRUE
2010,"Best Compilation Soundtrack Album for Motion Picture, Television or Other Visual Media",Cadillac Records,,FALSE
2010,"Best Compilation Soundtrack Album for Motion Picture, Television or Other Visual Media",True Blood,,FALSE
2010,Best Contemporary Blues Album,Already Free,"Marty Wall (engineer/mixer), Bobby Tis (engineer/mixer), The Derek Trucks Band (artist), Chris Shaw (engineer/mixer)",TRUE
2010,Best Contemporary Folk Album,Townes,"Ray Kennedy (engineer/mixer), Steve Christensen (engineer/mixer), Steve Earle (producer/artist)",TRUE
2010,Best Contemporary Jazz Album,75,"Wladi Turkewitsch (engineer/mixer), Klaus Genuit (engineer/mixer), Joe Zawinul (artist), The Zawinul Syndicate (artist), Joachim Becker (producer/engineer/mixer)",TRUE
2010,Best Contemporary R&B Album,I Am... Sasha Fierce.,Beyoncé,TRUE
2010,Best Contemporary R&B Album,The Introduction of Marcus Cooper.,Pleasure P.,FALSE
2010,Best Contemporary R&B Album,Ready.,Trey Songz,FALSE
2010,Best Contemporary R&B Gospel Album,Audience Of One,"Bill Whittington (engineer/mixer), Jonathan Crone (engineer/mixer), Heather Headley (artist), Keith Thomas (producer)",TRUE
2010,Best Contemporary World Music Album,"Throw Down Your Heart: Tales From The Acoustic Planet, Vol. 3 - Africa Sessions","Dave Sinko (engineer/mixer), Bela Fleck (producer/artist), Robert Battaglia (engineer/mixer), Wellington Bowler (engineer/mixer)",TRUE
2010,Best Country Album,Fearless.,Taylor Swift,TRUE
2010,Best Country Album,Defying Gravity.,Keith Urban,FALSE
2010,Best Country Album,The Foundation.,Zac Brown Band,FALSE
2010,Best Country Collaboration with Vocals,I Told You So,"Carrie Underwood (artist), Randy Travis (artist)",TRUE
2010,Best Country Instrumental Performance,Producer's Medley,Steve Wariner (artist),TRUE
2010,Best Country Performance by a Duo or Group with Vocals,I Run To You,Lady Antebellum (artist),TRUE
2010,Best Country Song,White Horse,"Liz Rose (Songwriter), Taylor Swift (Songwriter)",TRUE
2010,Best Country Song,I Run to You.,"Tom Douglas (Songwriter), Dave Haywood (Songwriter), Charles Kelley (Songwriter), Hillary Scott (Songwriter)",FALSE
2010,Best Country Vocal Performance by a Duo or Group,I Run to You.,Lady Antebellum,TRUE
2010,Best Country Vocal Performance by a Duo or Group,Here Comes Goodbye.,Rascal Flatts,FALSE
2010,Best Country Vocal Performance by a Duo or Group,Chicken Fried.,Zac Brown Band,FALSE
2010,Best Dance Recording,"Poker Face, also shared with Dave Russell (mixer).","Lady Gaga (artist), RedOne (producer/mixer), Robert Orton (mixer)",TRUE
2010,Best Dance Recording,"When Love Takes Over, also shared with Veronica Ferraro (mixer).","David Guetta (artist/producer), Kelly Rowland (artist), Fred Riesterer (producer)",FALSE
2010,Best Dance Recording,Boom Boom Pow.,"The Black Eyed Peas (artists), Will.i.am (producer), Jean Baptiste (producer), Dj Poet (producer), Dylan Dresdow (mixer)",FALSE
2010,Best Electronic/Dance Album,The Fame.,Lady Gaga,TRUE
2010,Best Electronic/Dance Album,Party Rock.,LMFAO,FALSE
2010,Best Electronic/Dance Album,Divided By Night.,The Crystal Method,FALSE
2010,"Best Engineered Album, Classical",Mahler: Symphony No. 8; Adagio From Symphony No. 10,"Peter Laenger (engineer), Michael Tilson Thomas (artist), San Francisco Symphony (artist)",TRUE
2010,"Best Engineered Album, Non-Classical",Ellipse,Imogen Heap (engineer/artist),TRUE
2010,Best Female Country Vocal Performance,White Horse,Taylor Swift (artist),TRUE
2010,Best Female Pop Vocal Performance,Halo.,Beyoncé,TRUE
2010,Best Female Pop Vocal Performance,Hot n Cold.,Katy Perry,FALSE
2010,Best Female Pop Vocal Performance,You Belong With Me.,Taylor Swift,FALSE
2010,Best Female R&B Vocal Performance,Single Ladies (Put a Ring on It).,Beyoncé,TRUE
2010,Best Female R&B Vocal Performance,That Was Then.,Lalah Hathaway,FALSE
2010,Best Female R&B Vocal Performance,It Kills Me.,Melanie Fiona,FALSE
2010,Best Gospel Performance,Wait On The Lord,"Donnie McClurkin (artist), Karen Clark Sheard (artist)",TRUE
2010,Best Gospel Song,God In Me,"Kierra 'Kiki' Sheard (artist), Mary Mary (artist), Warryn Campbell (songwriter), Erica Campbell (songwriter), Trecina Campbell (songwriter)",TRUE
2010,Best Hard Rock Performance,War Machine.,AC/DC,TRUE
2010,Best Hard Rock Performance,What I've Done (Live).,Linkin Park,FALSE
2010,Best Hard Rock Performance,Burn It To the Ground.,Nickelback,FALSE
2010,Best Hawaiian Music Album,"Masters Of Hawaiian Slack Key Guitar, Volume 2 (Various Artists)","Sterling Seaton (engineer/mixer), Daniel Ho (engineer/mixer), Peter Deaquino (engineer/mixer)",TRUE
2010,Best Historical Album,The Complete Chess Masters (1950-1967),"Little Walter (artist), Erick Labson (mastering engineer), Andy McKaie (compilation producer)",TRUE
2010,Best Improvised Jazz Solo,Dancin' 4 Chicken,Terence Blanchard (soloist),TRUE
2010,Best Instrumental Arrangement,West Side Story Medley,Bill Cunliffe (arranger),TRUE
2010,Best Instrumental Arrangement Accompanying Vocalist(s),Quiet Nights,Klaus Ogermann (composer),TRUE
2010,Best Instrumental Composition,Married Life,Michael Giacchino (composer),TRUE
2010,Best Instrumental Soloist Performance (without orchestra),Journey To The New World,"Sharon Isbin (soloist), David Frost (producer), Tom Lazarus (engineer/mixer), Tim Martyn (engineer/mixer)",TRUE
2010,Best Instrumental Soloist(s) Performance (with orchestra),Prokofiev: Piano Concertos Nos. 2 & 3,"The Philharmonia Orchestra (artist), Jonathan Stokes (engineer/mixer), Tim Martyn (engineer/mixer), Neil Hutchinson (engineer/mixer), Jay David Saks (producer), Evgeny Kissin (producer)",TRUE
2010,"Best Jazz Instrumental Album, Individual or Group",Five Peace Band - Live,"Brian Vibberts (engineer/mixer), Buck Snow (engineer/mixer), Sven Hofmann (engineer/mixer), Chick Corea (artist), John McLaughlin Five Peace Band (artist), Bernie Kirsch (engineer/mixer)",TRUE
2010,Best Jazz Vocal Album,Dedicated To You: Kurt Elling Sings The Music Of Coltrane And Hartman,"Dave O'Donnell (engineer/mixer), Rob Macomber (engineer/mixer), Laurence Hobgood (producer), Kurt Elling (artist/producer)",TRUE
2010,Best Large Jazz Ensemble Album,Book One,"New Orleans Jazz Orchestra (artist), Masanori Yusa (engineer/mixer)",TRUE
2010,Best Latin Jazz Album,Juntos Para Siempre,"Jose Loeches (engineer/mixer), Javier Limón (engineer/mixer), Fernando Trueba producer, Bebo Valdés (artist), Chucho Valdés (artist), Nat Chediak producer",TRUE
2010,Best Latin Pop Album,Sin Frenos,"Pepe Ortega (engineer/mixer), Juan Carlos Moguel (engineer/mixer), Armando Ávila (producer/engineer/mixer), La Quinta Estación (artist)",TRUE
2010,"Best Latin Rock, Alternative or Urban Album",Los De Atras Vienen Conmigo,"Carlos Velázquez (engineer/mixer), Edgardo Matta (engineer/mixer), Ramón Martínez (engineer/mixer), Calle 13 (producer/artist), Rafael Arcante (producer), Iván Gutiérrez (engineer/mixer)",TRUE
2010,Best Long Form Music Video,All Together Now,"Adrian Wills (video director), Martin Bolduc (video producer), Jonathan Clyde (video producer)",TRUE
2010,Best Long Form Music Video,Chris Botti in Boston,"Chris Botti, Jim Gable (video director), Bobby Colomby (video producer)",FALSE
2010,Best Long Form Music Video,"Keith Urban: Love, Pain & the Whole Crazy World Tour","Keith Urban, Chris Hicky (video director), Blake Morrison (video producer)",FALSE
2010,Best Male Country Vocal Performance,Sweet Thing,Keith Urban (artist),TRUE
2010,Best Male Pop Vocal Performance,Make It Mine.,Jason Mraz,TRUE
2010,Best Male Pop Vocal Performance,Love You.,Maxwell,FALSE
2010,Best Male Pop Vocal Performance,All About the Love Again.,Stevie Wonder,FALSE
2010,Best Male R&B Vocal Performance,Pretty Wings,Maxwell (artist),TRUE
2010,Best Metal Performance,Dissident Aggressor,Judas Priest (artist),TRUE
2010,Best Musical Album for Children,Family Time,"Ziggy Marley (producer/artist), Don Was (producer)",TRUE
2010,Best Musical Show Album,Best Musical Show Album,"Josefina Scaglione (artist), Matt Cavenaugh (artist), Todd Whitelock (engineer/mixer), David Lai (producer), David Caddick (producer)",TRUE
2010,Best Native American Music Album,Spirit Wind North,"Mike von Muchow (producer), Bill Miller (producer/artist)",TRUE
2010,Best New Age Album,Prayer For Compassion,"David Darling (producer/engineer/mixer), Mickey Houlihan (producer/engineer/mixer)",TRUE
2010,Best New Artist,Zac Brown Band,,TRUE
2010,Best New Artist,MGMT,,FALSE
2010,Best New Artist,The Ting Tings,,FALSE
2010,Best Norteño Album,Tu Noche Con...Los Tigres Del Norte,"Los Tigres del Norte (artist/producer), Joseph Pope (engineer/mixer), Alfonso Ródenas (engineer/mixer)",TRUE
2010,Best Opera Recording,Britten: Billy Budd,"Jonathan Stokes (engineer/mixer), Neil Hutchinson (engineer/mixer), Daniel Harding (conductor), John Fraser (producer), Ian Bostridge (soloist), Neal Davies (soloist), Nathan Gunn (soloist), Jonathan Lemalu (soloist), Matthew Rose (soloist)",TRUE
2010,Best Orchestral Performance,Ravel: Daphnis Et Chloé,"Boston Symphony Orchestra (artist), Marc Donahue (engineer), Dirk Sobotka (engineer/mixer), James Levine (conductor), Elizabeth Ostrow (producer), Jesse Lewis (engineer/mixer), John Newton (engineer/mixer)",TRUE
2010,Best Pop Collaboration with Vocals,Lucky.,"Colbie Caillat, Jason Mraz",TRUE
2010,Best Pop Collaboration with Vocals,Breathe.,"Colbie Caillat, Taylor Swift",FALSE
2010,Best Pop Collaboration with Vocals,Sea of Heartbreak.,"Rosanne Cash, Bruce Springsteen",FALSE
2010,Best Pop Instrumental Album,Potato Hole,"Booker T. Jones (producer/artist), Rob Schnapf (producer/engineer/mixer), Doug Boehm (engineer/mixer)",TRUE
2010,Best Pop Instrumental Performance,Throw Down Your Heart,Bela Fleck (artist),TRUE
2010,Best Pop Performance By A Duo Or Group With Vocals,I Gotta Feeling.,The Black Eyed Peas,TRUE
2010,Best Pop Performance By A Duo Or Group With Vocals,Sara Smile.,"Daryl Hall, John Oates",FALSE
2010,Best Pop Performance By A Duo Or Group With Vocals,Never Say Never.,The Fray,FALSE
2010,Best Pop Vocal Album,The E.N.D.,The Black Eyed Peas,TRUE
2010,Best Pop Vocal Album,All I Ever Wanted.,Kelly Clarkson,FALSE
2010,Best Pop Vocal Album,The Fray.,The Fray,FALSE
2010,Best Pop/Contemporary Gospel Album,The Power Of One,"Israel Houghton (producer), Aaron Lindsey (producer), Tommy Sims (producer/engineer/mixer), Danny Duncan (engineer/mixer)",TRUE
2010,Best R&B Album,Blacksummers' Night.,Maxwell,TRUE
2010,Best R&B Album,Uncle Charlie.,Charlie Wilson,FALSE
2010,Best R&B Album,Turn Me Loose.,Ledisi Young,FALSE
2010,Best R&B Performance by a Duo or Group with Vocals,Blame It,"Jamie Foxx (artist), T-Pain (artist)",TRUE
2010,Best R&B Song,Single Ladies (Put a Ring on It).,"Beyoncé (Songwriter), Kuk Harrell (Songwriter), The-Dream (Songwriter), Christopher Stewart (Songwriter)",TRUE
2010,Best R&B Vocal Performance - Male,Pretty Wings.,Maxwell,TRUE
2010,Best R&B Vocal Performance - Male,There Goes My Baby.,Charlie Wilson,FALSE
2010,Best R&B Vocal Performance - Male,Under.,Pleasure P.,FALSE
2010,Best R&B Vocal Performance by a Duo or Group,Blame It.,"Jamie Foxx, T-Pain",TRUE
2010,Best R&B Vocal Performance by a Duo or Group,Chocolate High.,"India Arie, Musiq",FALSE
2010,Best R&B Vocal Performance by a Duo or Group,Higher Ground.,"Robert Randolph, The Clark Sisters",FALSE
2010,Best Rap Album,Relapse.,Eminem,TRUE
2010,Best Rap Album,R.O.O.T.S (Route of Overcoming the Struggle).,Flo Rida,FALSE
2010,Best Rap Album,The Ecstatic.,Yasiin Bey,FALSE
2010,Best Rap Performance by a Duo or Group,Crack a Bottle.,"50 Cent, Dr. Dre, Eminem",TRUE
2010,Best Rap Performance by a Duo or Group,Make Her Say.,"Common, Kid Cudi, Kanye West",FALSE
2010,Best Rap Performance by a Duo or Group,Amazing.,"Jeezy, Kanye West",FALSE
2010,Best Rap Solo Performance,D.O.A (Death of Autotune).,Jay-Z,TRUE
2010,Best Rap Solo Performance,Day 'N' Nite.,,FALSE
2010,Best Rap Solo Performance,Best I Ever Had.,,FALSE
2010,Best Rap Song,Run This Town.,"Jeff Bhasker (Songwriter), Jay-Z (Songwriter), Rihanna (Songwriter), Kanye West (Songwriter), No I.D. (Songwriter)",TRUE
2010,Best Rap Song,Day N Nite.,"Dot Da Genius (Songwriter), Kid Cudi (Songwriter)",FALSE
2010,Best Rap Song,Dead and Gone (Shared with songwriter Robin Tadross).,"T.I. (Songwriter), Justin Timberlake (Songwriter)",FALSE
2010,Best Rap/Sung Collaboration,Run This Town.,"Jay-Z, Rihanna, Kanye West",TRUE
2010,Best Rap/Sung Collaboration,Dead and Gone.,"Justin Timberlake, T.I.",FALSE
2010,Best Rap/Sung Collaboration,I'm On a Boat.,"The Lonely Island, T-Pain",FALSE
2010,Best Recording Package,Everything That Happens Will Happen Today,"David Byrne (artist), Stefan Sagmeister (art director), Brian Eno (artist)",TRUE
2010,Best Regional Mexican Album,Necesito De Ti,"Sabas Sánchez (engineer/mixer), Manuel Salazar (engineer/mixer), Vicente Fernández (artist), Manuel Cázares (producer), Gustavo Borner (engineer/mixer), Óscar Iglesias (engineer/mixer)",TRUE
2010,"Best Remixed Recording, Non-Classical",When Love Takes Over (Electro Extended Remix),"David Guetta (remixer/artist), Kelly Rowland (artist)",TRUE
2010,Best Rock Album,21st Century Breakdown.,Green Day,TRUE
2010,Best Rock Album,Big Whiskey & the GrooGrux King.,Dave Matthews Band,FALSE
2010,Best Rock Album,No Line On the Horizon.,U2,FALSE
2010,Best Rock Instrumental Performance,A Day In The Life,Jeff Beck (artist),TRUE
2010,Best Rock Performance by a Duo or Group with Vocals,Use Somebody,Kings of Leon (artist),TRUE
2010,Best Rock Song,Use Somebody,"Kings of Leon (artist), Nathan Followill (songwriter), Caleb Followill (songwriter), Jared Followill (songwriter), Matthew Followill (songwriter)",TRUE
2010,Best Rock or Rap Gospel Album,Live Revelations,"Don McCollister (engineer/mixer), David Jaques (engineer/mixer), Chris Briggs (engineer/mixer), Third Day (producer)",TRUE
2010,"Best Score Soundtrack Album for Motion Picture, Television or Other Visual Media",Up,Michael Giacchino,TRUE
2010,"Best Score Soundtrack Album for Motion Picture, Television or Other Visual Media",Milk,Danny Elfman,FALSE
2010,"Best Score Soundtrack Album for Motion Picture, Television or Other Visual Media",(Disc 1).,The Curious Case of Benjamin Button,FALSE
2010,Best Short Form Music Video,Boom Boom Pow,"Patrick Nugent (video producer), Anna Joseph (video producer), The Black Eyed Peas (artist), Mathew Cullen (video director), Mark Kudsi (video director), Javier Jiménez (video producer)",TRUE
2010,Best Short Form Music Video,Depeche Mode: Wrong,"Jonathan Lia (Producer), Patrick Daughters (Director)",FALSE
2010,Best Small Ensemble Performance,"Lang, David: The Little Match Girl Passion","Robina G. Young (producer), Paul Hillier (conductor), Ars Nova Copenhagen (ensemble), Theatre of Voices (ensemble), Brad Michel (engineer/mixer)",TRUE
2010,Best Solo Rock Vocal Performance,Working On A Dream.,Bruce Springsteen,TRUE
2010,Best Solo Rock Vocal Performance,Change in the Weather.,John Fogerty,FALSE
2010,Best Solo Rock Vocal Performance,Dreamer.,Prince,FALSE
2010,"Best Song Written for Motion Picture, Television or Other Visual Media",Jai Ho.,Slumdog Millionaire,TRUE
2010,"Best Song Written for Motion Picture, Television or Other Visual Media",The Climb.,Hannah Montana: The Movie,FALSE
2010,"Best Song Written for Motion Picture, Television or Other Visual Media",Decode.,Twilight,FALSE
2010,"Best Southern, Country, or Bluegrass Gospel Album",Jason Crabb,"Ben Fowler (engineer/mixer), Jason Crabb (artist), Paul Corley (engineer/mixer)",TRUE
2010,Best Spoken Word Album,Always Looking Up.,Michael J. Fox,TRUE
2010,"Best Spoken Word Album (includes poetry, audio books & story telling)",Always Looking Up,"Lance Neal (engineer/mixer), Zane Birdwell (engineer/mixer), Michael J. Fox (artist), Paul Ruben (producer)",TRUE
2010,Best Spoken Word Album for Children,"Aaaaah! Spooky, Scary Stories & Songs","Buck Howdy (producer), Steve Wetherbee (engineer/mixer)",TRUE
2010,Best Surround Sound Album,Transmigration,"Atlanta Symphony Orchestra (artist), Atlanta Symphony Chorus (artist), Robert Spano (artist), Michael Bishop (surround mix engineer/surround mastering engineer), Elaine Martone (surround producer)",TRUE
2010,Best Tejano Album,Borders Y Bailes,"Joe Treviño (engineer/mixer), Los Texmaniacs (artist), Dan Sheehy (producer), Pete Reiniger (engineer/mixer)",TRUE
2010,Best Traditional Blues Album,A Stranger Here,"Ryan Freeland (engineer/mixer), Ramblin' Jack Elliott (artist), Joe Henry (producer)",TRUE
2010,Best Traditional Folk Album,High Wide & Handsome: The Charlie Poole Project,"Alex Venguer (engineer/mixer), Loudon Wainwright III (artist), Dick Connette (producer), Scott Lehrer (engineer/mixer)",TRUE
2010,Best Traditional Gospel Album,Oh Happy Day (Various Artists),,TRUE
2010,Best Traditional Pop Vocal Album,Michael Bublé Meets Madison Square Garden,"Michael Bublé (artist), Humberto Gatica (producer/engineer/mixer)",TRUE
2010,Best Traditional R&B Performance,At Last.,Beyoncé,TRUE
2010,Best Traditional R&B Performance,Soul Music.,Anthony Hamilton,FALSE
2010,Best Traditional R&B Performance,Woman Gotta Have It.,Calvin Richardson,FALSE
2010,Best Traditional R&B Vocal Performance,At Last,Beyoncé (artist),TRUE
2010,Best Traditional World Music Album,Douga Mansa,"Mamadou Diabate (producer), Mamadou Diabate (producer/artist)",TRUE
2010,Best Tropical Latin Album,Ciclos,"Carlos Alvarez (engineer/mixer), Luis Enrique (artist), Sergio George (producer), Juan Mario Aracil (engineer/mixer)",TRUE
2010,Best Urban/Alternative Performance,Pearls.,"India Arie, Dobet Gnahoré",TRUE
2010,Best Zydeco or Cajun Music Album,Lay Your Burden Down,"David Farrell (engineer/mixer), Buckwheat Zydeco (artist), Steven Maxwell (producer)",TRUE
2010,Producer of the Year (Non-Classical),Brendan O'Brien,,TRUE
2010,Producer of the Year (Non-Classical),Larry Klein,,FALSE
2010,"Producer of the Year, Classical",Steven Epstein (producer),,TRUE
2010,"Producer of the Year, Non-Classical",Brendan O'Brien,,TRUE
2010,Record of the Year,Use Somebody.,"Jacquire King (Engineer/Mixer/Producer), Kings of Leon (Artist), Angelo Petraglia (Engineer/Mixer)",TRUE
2010,Record of the Year,Poker Face (Shared with Engineer/Mixer Dave Russell).,"Lady Gaga (Artist/Producer), RedOne (Engineer/Mixer/Producer), Robert Orton (Engineer/Mixer)",FALSE
2010,Record of the Year,I Gotta Feeling (Shared with Engineer/Mixer Padriac Padlock Kerin).,"The Black Eyed Peas (Artist), Dylan Dresdow (Engineer/Mixer), David Guetta (Producer), Will.i.am (Engineer/Mixer), Fred Riesterer (Producer)",FALSE
2010,Song of the Year,Single Ladies (Put a Ring on It).,"Beyoncé (Songwriter), The-Dream (Songwriter), Christopher Stewart (Songwriter), Kuk Harrell (Songwriter)",TRUE
2010,Song of the Year,Poker Face.,"Lady Gaga, RedOne",FALSE
2010,Song of the Year,Pretty Wings (Songwriters: Hod David and Musze).,,FALSE
2010,Best Musical Theater Album,"9 To 5: The Musical (nominated as album producer, show composer, show lyricist).","Dolly Parton, Alex Lacamoire, Stephen Oremus",FALSE
2011,Album of the Year,The Suburbs.,"Arcade Fire (Artist/Producers), Markus Dravs (Producer), Mark Lawson (Mastering Engineer/Mixer), Craig Silvey (Engineer/Mixer)",TRUE
2011,Album of the Year,"The Fame Monster (Shared with Engineer/Mixers Jonas Wetling, Hisashi Mizoguchi, Christian Delano, Paul Foley and Mike Donaldson and Mastering Engineer Gene Grimaldi).","Lady Gaga (Artist/Producer), Beyoncé (Featured Artist), Ron Fair (Producer), Fernando Garibay (Producer), Tal Herzberg (Producer), RedOne (Producer/Engineer/Mixer), Rodney Jerkins (Producer/Engineer/Mixer), Teddy Riley (Producer/Engineer/Mixer), Space Cowboy (Producer/Engineer/Mixer), Victor Alexander (Engineer/Mixer), Eelco Bakker (Engineer/Mixer), Robert Orton (Engineer/Mixer), Dan Parry (Engineer/Mixer), Jack Joseph Puig (Engineer/Mixer), Dave Russell (Engineer/Mixer), Johnny Severin (Engineer/Mixer), Mark Stent (Engineer/Mixer), Frank Wolf (Engineer/Mixer)",FALSE
2011,Best Album Notes,Keep An Eye On The Sky,Robert Gordon (album notes writer),TRUE
2011,Best Alternative Music Album,Brothers.,The Black Keys,TRUE
2011,Best Alternative Music Album,Infinite Arms.,Band of Horses,FALSE
2011,Best Alternative Music Album,Contra.,Vampire Weekend,FALSE
2011,Best Americana Album,You Are Not Alone,"Tom Schick (engineer/mixer), Mavis Staples (artist), Jeff Tweedy (producer)",TRUE
2011,Best Banda Album,Enamórate De Mí,"El Güero Y Su Banda Centanario (artist), Ramon Gonzalez Mora (producer), Michael Esparza (engineer/mixer), Rafael Guevara (engineer/mixer), Abelardo Rivera (engineer/mixer)",TRUE
2011,Best Bluegrass Album,Mountain Soul II,"Patty Loveless (artist), Emory Gordy Jr. (producer), Drew Bollman (engineer/mixer), George Massenburg (engineer/mixer)",TRUE
2011,Best Boxed or Special Limited Edition Package,Under Great White Northern Lights (Limited Edition Box Set),"The White Stripes (artist), Rob Jones (art director), Jack White (art director)",TRUE
2011,Best Chamber Music Performance,Ligeti: String Quartets Nos. 1 & 2,"Parker Quartet (ensemble), Norbert Kraft (producer/engineer/mixer), Bonnie Silver (producer)",TRUE
2011,Best Choral Performance,Verdi: Requiem,"Chicago Symphony Orchestra (artist), Olga Borodina (artist), Mario Zeffiri (artist), Ildar Abdrazakov (artist), Barbara Frittoli (artist), Christopher Willis (engineer/mixer), Duain Wolfe (chorus master), Riccardo Muti (conductor), Christopher Alder (producer), David Frost (engineer/mixer), Tom Lazarus (engineer/mixer)",TRUE
2011,Best Classical Album,Verdi: Requiem,"Duain Wolfe (chorus master), Riccardo Muti (conductor), Christopher Alder (producer)",TRUE
2011,Best Classical Contemporary Composition,"Daugherty, Michael: Deus Ex Machina",Michael Daugherty (composer),TRUE
2011,Best Classical Crossover Album,Calling All Dawns,Christopher Tin,TRUE
2011,Best Classical Vocal Performance,Sacrificium,"Il Giardino Armonico (artist), Giovanni Antonini (artist), Philip Siney (engineer/mixer), Cecilia Bartoli (soloist), Arend Prohmann (producer)",TRUE
2011,Best Comedy Album,Stark Raving Black,Louis C.K.: Hilarious,TRUE
2011,Best Comedy Album,Kathy Griffin: Kathy Griffin Does the Bible Belt,Kathy Griffin,FALSE
2011,"Best Compilation Soundtrack Album for Motion Picture, Television or Other Visual Media","The Music, Volume 1.",Crazy Heart,TRUE
2011,"Best Compilation Soundtrack Album for Motion Picture, Television or Other Visual Media",The Twilight Saga: Eclipse,,FALSE
2011,"Best Compilation Soundtrack Album for Motion Picture, Television or Other Visual Media",Volume 2.,True Blood,FALSE
2011,Best Contemporary Blues Album,Living Proof,"Buddy Guy (artist), Tom Hambridge (producer/engineer/mixer), Ducky Carlisle (engineer/mixer), Vance Powell (engineer/mixer)",TRUE
2011,Best Contemporary Folk Album,God Willin' & The Creek Don't Rise,"Ryan Freeland (engineer/mixer), Ray LaMontagne (artist), The Pariah Dogs (artist)",TRUE
2011,Best Contemporary Jazz Album,The Stanley Clarke Band,"Gerry Brown (engineer/mixer), Lenny White (producer), The Stanley Clarke Band (artist)",TRUE
2011,Best Contemporary R&B Album,Raymond v. Raymond.,Usher Raymond,TRUE
2011,Best Contemporary R&B Album,The ArchAndroid.,Janelle Monáe,FALSE
2011,Best Contemporary R&B Album,Transition.,Ryan Leslie,FALSE
2011,Best Contemporary R&B Gospel Album,Still,"BeBe Winans (producer), CeCe Winans (artist/producer), Bebe (artist/producer), Ron Gillyard (producer)",TRUE
2011,Best Contemporary World Music Album,"Throw Down Your Heart , Africa Sessions Part 2: Unreleased Tracks","Bela Fleck (producer/artist), Wellington Bowler (engineer/mixer), Dave Sinko (engineer/mixer)",TRUE
2011,Best Country Album,Need You Now.,Lady Antebellum,TRUE
2011,Best Country Album,The Guitar Song.,Jamey Johnson,FALSE
2011,Best Country Album,You Get What You Give.,Zac Brown Band,FALSE
2011,Best Country Collaboration with Vocals,As She's Walking Away,"Zac Brown Band (artist), Alan Jackson (artist)",TRUE
2011,Best Country Instrumental Performance,Hummingbyrd,Marty Stuart (artist),TRUE
2011,Best Country Performance by a Duo or Group with Vocals,Need You Now,Lady Antebellum (artist),TRUE
2011,Best Country Song,Need You Now.,"Hillary Scott (Songwriter), Josh Kear (Songwriter), Dave Haywood (Songwriter), Charles Kelley (Songwriter)",TRUE
2011,Best Country Song,I'd Love to Be Your Last.,"Rivers Rutherford (Songwriter), Annie Tate (Songwriter), Sam Tate (Songwriter)",FALSE
2011,Best Country Song,Free.,Zac Brown (Songwriter),FALSE
2011,Best Country Vocal Performance - Female,The House That Built Me.,Miranda Lambert,TRUE
2011,Best Country Vocal Performance - Female,I'd Love to Be Your Last.,Gretchen Wilson,FALSE
2011,Best Country Vocal Performance - Female,Swingin'.,LeAnn Rimes,FALSE
2011,Best Country Vocal Performance - Male,'Til Summer Comes Around.,Keith Urban,TRUE
2011,Best Country Vocal Performance - Male,Turning Home.,David Nail,FALSE
2011,Best Country Vocal Performance - Male,Cryin' For Me (Wayman's Song).,Toby Keith,FALSE
2011,Best Country Vocal Performance by a Duo or Group,Need You Now.,Lady Antebellum,TRUE
2011,Best Country Vocal Performance by a Duo or Group,Little White Church.,Little Big Town,FALSE
2011,Best Country Vocal Performance by a Duo or Group,Free.,Zac Brown Band,FALSE
2011,Best Dance Recording,Only Girl (In the World).,"Rihanna (Artist), Crystal Nicole Johnson (Producer), Sandy Vee (Producer/Mixer), Mikkel Storleer Eriksen (Producer/Mixer), Tor Erik Hermansen (Producer/Mixer)",TRUE
2011,Best Dance Recording,In For the Kill.,"La Roux (Artist), Ben Langmaid (Producer), Elly Jackson (Producer), Serban Ghenea (Mixer), John Hanes (Mixer)",FALSE
2011,Best Dance Recording,Dancing On My Own.,"Patrik Berger (Producer), Robyn Carlsson (Artist/Producer), Niklas Flyckt (Mixer)",FALSE
2011,Best Electronic/Dance Album,La Roux.,La Roux,TRUE
2011,Best Electronic/Dance Album,Head First.,Goldfrapp,FALSE
2011,Best Electronic/Dance Album,Further.,The Chemical Brothers,FALSE
2011,"Best Engineered Album, Classical",Daugherty: Metropolis Symphony; Deus Ex Machina,"Nashville Symphony (artist), Giancarlo Guerrero (artist), Marc Donahue (engineer), John Hill (engineer), Dirk Sobotka (engineer)",TRUE
2011,"Best Engineered Album, Non-Classical",Battle Studies,"John Mayer (artist), Manny Marroquin (engineer), Michael Brauer (engineer), Joe Ferla (engineer), Chad Franscoviak (engineer)",TRUE
2011,Best Female Country Vocal Performance,The House That Built Me,Miranda Lambert (artist),TRUE
2011,Best Female Pop Vocal Performance,Bad Romance.,Lady Gaga,TRUE
2011,Best Female Pop Vocal Performance,Teenage Dream.,Katy Perry,FALSE
2011,Best Female Pop Vocal Performance,King of Anything.,Sara Bareilles,FALSE
2011,Best Female R&B Vocal Performance,Bittersweet,Fantasia Barrino (artist),TRUE
2011,Best Gospel Performance,Grace,"Bebe (artist), CeCe Winans (artist)",TRUE
2011,Best Gospel Song,It's What I Do,"Lalah Hathaway (artist), Jerry Peters (songwriter), Kirk Whalum (songwriter/artist)",TRUE
2011,Best Hard Rock Performance,New Fang.,Them Crooked Vultures,TRUE
2011,Best Hard Rock Performance,Let Me Hear You Scream.,Ozzy Osbourne,FALSE
2011,Best Hard Rock Performance,Between the Lines.,Stone Temple Pilots,FALSE
2011,Best Hawaiian Music Album,Huana Ke Aloha,"Amy Kuleialoha Stillman (producer), Tia Carrere (artist), Daniel Ho (producer/engineer/mixer)",TRUE
2011,Best Historical Album,The Beatles (The Original Studio Recordings),"The Beatles (artist), Jeffrey Jones (compilation producer), Allan Rouse (compilation producer), Paul Hicks (mastering engineer), Sean Magee (mastering engineer), Guy Massey (mastering engineer), Sam Okell (mastering engineer), Steve Rooke (mastering engineer)",TRUE
2011,Best Improvised Jazz Solo,A Change Is Gonna Come,Herbie Hancock (soloist),TRUE
2011,Best Instrumental Arrangement,Carlos,Vincent Mendoza (arranger),TRUE
2011,Best Instrumental Arrangement with Accompanying Vocals,Baba Yetu,Christopher Tin,TRUE
2011,Best Instrumental Composition,The Path Among The Trees,Billy Childs (composer),TRUE
2011,Best Instrumental Soloist Performance (without orchestra),Messiaen: Livre Du Saint-Sacrement,"Stephen Roessner (engineer/mixer), Daniel Sullivan (producer), Paul Jacobs (soloist), Isabelle Demers (producer)",TRUE
2011,Best Instrumental Soloist(s) Performance (with orchestra),Mozart: Piano Concertos Nos. 23 & 24,"The Cleveland Orchestra (artist), Mitsuko Uchida (artist), Everett Porter (producer), Brad Michel (engineer/mixer)",TRUE
2011,"Best Jazz Instrumental Album, Individual or Group",Moody 4B,"Jonathan Rosenberg (engineer/mixer), James Moody (artist), Michael Patterson (producer)",TRUE
2011,Best Jazz Vocal Album,Eleanora Fagan (1915-1959): To Billie With Love From Dee Dee,"Al Schmitt (engineer/mixer), Dee Dee Bridgewater (artist/producer)",TRUE
2011,Best Large Jazz Ensemble Album,Mingus Big Band Live At Jazz Standard,"Tom Swift (engineer/mixer), Duke Markos (engineer/mixer), Mingus Big Band (artist), Seth Abramson (producer)",TRUE
2011,Best Latin Jazz Album,,"Orestes Ávila (engineer/mixer), Chucho Valdés (artist), The Afro-Cuban Messengers (artist)",TRUE
2011,Best Latin Pop Album,Paraiso Express,"Dan Warner (engineer/mixer), Andrés Saavedrá (engineer/mixer), Lee Levin (engineer/mixer), Alejandro Sanz (artist), Tomas Torres (producer), Bob Clearmountain (engineer/mixer)",TRUE
2011,"Best Latin Rock, Alternative or Urban Album",El Existential,"Grupo Fantasma (artist/engineer/mixer), Brendan Bourke (engineer/mixer)",TRUE
2011,Best Long Form Music Video,When You're Strange,"Tom DiCillo (video director), John Beug (video producer), Jeff Jampol (video producer), Peter Jankowski (video producer), Dick Wolf (video producer)",TRUE
2011,Best Long Form Music Video,Rush: Beyond the Lighted Stage,"Rush, Sam Dunn (video director/video producer), Scot McFadyen (video director/video producer)",FALSE
2011,Best Long Form Music Video,The White Stripes Under Great White Northern Lights,"The White Stripes, Emmett Malloy (video director), Ian Montone (video producer), Mike Sarkissian (video producer)",FALSE
2011,Best Male Country Vocal Performance,'Til Summer Comes Around,Keith Urban (artist),TRUE
2011,Best Male Pop Vocal Performance,Just the Way You Are.,Bruno Mars,TRUE
2011,Best Male Pop Vocal Performance,Half of My Heart.,John Mayer,FALSE
2011,Best Male Pop Vocal Performance,This Is It (Posthumously).,Michael Jackson,FALSE
2011,Best Male R&B Vocal Performance,There Goes My Baby,Usher Raymond (artist),TRUE
2011,Best Metal Performance,El Dorado,Iron Maiden (artist),TRUE
2011,Best Musical Album for Children,Tomorrow's Children,"David Bernz (producer), Daniel Einbender (producer), Pete Seeger (artist), Travis Jeffery (producer)",TRUE
2011,Best Musical Show Album,American Idiot - Featuring Green Day,"Billie Joe Armstrong (producer), Chris Dugan (engineer/mixer), Chris Lord-Alge (engineer/mixer)",TRUE
2011,Best Native American Music Album,2010 Gathering Of Nations Pow Wow: A Spirit's Dance (Various Artists),"Derek Mathews (producer), Lita Mathews (producer), Evren Goknar (engineer/mixer), Melonie Mathews (producer)",TRUE
2011,Best New Age Album,Miho: Journey To The Mountain,"Akira Kato (engineer/mixer), Dixon Van Winkle (producer/engineer/mixer), Paul Winter Consort (artist)",TRUE
2011,Best New Artist,Esperanza Spalding,,TRUE
2011,Best New Artist,Florence and the Machine,,FALSE
2011,Best New Artist,Mumford & Sons,,FALSE
2011,Best Norteño Album,Classic,"Alejandro Gulmar (engineer/mixer), Oscar González (engineer/mixer), Marco Gamboa (engineer/mixer), Ramón Ayala (producer), Edgar Cavazos (engineer/mixer), Intocable (artist), Chuy Flores (engineer/mixer)",TRUE
2011,Best Opera Recording,Saariaho: L'Amour De Loin,"Deutsches Symphonie-Orchester Berlin (artist), Rundfunkchor Berlin (artist), Tobias Lehmann (engineer/mixer), Marie-Ange Todorovitch (soloist), Kent Nagano (conductor), Martin Sauer (producer), Daniel Belcher (soloist), Ekaterina Lekhina (soloist)",TRUE
2011,Best Orchestral Performance,Daugherty: Metropolis Symphony; Deus Ex Machina,"Nashville Symphony (artist), Dirk Sobotka (engineer/mixer), Giancarlo Guerrero (conductor), Blanton Alspaugh (producer), Marc Donahue (engineer/mixer), John Hill (engineer/mixer)",TRUE
2011,Best Pop Collaboration with Vocals,Imagine (Also featuring Konono N°1).,"India Arie, Jeff Beck, Herbie Hancock, Pink, Oumou Sangare, Seal",TRUE
2011,Best Pop Collaboration with Vocals,If It Wasn't For Bad.,"Elton John, Leon Russell",FALSE
2011,Best Pop Collaboration with Vocals,California Gurls.,"Snoop Dogg, Katy Perry",FALSE
2011,Best Pop Instrumental Album,Take Your Pick,"Nick Sparks (engineer/mixer), Hiroyuki Kobayashi (engineer/mixer), Tak Matsumoto (artist/producer), Larry Carlton (artist/producer)",TRUE
2011,Best Pop Instrumental Performance,Nessun Dorma,Jeff Beck (artist),TRUE
2011,Best Pop Performance by a Duo or Group with Vocals,Hey Soul Sister (Live).,Train,TRUE
2011,Best Pop Performance by a Duo or Group with Vocals,Misery.,Maroon 5,FALSE
2011,Best Pop Performance by a Duo or Group with Vocals,Babyfather.,Sade,FALSE
2011,Best Pop Vocal Album,The Fame Monster.,Lady Gaga,TRUE
2011,Best Pop Vocal Album,My World 2.0.,Justin Bieber,FALSE
2011,Best Pop Vocal Album,I Dreamed a Dream.,Susan Boyle,FALSE
2011,Best Pop/Contemporary Gospel Album,Love God. Love People.,"James Wadell (engineer/mixer), Israel Houghton (artist/producer), Aaron Lindsey (producer), Tommy Sims (producer/engineer/mixer), Danny Duncan (producer)",TRUE
2011,Best R&B Album,Wake Up!,"John Legend, The Roots",TRUE
2011,Best R&B Album,Another Round.,Jaheim,FALSE
2011,Best R&B Album,The Love & War Masterpeace.,Raheem DeVaughn,FALSE
2011,Best R&B Performance by a Duo or Group with Vocals,Soldier of Love,Sade,TRUE
2011,Best R&B Performance by a Duo or Group with Vocals,LOVE,"Chuck Brown, Jill Scott, Marcus Miller",FALSE
2011,Best R&B Performance by a Duo or Group with Vocals,You've Got a Friend,"Ronald Isley, Aretha Franklin",FALSE
2011,Best R&B Song,Shine.,John Legend (Songwriter),TRUE
2011,Best Rap Album,Recovery,Eminem,TRUE
2011,Best Rap Album,Thank Me Later.,Drake,FALSE
2011,Best Rap Album,How I Got Over.,The Roots,FALSE
2011,Best Rap Performance by a Duo or Group,On To the Next One.,"Jay-Z, Swizz Beatz",TRUE
2011,Best Rap Performance by a Duo or Group,Lose My Mind.,"Jeezy, Plies",FALSE
2011,Best Rap Performance by a Duo or Group,Fancy.,"T.I., Drake, Swizz Beatz",FALSE
2011,Best Rap Solo Performance,Not Afraid,Eminem,TRUE
2011,Best Rap Solo Performance,Power.,Kanye West,FALSE
2011,Best Rap Solo Performance,I'm Back.,T.I.,FALSE
2011,Best Rap Song,Empire State Of Mind,"Jay-Z (songwriter/artist), Angela Hunte (songwriter), Alicia Keys (songwriter/artist), Janet Sewell (songwriter), Alexander Shuckburgh (songwriter)",TRUE
2011,Best Rap/Sung Collaboration,Empire State of Mind.,"Jay-Z, Alicia Keys",TRUE
2011,Best Rap/Sung Collaboration,Deuces.,"Chris Brown, Kevin McCall, Tyga",FALSE
2011,Best Rap/Sung Collaboration,Love the Way You Lie.,"Eminem, Rihanna",FALSE
2011,Best Recording Package,Brothers,"The Black Keys (artist), Michael Carney (art director)",TRUE
2011,Best Reggae Album,Before The Dawn,"Jermaine Reid (engineer/mixer), Buju Banton (producer), Austin Green (engineer/mixer), Linford Marshall (engineer/mixer)",TRUE
2011,"Best Remixed Recording, Non-Classical","Revolver (David Guetta's One Love Club Remix), performed by Madonna","David Guetta, Afrojack",TRUE
2011,Best Rock Album,The Resistance,"Mark Stent (engineer/mixer), Adrian Bushby (engineer/mixer), Muse (artist/producer)",TRUE
2011,Best Rock Instrumental Performance,Hammerhead,Jeff Beck (artist),TRUE
2011,Best Rock Performance by a Duo or Group with Vocals,Tighten Up,The Black Keys (artist),TRUE
2011,Best Rock Song,Angry World.,Neil Young (Songwriter),TRUE
2011,Best Rock Song,Radioactive.,"Kings of Leon (Songwriters), Caleb Followill (Songwriter), Jared Followill (Songwriter), Matthew Followill (Songwriter), Nathan Followill (Songwriter)",FALSE
2011,Best Rock Song,Little Lion Man.,"Mumford & Sons (Songwriters), Ted Dwane (Songwriter), Ben Lovett (Songwriter), 'Country' Winston Marshall (Songwriter), Marcus Mumford (Songwriter)",FALSE
2011,Best Rock Vocal Performance by a Duo or Group,Tighten Up.,The Black Keys,TRUE
2011,Best Rock Vocal Performance by a Duo or Group,Radioactive.,Kings of Leon,FALSE
2011,Best Rock Vocal Performance by a Duo or Group,Resistance.,Muse,FALSE
2011,Best Rock or Rap Gospel Album,Hello Hurricane,"Craig Zarkos (engineer/mixer), Shane Wilson (engineer/mixer), Darrell Thorp (engineer/mixer), Switchfoot (artist/producer/engineer/mixer), Mike Elizondo (producer), Adam Hawkins (engineer/mixer), Ryan Peterson (engineer/mixer), Alan Sanderson (engineer/mixer)",TRUE
2011,"Best Score Soundtrack Album for Motion Picture, Television or Other Visual Media",Toy Story 3,Randy Newman,TRUE
2011,"Best Score Soundtrack Album for Motion Picture, Television or Other Visual Media",Avatar,James Horner,FALSE
2011,"Best Score Soundtrack Album for Motion Picture, Television or Other Visual Media",Sherlock Holmes,Hans Zimmer,FALSE
2011,Best Short Form Music Video,Lady Gaga: Bad Romance,"Lady Gaga, Francis Lawrence (video director), Heather Heller (video producer)",TRUE
2011,Best Short Form Music Video,Eminem Featuring Rihanna: Love the Way You Lie,"Eminem, Rihanna, Joseph Khan (video director), Mary Ann Tanedo (video producer)",FALSE
2011,Best Small Ensemble Performance,Dinastia Borja,"La Capella Reial de Catalunya (ensemble), Jordi Savall (conductor), Hesperion XXI (ensemble)",TRUE
2011,Best Solo Rock Vocal Performance,Helter Skelter.,Paul McCartney,TRUE
2011,Best Solo Rock Vocal Performance,Crossroads.,John Mayer,FALSE
2011,Best Solo Rock Vocal Performance,Silver Rider.,"Robert Plant, Band of Joy",FALSE
2011,"Best Song Written for Motion Picture, Television or Other Visual Media",The Weary Kind.,Crazy Heart,TRUE
2011,"Best Song Written for Motion Picture, Television or Other Visual Media",Down in New Orleans.,The Princess and the Frog,FALSE
2011,"Best Song Written for Motion Picture, Television or Other Visual Media",Kiss Like Your Kiss.,True Blood,FALSE
2011,"Best Southern, Country, or Bluegrass Gospel Album",The Reason,"Diamond Rio (artist/producer), Michael D. Clute (engineer/mixer/producer)",TRUE
2011,"Best Spoken Word Album (includes poetry, audio books & story telling)",The Daily Show With Jon Stewart Presents Earth (The Audiobook),"Tim Lester (engineer/mixer), Charles de Montebello (engineer/mixer), John McElroy (producer), Josh Lieb (producer), David Javerbaum (producer), Steve Bodow (producer), Rory Albanese (producer), Sigourney Weaver (artist), John Oliver (artist), Jason Jones (artist), Jon Stewart (artist), Samantha Bee (artist), Wyatt Cenac (artist/producer)",TRUE
2011,Best Spoken Word Album for Children,"Julie Andrews' Collection Of Poems, Songs, And Lullabies","Tommy Harron (engineer/mixer), Cynthia Daniels (engineer/mixer), John Colucci (engineer/mixer), Michele McGonigle (producer), Julie Andrews (artist), Emma Walton Hamilton (artist)",TRUE
2011,Best Surround Sound Album,Britten's Orchestra,"Keith O. Johnson (surround mix engineer/surround mastering engineer), David Frost (surround producer), Michael Stern (artist), Kansas City Symphony (artist)",TRUE
2011,Best Tejano Album,Recuerdos,Little Joe & La Familia (artist),TRUE
2011,Best Traditional Blues Album,Joined At The Hip,"Blaise Barton (engineer/mixer), Pinetop Perkins (artist), Willie 'Big Eyes' Smith (artist), Michael Freeman (producer/engineer/mixer)",TRUE
2011,Best Traditional Folk Album,Genuine Negro Jig,"Vance Powell (artist), Joe Henry (producer), Ryan Freeland (engineer/mixer)",TRUE
2011,Best Traditional Gospel Album,Downtown Church,"Patty Griffin (artist), Buddy Miller (producer/engineer/mixer), Mike Poole (engineer/mixer)",TRUE
2011,Best Traditional Pop Vocal Album,Crazy Love.,Michael Bublé,TRUE
2011,Best Traditional Pop Vocal Album,The Greatest Love Songs of All Time.,Barry Manilow,FALSE
2011,Best Traditional Pop Vocal Album,Fly Me To The Moon... The Great American Songbook Volume V.,Rod Stewart,FALSE
2011,Best Traditional R&B Vocal Performance,Hang On In There.,"John Legend, The Roots",TRUE
2011,Best Traditional R&B Vocal Performance,You're So Amazing.,Calvin Richardson,FALSE
2011,Best Traditional R&B Vocal Performance,In Between.,Ryan Shaw,FALSE
2011,Best Traditional World Music Album,Ali And Toumani,"Jerry Boys (engineer/mixer), Nick Gold (producer), Ali Farka Touré (artist), Toumani Diabaté (artist)",TRUE
2011,Best Tropical Latin Album,Viva La Tradición,"Spanish Harlem Orchestra (artist), Dave Kowalski (engineer/mixer)",TRUE
2011,Best Urban/Alternative Performance,Fuck You.,CeeLo Green,TRUE
2011,Best Urban/Alternative Performance,Orion.,Carolyn Malachi,FALSE
2011,Best Urban/Alternative Performance,Tightrope.,"Janelle Monáe, Big Boi",FALSE
2011,Best Zydeco or Cajun Music Album,Zydeco Junkie,"Chubby Carrier And The Bayou Swamp Band (artist), Ivan Klisanin (producer/engineer/mixer)",TRUE
2011,Lifetime Achievement Award,Dolly Parton,,TRUE
2011,Producer of the Year (Non-Classical),Danger Mouse,,TRUE
2011,Producer of the Year (Non-Classical),"Philip Lawrence, Ari Levine, Bruno Mars",,FALSE
2011,Producer of the Year (Non-Classical),Rob Cavallo,,FALSE
2011,"Producer of the Year, Classical",David Frost (producer),,TRUE
2011,"Producer of the Year, Non-Classical",Danger Mouse (producer),,TRUE
2011,Record of the Year,Need You Now.,"Lady Antebellum (Artist), Clarke Schleicher (Engineer/Mixer), Paul Worley (Producer)",TRUE
2011,Record of the Year,Fuck You.,"CeeLo Green (Artist), Bruno Mars (Producer/Engineer/Mixer), Philip Lawrence (Producer/Engineer/Mixer), Ari Levine (Producer/Engineer/Mixer)",FALSE
2011,Record of the Year,Empire State of Mind (With Producers Jnay and Shux and Engineer/Mixer Ann Mincieli).,"Jay-Z (Artist), Alicia Keys (Artist), Angela Hunte (Producer), Duro (Engineer/Mixer), Gimel Keaton (Engineer/Mixer)",FALSE
2011,Song of the Year,Need You Now.,"Hillary Scott (Songwriter), Charles Kelley (Songwriter), Dave Haywood (Songwriter), Josh Kear",TRUE
2011,Song of the Year,Fuck You.,"CeeLo Green (Songwriter), Philip Lawrence (Songwriter), Bruno Mars (Songwriter)",FALSE
2011,Song of the Year,The House That Built Me.,"Tom Douglas (Songwriter), Allen Shamblin (Songwriter)",FALSE
2011,Best Spoken Word Album,American on Purpose,Craig Ferguson,FALSE
2011,Best Spoken Word Album,The Bedwetter,Sarah Silverman,FALSE
2012,Album of the Year,21,"Jim Abbiss (Producer) (Engineer/Mixer), Adele (Producer), Paul Epworth (Producer), Rick Rubin (Producer), Fraser T. Smith (Producer) (Engineer/Mixer), Ryan Tedder (Producer) (Engineer/Mixer), Dan Wilson (Producer), Philip G. Allen (Engineer/Mixer), Ian Dowling (Engineer/Mixer), Tom Elmhirst (Engineer/Mixer), Greg Fidelman (Engineer/Mixer), Dan Parry (Engineer/Mixer), Steven Price (Engineer/Mixer), Mark Rankin (Engineer/Mixer), Andrew Scheps (Engineer/Mixer), Tom Coyne (Mastering Engineer)",TRUE
2012,Album of the Year,Wasting Light (Also featuring Joe LaPorta: Mastering Engineer).,"Foo Fighters, Butch Vig (Producer), James Brown (Engineer/Mixer), Alan Moulder (Engineer/Mixer), Emily Lazar (Mastering Engineer)",FALSE
2012,Best Album Notes,"Hear Me Howling!: Blues, Ballads & Beyond As Recorded By The San Francisco Bay By Chris Strachwitz In The 1960s (Various Artists)",Adam Machado (album notes writer),TRUE
2012,Best Alternative Music Album,"Bon Iver, Bon Iver.",Bon Iver,TRUE
2012,Best Alternative Music Album,Torches.,Foster the People,FALSE
2012,Best Alternative Music Album,The King of Limbs.,Radiohead,FALSE
2012,Best Americana Album,Ramble At The Ryman,"Justin Guip (engineer/mixer), Michael Davis (engineer/mixer), Danny Petraitis (producer), Jed Hilly (producer), Larry Campbell (producer), Levon Helm (artist)",TRUE
2012,Best Banda or Norteño Album,Los Tigres Del Norte And Friends,"Gustavo Borner (producer/engineer/mixer), Nick Baxter (engineer/mixer), Juan Pablo Fallucca (engineer/mixer), Justin Moshkevich (engineer/mixer), Los Tigres del Norte (producer/artist)",TRUE
2012,Best Bluegrass Album,Paper Airplane,"Alison Krauss (producer), Neal Cappellino (engineer/mixer), Mike Shipley (engineer/mixer)",TRUE
2012,Best Blues Album,Revelator,"Tedeschi Trucks Band (artist), Jim Scott (producer/engineer/mixer), Bobby Tis (engineer/mixer)",TRUE
2012,Best Children's Album,All About Bullies... Big And Small (Various Artists),,TRUE
2012,Best Choral Performance,Light & Gold,"The Eric Whitacre Singers (artist), Pavão Quartet (artist), The King's Singers (artist), Andrew Mellor (engineer/mixer), Eric Whitacre (conductor), Raphaël Mouterde (producer)",TRUE
2012,Best Classical Instrumental Solo,Schwantner: Concerto For Percussion & Orchestra,"Giancarlo Guerrero (conductor), Christopher Lamb (artist)",TRUE
2012,Best Classical Vocal Solo,Diva Divo,"Orchestre de l'Opéra de Lyon (artist), Kazushi Ono (artist), Joyce DiDonato (soloist), Daniel Zalay (producer)",TRUE
2012,Best Comedy Album,Hilarious.,Louis C.K.,TRUE
2012,Best Comedy Album,Kathy Griffin: 50 & Not Pregnant.,Kathy Griffin,FALSE
2012,Best Comedy Album,Turtleneck & Chain.,The Lonely Island,FALSE
2012,"Best Compilation Soundtrack Album for Motion Picture, Television or Other Visual Media",Boardwalk Empire,"Stewart Lerman (Producer), Randall Poster (Producer), Kevin Weaver (Producer)",TRUE
2012,"Best Compilation Soundtrack Album for Motion Picture, Television or Other Visual Media",Glee,"Adam Anders (Producer), Ryan Murphy (Producer), Peer Astrom (Producer)",FALSE
2012,"Best Compilation Soundtrack Album for Motion Picture, Television or Other Visual Media",True Blood,Gary Calamar (Producer),FALSE
2012,Best Compilation Soundtrack for Visual Media,Boardwalk Empire: Volume 1 (Various Artists),"Kevin Weaver (producer), Randall Poster (producer), Stewart Lerman (producer/engineer/mixer)",TRUE
2012,Best Contemporary Christian Music Album,And If Our God Is For Us...,"F. Reid Shippen (engineer/mixer), Jim Deneen (engineer/mixer), Chris Tomlin (artist), Ed Cash (engineer/mixer/producer)",TRUE
2012,Best Contemporary Christian Music Song,Blessings,Laura Story (songwriter),TRUE
2012,Best Contemporary Classical Composition,"Aldridge, Robert: Elmer Gantry","Robert Eldridge (composer), Herschel Garfein (composer)",TRUE
2012,Best Country Album,Own the Night.,Lady Antebellum,TRUE
2012,Best Country Album,Chief.,Eric Church,FALSE
2012,Best Country Album,My Kinda Party.,Jason Aldean,FALSE
2012,Best Country Duo/Group Performance,Barton Hollow.,The Civil Wars,TRUE
2012,Best Country Duo/Group Performance,You and Tequila.,"Kenny Chesney, Grace Potter",FALSE
2012,Best Country Solo Performance,Mean.,Taylor Swift,TRUE
2012,Best Country Solo Performance,Mama's Song.,Carrie Underwood,FALSE
2012,Best Country Solo Performance,I'm Gonna Love You Through It.,Martina McBride,FALSE
2012,Best Country Song,Mean.,Taylor Swift (Songwriter),TRUE
2012,Best Dance Recording,Scary Monsters & Nice Sprites.,Skrillex (Producer/Mixer),TRUE
2012,Best Dance Recording,Sunshine.,"Avicii (Producer/Mixer), David Guetta (Producer), Giorgio Tuinfort (Producer)",FALSE
2012,Best Dance Recording,Call Your Girlfriend (With producer Billboard).,"Klas Ahlund (Producer), Niklas Flyckt (Mixer)",FALSE
2012,Best Dance/Electronica Album,Scary Monsters and Nice Sprites.,Skrillex,TRUE
2012,Best Dance/Electronica Album,Nothing But the Beat.,David Guetta,FALSE
2012,Best Dance/Electronica Album,Body Talk Pt. 3.,Robyn Carlsson,FALSE
2012,"Best Engineered Album, Classical",Aldridge: Elmer Gantry,"Heather Buck (artist), Frank Kelley (artist), Vale Rideout (artist), Patricia Risley (artist), Byeong-Joon Hwang (engineer), John Newton (engineer), Jesse Lewis (mastering engineer), William Boggs (artist), Keith Phares (artist)",TRUE
2012,"Best Engineered Album, Non-Classical",Paper Airplane,"Brad Blackwood (mastering engineer), Mike Shipley (engineer), Neal Cappellino (engineer)",TRUE
2012,Best Folk Album,Barton Hollow.,The Civil Wars,TRUE
2012,Best Folk Album,Helplessness Blues.,Fleet Foxes,FALSE
2012,Best Folk Album,I'll Never Get Out of This World Alive.,Steve Earle,FALSE
2012,Best Gospel Album,Hello Fear,"Tre Nagella (engineer/mixer), John Jaszcz (engineer/mixer), Jeffrey Chestek (engineer/mixer), Shaun Martin (producer), Kirk Franklin (producer/artist)",TRUE
2012,Best Gospel Song,Hello Fear,Kirk Franklin (songwriter),TRUE
2012,Best Gospel/Contemporary Christian Music Performance,Jesus,Leandria Johnson (artist),TRUE
2012,Best Hard Rock/Metal Performance,White Limo.,Foo Fighters,TRUE
2012,Best Hard Rock/Metal Performance,Curl of the Burl.,Mastodon,FALSE
2012,Best Hard Rock/Metal Performance,Blood in My Eyes.,Sum 41,FALSE
2012,Best Historical Album,Band On The Run (Paul McCartney Archive Collection - Deluxe Edition),"Paul McCartney (compilation producer), Sam Okell (mastering engineer), Steve Rooke (mastering engineer)",TRUE
2012,Best Improvised Jazz Solo,500 Miles High,Chick Corea (soloist),TRUE
2012,Best Instrumental Arrangement,Rhapsody In Blue,Gordon Goodwin (arranger),TRUE
2012,Best Instrumental Composition,Life In Eleven,"Howard Levy (composer), Bela Fleck (composer)",TRUE
2012,Best Jazz Instrumental Album,Forever,"Brian Vibberts (engineer/mixer), Buck Snow (engineer/mixer), Bernie Kirsch (engineer/mixer), Stanley Clarke (producer/artist), Chick Corea (producer/artist), Lenny White (producer/artist)",TRUE
2012,Best Jazz Vocal Album,The Mosaic Project (Various Artists),"Martin Walters (engineer/mixer), Mike Marciano (engineer/mixer), Terri Lyne Carrington (producer/artist)",TRUE
2012,Best Large Jazz Ensemble Album,The Good Feeling,"Christian McBride Big Band (artist), Joe Ferla (engineer/mixer)",TRUE
2012,"Best Latin Pop, Rock, or Urban Album",Drama Y Luz,"Fernando Villín (engineer/mixer), Maná (artist), Benny Faccone (engineer/mixer), Arturo Perales (engineer/mixer), Thom Russo (engineer/mixer), Fabian Serrano (engineer/mixer)",TRUE
2012,Best Long Form Music Video,Foo Fighters: Back and Forth,"Foo Fighters (Artist), Nigel Sinclair (Producer), James Moll (Director Producer)",TRUE
2012,Best Long Form Music Video,Beyoncé's I Am... World Tour,"Beyoncé (Director, Producer, Artist), Camille Yorrick (Producer), Frank Gatson Jr. (Director), Ed Burke (Director)",FALSE
2012,Best Musical Theater Album,The Book of Mormon: Original Broadway Cast Recording.,"Josh Gad (principal soloist), Andrew Rannells (principal soloist), Anne Garefino (producer), Robert Lopez (producer/composer/lyricist), Stephen Oremus (producer), Trey Parker (producer/composer/lyricist), Scott Rudin (producer), Matt Stone (producer/composer/lyricist)",TRUE
2012,Best Musical Theater Album,Anything Goes: New Broadway Cast Recording,"Sutton Foster (principal soloist), Joel Grey (principal soloist), Rob Fisher (producer), James Lowe (producer), Joel Moss (producer), Cole Porter (composer/lyricist)",FALSE
2012,Best New Age Album,What's It All About,"David Oakes (engineer/mixer), Pat Metheny (producer/artist/engineer/mixer), Pete Karam (engineer/mixer)",TRUE
2012,Best New Artist,Bon Iver,,TRUE
2012,Best New Artist,Nicki Minaj,,FALSE
2012,Best New Artist,The Band Perry,,FALSE
2012,Best Opera Recording,Adams: Doctor Atomic,"The Metropolitan Opera Orchestra and Chorus (soloist), Eric Owens (soloist), Thomas Glenn (soloist), Gerald Finley (soloist), Richard Paul Fink (soloist), Sasha Cooke (soloist), Alan Gilbert (conductor), Jay David Saks (producer), Meredith Arwady (soloist)",TRUE
2012,Best Orchestral Performance,Brahms: Symphony No. 4,"Gustavo Dudamel (conductor), Christopher Alder (producer), Fred Vogler (engineer/mixer)",TRUE
2012,Best Pop Duo/Group Performance,Body & Soul (Winehouse's win is posthumous).,"Tony Bennett, Amy Winehouse",TRUE
2012,Best Pop Duo/Group Performance,Paradise.,Coldplay,FALSE
2012,Best Pop Duo/Group Performance,Dearest.,The Black Keys,FALSE
2012,Best Pop Instrumental Album,The Road From Memphis,"Bosco Mann (engineer/mixer), Booker T. Jones (producer/artist), Rob Schnapf (producer/engineer/mixer), Quest Love (producer)",TRUE
2012,Best Pop Solo Performance,Someone Like You.,Adele,TRUE
2012,Best Pop Solo Performance,Firework.,Katy Perry,FALSE
2012,Best Pop Solo Performance,Fuckin' Perfect.,Pink,FALSE
2012,Best Pop Vocal Album,21,Adele,TRUE
2012,Best Pop Vocal Album,The Lady Killer.,CeeLo Green,FALSE
2012,Best Pop Vocal Album,Loud.,Rihanna,FALSE
2012,Best R&B Album,F.A.M.E.,Chris Brown,TRUE
2012,Best R&B Album,Kelly.,Kelly Price,FALSE
2012,Best R&B Album,Love Letter.,R. Kelly,FALSE
2012,Best R&B Performance,Is This Love.,Corinne Bailey Rae,TRUE
2012,Best R&B Performance,Not My Daddy.,"Kelly Price, Stokley Williams",FALSE
2012,Best R&B Performance,Far Away.,Marsha Ambrosius,FALSE
2012,Best R&B Song,Fool For You.,"CeeLo Green (Songwriter), Jack Splash (Songwriter)",TRUE
2012,Best Rap Album,My Beautiful Dark Twisted Fantasy.,Kanye West,TRUE
2012,Best Rap Album,Tha Carter IV.,Lil' Wayne,FALSE
2012,Best Rap Album,Pink Friday.,Nicki Minaj,FALSE
2012,Best Rap Performance,Otis.,"Jay-Z, Kanye West",TRUE
2012,Best Rap Performance,Moment 4 Lyfe.,"Drake, Nicki Minaj",FALSE
2012,Best Rap Performance,Black and Yellow.,Wiz Khalifa,FALSE
2012,Best Rap Song,All of the Lights.,"Jeff Bhasker (Songwriter), Really Doe (Songwriter), Kanye West (Songwriter), Malik Yusef (Songwriter)",TRUE
2012,Best Rap Song,Otis.,"Jay-Z (Songwriter), Kanye West (Songwriter)",FALSE
2012,Best Rap Song,Black & Yellow.,"Mikkel Storleer Eriksen (Songwriter), Tor Erik Hermansen (Songwriter), Wiz Khalifa (Songwriter)",FALSE
2012,Best Rap/Sung Collaboration,All of the Lights.,"Kid Cudi, Fergie, Rihanna, Kanye West",TRUE
2012,Best Rap/Sung Collaboration,I'm On One.,"DJ Khaled, Drake, Rick Ross, Lil' Wayne",FALSE
2012,Best Rap/Sung Collaboration,What's My Name?.,"Drake, Rihanna",FALSE
2012,Best Recording Package,Scenes From The Suburbs,Caroline Robert (art director),TRUE
2012,Best Reggae Album,Revelation Pt. 1: The Root Of Life,"Roland McDermot (engineer/mixer), Marc Lee (engineer/mixer), Stephen Marley (producer/artist), Paul Fakhourie (producer), Errol Brown (engineer/mixer)",TRUE
2012,Best Regional Mexican or Tejano Album,Bicentenario,"Pepe Aguilar (artist), Norberto Islas (engineer/mixer)",TRUE
2012,Best Regional Roots Music Album,Rebirth Of New Orleans,"Chris Finney (engineer/mixer), ReBirth Brass Band (artist), Tracey Freeman (producer)",TRUE
2012,Best Remixed Recording,Cinema (Skrillex remix).,Skrillex,TRUE
2012,Best Remixed Recording,Rope (deadmau5 remix).,Deadmau5,FALSE
2012,Best Remixed Recording,"Best Remixed Recording, Non-Classical End of Line (Photek Remix) taken from Tron Legacy: Reconfigured remix album is up for best remixed recording, non-classical.",,FALSE
2012,Best Rock Album,Wasting Light.,Foo Fighters,TRUE
2012,Best Rock Album,Come Around Sundown.,Kings of Leon,FALSE
2012,Best Rock Album,The Whole Love.,Wilco,FALSE
2012,Best Rock Performance,Walk.,Foo Fighters,TRUE
2012,Best Rock Performance,The Cave.,Mumford & Sons,FALSE
2012,Best Rock Performance,Down By the Water.,The Decemberists,FALSE
2012,Best Rock Song,Walk.,Foo Fighters (Songwriters),TRUE
2012,Best Rock Song,Down By the Water.,Colin Meloy (Songwriter),FALSE
2012,Best Rock Song,Lotus Flower.,Radiohead (Songwriter),FALSE
2012,Best Score Soundtrack for Visual Media,The King's Speech,Alexandre Desplat,TRUE
2012,Best Score Soundtrack for Visual Media,Harry Potter and the Deathly Hallows: Part 2,Alexandre Desplat,FALSE
2012,Best Score Soundtrack for Visual Media,The Shrine,Ryan Shore,FALSE
2012,Best Short Form Music Video,Rolling in the Deep (Director: Sam Brown).,"Adele (Artist), Hannah Chandler (Video Producer)",TRUE
2012,Best Short Form Music Video,All Is Not Lost.,"OK Go (Artist), Itamar Kubovy (Director), Damian Kulash (Director), Trish Sie (Director), Shirley Moyers (Video Producer)",FALSE
2012,Best Short Form Music Video,First of the Year (Equinox) (Video Producer: Noah Klein).,"Skrillex (Artist), Tony T. Datis (Video Director)",FALSE
2012,Best Small Ensemble Performance,Mackey: Lonely Motel - Music From Slide,"Jon Zacks (engineer/mixer), Bill Maylone (engineer/mixer), Mat Lejeune (engineer/mixer), Tom Lazarus (engineer/mixer), David Frost (producer), Eighth Blackbird (ensembles)",TRUE
2012,Best Song Written Specifically for a Motion Picture or for Television,I See the Light,Tangled,TRUE
2012,Best Song Written Specifically for a Motion Picture or for Television,Christmastime Is Killing Us,Family Guy,FALSE
2012,Best Song Written Specifically for a Motion Picture or for Television,Born to Be Somebody,Justin Bieber: Never Say Never,FALSE
2012,Best Song Written for Visual Media,I See The Light (From Tangled),"Alan Menken (songwriter), Glenn Slater (songwriter)",TRUE
2012,Best Spoken Word Album,If You Ask Me (And of Course You Won't).,Betty White,TRUE
2012,Best Spoken Word Album,Bossypants.,Tina Fey,FALSE
2012,Best Spoken Word Album,Fab Fan Memories - The Beatles Bond (Various).,,FALSE
2012,"Best Spoken Word Album (includes poetry, audio books & storytelling)",If You Ask Me (And Of Course You Won't),"Betty White (artist), Kevin Thomsen (producer), Peter Pantelis (engineer/mixer), Jeremy Wesley (engineer/mixer)",TRUE
2012,Best Surround Sound Album,Layla And Other Assorted Love Songs (Super Deluxe Edition),"Elliot Scheiner (surround mix engineer/surround producer), Bob Ludwig (surround mastering engineer), Bill Levenson (surround producer)",TRUE
2012,Best Traditional Pop Vocal Album,Duets II.,Tony Bennett,TRUE
2012,Best Traditional Pop Vocal Album,In Concert on Broadway.,Harry Connick Jr.,FALSE
2012,Best Traditional Pop Vocal Album,The Gift.,Susan Boyle,FALSE
2012,Best Traditional R&B Performance,Fool For You.,"CeeLo Green, Melanie Fiona",TRUE
2012,Best Traditional R&B Performance,Sometimes I Cry.,Eric Benét,FALSE
2012,Best Traditional R&B Performance,Good Man.,Raphael Saadiq,FALSE
2012,Best Tropical Latin Album,The Last Mambo,"Waldy D. (engineer/mixer), Alex Arias (engineer/mixer), Christian Tomas (producer), Omer Pardillo Cid (producer), Cachao (artist), Nelson Albareda (producer), Daniel Palacio (producer)",TRUE
2012,Best World Music Album,Tassili,"David Odlum (engineer/mixer), Tinariwen (artist), Ian Brennan (producer), Jean Paul Romann (producer/engineer/mixer)",TRUE
2012,"Gordon L. Goodwin, arranger (Gordon Goodwin's Big Phat Band)",Who Can I Turn To (When Nobody Needs Me),Jorge Calandrelli (arranger),TRUE
2012,Lifetime Achievement Award,Diana Ross,,TRUE
2012,Producer of the Year (Non-Classical),Paul Epworth,,TRUE
2012,Producer of the Year (Non-Classical),As The Smeezingtons.,Danger Mouse,FALSE
2012,Producer of the Year (Non-Classical),Ryan Tedder,,FALSE
2012,"Producer of the Year, Classical",Judith Sherman (producer),,TRUE
2012,"Producer of the Year, Non-Classical",Paul Epworth (producer),,TRUE
2012,Record of the Year,Rolling in the Deep.,"Adele (Artist), Paul Epworth (Producer), Tom Elmhirst (Engineer/Mixer), Mark Rankin (Engineer/Mixer)",TRUE
2012,Record of the Year,Grenade.,"Bruno Mars (Artist/Producer), Philip Lawrence (Producer), Ari Levine (Producer/Engineer/Mixer), Manny Marroquin (Engineer/Mixer)",FALSE
2012,Record of the Year,The Cave (Engineer/Mixer: Francois Chevallier).,"Mumford & Sons (Artist), Markus Dravs (Producer), Ruadhri Cushnan (Engineer/Mixer)",FALSE
2012,Song of the Year,Rolling in the Deep.,"Adele (Songwriter), Paul Epworth (Songwriter)",TRUE
2012,Song of the Year,Grenade.,"Brody Brown (Songwriter), Bruno Mars (Songwriter), Ari Levine (Songwriter), Philip Lawrence (Songwriter), Andrew Wyatt (Songwriter), Claude Kelly (Songwriter)",FALSE
2012,Song of the Year,The Cave,"Ted Dwane (songwriter), Ben Lovett (songwriter), Marcus Mumford (songwriter), 'Country' Winston Marshall (songwriter)",FALSE
2013,Album of the Year,Babel.,"Mumford & Sons, Markus Dravs (Producer), Robin Baynton (Engineer/Mixer), Ruadhri Cushnan (Engineer/Mixer), Bob Ludwig (Mastering Engineer)",TRUE
2013,Album of the Year,Some Nights.,"Fun. (Artist), Janelle Monáe (Featured Artist), Jeff Bhasker (Producer) (Engineer/Mixer), Emile Haynie (Producer), Jake One (Producer), Tommy Danvers (Producer), Pete Bischoff (Engineer/Mixer), Jeffrey Chestek (Engineer/Mixer), Andrew Dawson (Engineer/Mixer), Manny Marroquin (Engineer/Mixer), Sonny Pinnar (Engineer/Mixer), Stuart White (Engineer/Mixer), Chris Gehringer (Mastering Engineer)",FALSE
2013,Album of the Year,El Camino.,"The Black Keys (Producers), Danger Mouse (Producer), Tom Elmhirst (Engineer/Mixer), Kennie Takahashi (Engineer/Mixer), Brian Lucey (Mastering Engineer)",FALSE
2013,Best Album Notes,Singular Genius: The Complete ABC Singles,Billy Vera (album notes writer),TRUE
2013,Best Alternative Music Album,Making Mirrors.,Gotye,TRUE
2013,Best Alternative Music Album,The Idler Wheel....,Fiona Apple,FALSE
2013,Best Alternative Music Album,Bad as Me.,Tom Waits,FALSE
2013,Best Americana Album,Slipstream.,Bonnie Raitt,TRUE
2013,Best Americana Album,Babel.,Mumford & Sons,FALSE
2013,Best Americana Album,The Lumineers.,The Lumineers,FALSE
2013,Best Bluegrass Album,Nobody Knows You,"The Steep Canyon Rangers (engineer/mixer/producer), Gary Paczosa (producer), Brandon Bell (engineer/mixer)",TRUE
2013,Best Blues Album,Locked Down,"Collin Dupuis (engineers/mixer), Dr. John (artist), Dan Auerbach (producer/engineers/mixer)",TRUE
2013,Best Boxed or Special Limited Edition Package,Woody At 100: The Woody Guthrie Centennial Collection,Fritz Klaetke (art director/),TRUE
2013,Best Chamber Music/Small Ensemble Performance,Meanwhile,"Bill Maylone (engineer/mixer), Eighth Blackbird (ensemble), Judith Sherman (producer)",TRUE
2013,Best Children's Album,Can You Canoe?,"The Okee Dokee Brothers (artist), Dean Jones (engineer/mixer/producer)",TRUE
2013,Best Choral Performance,Life & Breath - Choral Works By René Clausen,"Kansas City Chorale (artist), Sarah Tannehill (artist), Rebecca Lloyd (artist), Pamela Williamson (artist), Matthew Gladden (artist), Lindsey Lang (artist), Tom Caulfield (engineer/mixer), Charles Bruffy (conductor), Blanton Alspaugh (producer)",TRUE
2013,Best Classical Compendium,Penderecki: Fonogrammi; Horn Concerto; Partita; The Awakening Of Jacob; Anaklasis,"Antoni Wit (conductor), Aleksandra Nagorko (producer/engineer/mixer), Andrzej Sasin (producer/engineer/mixer)",TRUE
2013,Best Classical Instrumental Solo,Kurtág & Ligeti: Music For Viola,"Peter Laenger (engineer/mixer), Kim Kashkashian (producer), Manfred Eicher (producer)",TRUE
2013,Best Classical Vocal Solo,Poèmes,"Orchestre Philharmonique de Radio France (artist), Orchestre national de France (artist), Seiji Ozawa (artist), Alan Gilbert (artist), Renée Fleming (soloist), Arnaud Moral (producer), Christian Lahondes engineer/mixe",TRUE
2013,Best Comedy Album,Blow Your Pants Off.,Jimmy Fallon,TRUE
2013,Best Comedy Album,Jim Gaffigan: Mr. Universe.,Jim Gaffigan,FALSE
2013,Best Comedy Album,In God We Rust.,Lewis Black,FALSE
2013,Best Comedy Album,Rize of the Fenix.,Tenacious D,FALSE
2013,Best Compilation Soundtrack For Visual Media,Midnight in Paris,Woody Allen (producer),TRUE
2013,Best Compilation Soundtrack For Visual Media,Rock of Ages,"Adam Anders, Peer Astrom, Matthew Rush Sullivan",FALSE
2013,Best Compilation Soundtrack For Visual Media,The Descendants,"Dondi Bastone (producer), Alexander Payne (producer)",FALSE
2013,Best Contemporary Christian Music Album,Eye on It.,Toby McKeehan,TRUE
2013,Best Contemporary Christian Music Album,Where I Find You.,Kari Jobe,FALSE
2013,Best Contemporary Christian Music Song,"10,000 Reasons (Bless The Lord)","Jonas Myrin (songwriter), Matt Redman (songwriter)",TRUE
2013,Best Contemporary Classical Composition,"Hartke, Stephen: Meanwhile - Incidental Music To Imaginary Puppet Plays",Stephen Hartke (composer),TRUE
2013,Best Country Album,Uncaged.,Zac Brown Band,TRUE
2013,Best Country Album,Living For a Song: A Tribute to Hank Cochran.,Jamey Johnson,FALSE
2013,Best Country Album,The Time Jumpers.,The Time Jumpers,FALSE
2013,Best Country Duo/Group Performance,Pontoon.,Little Big Town,TRUE
2013,Best Country Duo/Group Performance,Even If It Breaks Your Heart.,Eli Young Band,FALSE
2013,Best Country Duo/Group Performance,On the Outskirts of Town.,The Time Jumpers,FALSE
2013,Best Country Solo Performance,Blown Away.,Carrie Underwood,TRUE
2013,Best Country Solo Performance,Home.,Dierks Bentley,FALSE
2013,Best Country Solo Performance,Wanted.,Hunter Hayes,FALSE
2013,Best Country Song,Blown Away.,"Josh Kear, Chris Tompkins",TRUE
2013,Best Dance Recording,Bangarang (With artist Sirah).,Skrillex (Artist/Producer/Mixer),TRUE
2013,Best Dance Recording,Let's Go.,"Ne-Yo (Artist), Calvin Harris (Artist/Producer/Mixer)",FALSE
2013,Best Dance Recording,I Can't Live Without You (By artist/mixer/producer Al Walser).,,FALSE
2013,Best Dance/Electronica Album,Bangarang,Skrillex (producer/engineer/mixer/artist),TRUE
2013,Best Electronic/Dance Album,Bangarang.,Skrillex,TRUE
2013,Best Electronic/Dance Album,Fire & Ice.,Kaskade,FALSE
2013,Best Electronic/Dance Album,Don't Think.,The Chemical Brothers,FALSE
2013,"Best Engineered Album, Classical",Life & Breath - Choral Works By René Clausen,"Marc Donahue (mastering engineer), Tom Caulfield (engineer), John Newton (engineer)",TRUE
2013,"Best Engineered Album, Non-Classical",The Goat Rodeo Sessions,"Chris Thile (artist), Edgar Meyer (artist), Richard King (engineer/mastering engineer), Yo-Yo Ma (artist), Stuart Duncan (artist)",TRUE
2013,Best Folk Album,The Goat Rodeo Sessions,"Richard King (engineers/mixer), Steven Epstein (producer), Chris Thile (artist), Yo-Yo Ma (artist), Stuart Duncan (artist), Edgar Meyer (artist)",TRUE
2013,Best Gospel Album,Gravity.,Lecrae,TRUE
2013,Best Gospel Album,Jesus At the Center: Live.,Israel & New Breed,FALSE
2013,Best Gospel Album,I Win.,Marvin Sapp,FALSE
2013,Best Gospel Song,Go Get It,"Erica Campbell (songwriter), Tina Campbell (songwriter), Warryn Campbell (songwriter)",TRUE
2013,Best Gospel/Contemporary Christian Music Performance,"10,000 Reasons (Bless The Lord)",Matt Redman (artist),TRUE
2013,Best Hard Rock/Metal Performance,Love Bites (So Do I),Halestorm (artist),TRUE
2013,Best Historical Album,The Smile Sessions (Deluxe Box Set),"Dennis Wolfe (compilation producer), Brian Wilson (compilation producer), Alan Boyd (compilation producer), Mark Linett (compilation producer/mastering engineer)",TRUE
2013,Best Improvised Jazz Solo,Hot House,"Gary Burton (soloist), Chick Corea (soloist)",TRUE
2013,Best Instrumental Arrangement,How About You,Gil Evans (arranger),TRUE
2013,Best Instrumental Arrangement Accompanying Vocalist(s),City Of Roses,"Thara Memory (arranger), Esperanza Spalding (arranger)",TRUE
2013,Best Instrumental Composition,Mozart Goes Dancing,"Chick Corea (composer/artist), Gary Burton (artist)",TRUE
2013,Best Jazz Instrumental Album,Unity Band,"Pete Karam (engineers/mixer), James Farber (engineers/mixer), Pat Metheny Unity Band (artist)",TRUE
2013,Best Jazz Vocal Album,Radio Music Society.,Esperanza Spalding,TRUE
2013,Best Large Jazz Ensemble Album,Dear Diz (Every Day I Think Of You),"Don Murray (engineers/mixer), Arturo Sandoval (producer/artist), Gregg Field (producer/engineers/mixer)",TRUE
2013,Best Latin Jazz Album,¡Ritmo!,"Justin Merrill (engineers/mixer), Matt Brownlie (engineers/mixer), Les Brockmann (engineers/mixer), The Clare Fischer Latin Jazz Big Band (artist), Dan Blessinger (engineers/mixer)",TRUE
2013,Best Latin Pop Album,MTV Unplugged: Deluxe Edition.,Juanes,TRUE
2013,"Best Latin Rock, Urban or Alternative Album",Imaginaries,"Quetzal (artist), Dan Sheehy (producer), Pete Reiniger (engineer/mixer)",TRUE
2013,Best Long Form Music Video,Shared with video producers Bryan Ling and Mike Luba.,Big Easy Express,TRUE
2013,Best Long Form Music Video,From the Sky Down,"U2 (artist), Davis Guggenheim (video director/video producer), Belisa Balaban (video producer), Brian Celler (video producer), Ted Skillman (video producer)",FALSE
2013,Best Long Form Music Video,Get Along.,Sade: Bring Me Home Live,FALSE
2013,Best Musical Theater Album,Once: A New Musical.,"Steve Kazee (principal soloist), Cristin Milioti (principal soloist), Steven Epstein (producer), Martin Lowe (producer), Glen Hansard (composer/lyricist), Markéta Irglová (composer/lyricist)",TRUE
2013,Best Musical Theater Album,The Gershwins' Porgy And Bess: New Broadway Cast Recording.,"David Alan Grier (principal soloist), Norm Lewis (principal soloist), Audra McDonald (principal soloist), Tommy Krasker (producer), George Gershwin (composer), Ira Gershwin (lyricist), Dorothy Heyward (lyricist), DuBose Heyward (lyricist)",FALSE
2013,Best Musical Theater Album,Nice Work If You Can Get It: Original Broadway Cast Recording,"Matthew Broderick (principal soloist), Kelli O'Hara (principal soloist), David Chase (producer), Bill Elliott (producer), George Gershwin (composer), Ira Gershwin (lyricist)",FALSE
2013,Best New Age Album,Echoes Of Love,"Omar Akram (artist), Gregg Karukas (producer/engineer/mixer)",TRUE
2013,Best New Artist,Fun.,,TRUE
2013,Best New Artist,Frank Ocean,,FALSE
2013,Best New Artist,The Lumineers,,FALSE
2013,Best Opera Recording,Wagner: Der Ring Des Nibelungen,"The Metropolitan Opera Orchestra and Chorus (artist), Deborah Voigt (soloist), Bryn Terfel (soloist), Jay Hunter Morris (soloist), James Levine (conductor), Fabio Luisi (conductor), Jay David Saks (producer/engineer/mixer), Hans-Peter König (soloist)",TRUE
2013,Best Orchestral Performance,Adams: Harmonielehre & Short Ride In A Fast Machine,"Denise Woodward (engineer/mixer), Gus Pollek (engineer/mixer), Michael Tilson Thomas (conductor), Jack Vad (producer), Roni Jules (engineer/mixer)",TRUE
2013,Best Pop Duo/Group Performance,Somebody That I Used to Know.,"Gotye, Kimbra",TRUE
2013,Best Pop Duo/Group Performance,We Are Young.,"Fun., Janelle Monáe",FALSE
2013,Best Pop Duo/Group Performance,Payphone.,"Maroon 5, Wiz Khalifa",FALSE
2013,Best Pop Instrumental Album,Impressions,Chris Botti,TRUE
2013,Best Pop Instrumental Album,24/7,"Gerald Albright, Norman Brown",FALSE
2013,Best Pop Instrumental Album,Rumbadoodle (Artist: Arun Shenoy),,FALSE
2013,Best Pop Solo Performance,Set Fire to the Rain (Live).,Adele,TRUE
2013,Best Pop Solo Performance,Wide Awake.,Katy Perry,FALSE
2013,Best Pop Solo Performance,Where Have You Been.,Rihanna,FALSE
2013,Best Pop Vocal Album,Stronger.,Kelly Clarkson,TRUE
2013,Best Pop Vocal Album,Some Nights.,Fun.,FALSE
2013,Best Pop Vocal Album,The Truth About Love.,Pink,FALSE
2013,Best R&B Album,Black Radio.,Robert Glasper Experiment,TRUE
2013,Best R&B Album,Write Me Back.,R. Kelly,FALSE
2013,Best R&B Album,Open Invitation.,Tyrese Gibson,FALSE
2013,Best R&B Performance,Climax.,Usher Raymond,TRUE
2013,Best R&B Performance,I Want You.,Luke James,FALSE
2013,Best R&B Performance,Gonna Be Alright (F.T.B).,"Robert Glasper Experiment, Ledisi Young",FALSE
2013,Best R&B Song,Adorn.,Miguel (Songwriter),TRUE
2013,Best R&B Song,Heart Attack.,"Benny Blanco (Songwriter), Trey Songz (Songwriter), Rico Love (Songwriter)",FALSE
2013,Best R&B Song,Beautiful Surprise.,"Tamia (Songwriter), Salaam Remi (Songwriter), Claude Kelly (Songwriter)",FALSE
2013,Best Rap Album,Take Care.,Drake,TRUE
2013,Best Rap Album,Food & Liquor II: The Great American Rap Album. Pt. 1.,Lupe Fiasco,FALSE
2013,Best Rap Album,"God Forgives, I Don't.",Rick Ross,FALSE
2013,Best Rap Performance,Ni**as in Paris.,"Jay-Z, Kanye West",TRUE
2013,Best Rap Performance,HYFR (Hell Ya F***ing Right).,"Drake, Lil' Wayne",FALSE
2013,Best Rap Performance,Mercy.,"Pusha T, Big Sean, Kanye West, 2 Chainz",FALSE
2013,Best Rap Song,Ni**as in Paris.,"Mike Dean (Songwriter), Hit-Boy (Songwriter), Jay-Z (Songwriter), Kanye West (Songwriter)",TRUE
2013,Best Rap Song,"Young, Wild & Free.","Bruno Mars (Songwriter), Wiz Khalifa (Songwriter), Peter Hernandez (Songwriter), Snoop Dogg (Songwriter), Philip Lawrence (Songwriter), Brody Brown (Songwriter)",FALSE
2013,Best Rap Song,Daughters.,"Nas (Songwriter), No I.D. (Songwriter)",FALSE
2013,Best Rap/Sung Collaboration,No Church in the Wild.,"The-Dream, Jay-Z, Frank Ocean, Kanye West",TRUE
2013,Best Rap/Sung Collaboration,Talk That Talk.,"Jay-Z, Rihanna",FALSE
2013,Best Rap/Sung Collaboration,Cherry Wine (Winehouse's nomination is posthumous).,"Nas, Amy Winehouse",FALSE
2013,Best Recording Package,Biophilia,"Michael Amzalag (art director), Mathias Augustyniak (art director)",TRUE
2013,Best Reggae Album,Rebirth,"Clinton Welander (engineer/mixer), John Morrical (engineer/mixer), Tim Armstrong (producer/engineer/mixer), Kevin Bivona (engineer/mixer), Jimmy Cliff (artist), David J. Bonner (engineer/mixer), Bill Mims (engineer/mixer)",TRUE
2013,Best Regional Mexican Music Album (including tejano),Pecados Y Milagros,"Rodolfo A. Vazquez (engineers/mixer), Alan Saucedo (engineers/mixer), Lila Downs (artist/producer), Paul Cohen (producer), Aneiro Taño (producer)",TRUE
2013,Best Regional Roots Music Album,The Band Courtbouillon,"Joel Savoy (engineer/mixer), Wilson Savoy (artist), Steve Riley (artist), Wayne Toups (artist)",TRUE
2013,Best Remixed Recording,Promises (Skrillex and Nero remix),"Skrillex, Nero",TRUE
2013,"Best Remixed Recording, Non-Classical",Promises (Skrillex & Nero Remix),"Joseph Ray (remixer), Skrillex (remixer), Daniel Stephens (remixer)",TRUE
2013,Best Rock Album,El Camino.,The Black Keys,TRUE
2013,Best Rock Album,Mylo Xyloto.,Coldplay,FALSE
2013,Best Rock Album,The 2nd Law.,Muse,FALSE
2013,Best Rock Performance,Lonely Boy.,The Black Keys,TRUE
2013,Best Rock Performance,We Take Care of Our Own.,Bruce Springsteen,FALSE
2013,Best Rock Performance,I Will Wait.,Mumford & Sons,FALSE
2013,Best Rock Song,Lonely Boy.,"Dan Auerbach (Songwriter), Patrick J. Carney (Songwriter), Danger Mouse (Songwriter)",TRUE
2013,Best Rock Song,Freedom At 21.,Jack White (Songwriter),FALSE
2013,Best Rock Song,Madness.,Matthew Bellamy (Songwriter),FALSE
2013,Best Score Soundtrack for Visual Media,The Girl with the Dragon Tattoo,"Trent Reznor, Atticus Ross",TRUE
2013,Best Score Soundtrack for Visual Media,Journey,Austin Wintory,FALSE
2013,Best Score Soundtrack for Visual Media,The Artist,Ludovic Bource,FALSE
2013,Best Short Form Music Video,Houdini.,Rihanna Feat. Calvin Harris: We Found Love,TRUE
2013,Best Short Form Music Video,Jay-Z & Kanye West Feat. Frank Ocean: No Church in the Wild,"Jay-Z (artist), Kanye West (artist), Frank Ocean (artist), The-Dream (artist), Romain Gavras (video director), Mourad Belkeddar (video producer)",FALSE
2013,Best Short Form Music Video,Run Boy Run.,"Woodkid (artist/video director), Roman Pichon Herrera (video producer)",FALSE
2013,Best Song Written for Visual Media,Safe & Sound.,The Hunger Games,TRUE
2013,Best Song Written for Visual Media,Let Me Be Your Star.,Smash,FALSE
2013,Best Song Written for Visual Media,Man or Muppet.,The Muppets,FALSE
2013,Best Spoken Word Album,Society's Child: My Autobiography.,Janis Ian,TRUE
2013,Best Spoken Word Album,Seriously... I'm Kidding.,Ellen DeGeneres,FALSE
2013,Best Spoken Word Album,American Grown (Michelle Obama).,,FALSE
2013,"Best Spoken Word Album (includes poetry, audio books & storytelling)",Society's Child: My Autobiography,"Ted Scott (engineer/mixer), Stefan Rudnicki (producer/engineer/mixer), Jason Ojalvo (producer), Jason Ojalvo (producer), Christina Harcar (producer), Janis Ian (artist), Mike Marzuk (producer)",TRUE
2013,Best Surround Sound Album,Modern Cool,"Jim Anderson (surround mix engineer), Darcy Proper (surround mastering engineer), Michael Friedman (surround producer)",TRUE
2013,Best Traditional Pop Vocal Album,Kisses on the Bottom.,Paul McCartney,TRUE
2013,Best Traditional Pop Vocal Album,Christmas.,Michael Bublé,FALSE
2013,Best Traditional R&B Performance,Love On Top.,Beyoncé,TRUE
2013,Best Traditional R&B Performance,Real Good Hands.,Gregory Porter,FALSE
2013,Best Traditional R&B Performance,If You Only Knew.,S.W.V.,FALSE
2013,Best Tropical Latin Album,Retro,"Marlow Rosado Y La Riqueña (artist), Victor Hernández (engineer/mixer)",TRUE
2013,Best Urban Contemporary Album,Channel Orange.,Frank Ocean,TRUE
2013,Best Urban Contemporary Album,Kaliedoscope Dream.,Miguel,FALSE
2013,Best World Music Album,The Living Room Sessions Part 1,"Ravi Shankar (artist), Barry Phillips (producer/engineer/mixer)",TRUE
2013,Producer of the Year (Non-Classical),Dan Auerbach,,TRUE
2013,Producer of the Year (Non-Classical),Jeff Bhasker,,FALSE
2013,Producer of the Year (Non-Classical),Salaam Remi,,FALSE
2013,"Producer of the Year, Classical",Blanton Alspaugh (producer),,TRUE
2013,"Producer of the Year, Non-Classical",Dan Auerbach (producer),,TRUE
2013,Record of the Year,Somebody That I Used to Know.,"Gotye (Producer/Engineer/Mixer), Kimbra, François Tétaz (Engineer/Mixer), William Bowden (Mastering Engineer)",TRUE
2013,Record of the Year,Stronger (What Doesn't Kill You),"Kelly Clarkson (Artist), Serban Ghenea (Engineer/Mixer), Chris Gehringer (Mastering Engineer), Greg Kurstin (Producer) (Engineer/Mixer), Jesse Shatkin (Engineer/Mixer), John Hanes (Engineer/Mixer)",FALSE
2013,Record of the Year,Lonely Boy.,"The Black Keys (Producers), Danger Mouse (Producer), Tom Elmhirst (Engineer/Mixer), Kennie Takahashi (Engineer/Mixer), Brian Lucey (Mastering Engineer)",FALSE
2013,Song of the Year,We Are Young.,"Jack Antonoff (Songwriter), Jeff Bhasker (Songwriter), Andrew Dost (Songwriter), Nate Ruess (Songwriter)",TRUE
2013,Song of the Year,The a Team.,Ed Sheeran (Songwriter),FALSE
2013,Song of the Year,Adorn.,Miguel (Songwriter),FALSE
2014,Album of the Year,Random Access Memories.,"Daft Punk (Artist), Julian Casablancas (Featured Artist/Producer), DJ Falcon (Featured Artist/Producer), Todd Edwards (Featured Artist), Chilly Gonzales (Featured Artist), Giorgio Moroder (Featured Artist), Panda Bear (Featured Artist), Nile Rodgers (Featured Artist), Paul Williams (Featured Artist), Pharrell Williams (Featured Artist), Thomas Bangalter (Producer), Guy-Manuel De Homem-Christo (Producer), Peter Franco (Producer), Florian Lagatta (Producer), Guillaume Le Braz (Producer), Daniel Lerner (Producer), Antoine 'Chab' Chabert (Mastering Engineer), Bob Ludwig (Mastering Engineer)",TRUE
2014,Album of the Year,The Blessed Unrest.,"Sara Bareilles (Artist/Producer), Mark Endert (Producer/Engineer/Mixer), John O'Mahony (Producer/Engineer/Mixer), Jeremy Darby (Engineer/Mixer), Greg Calbi (Mastering Engineer)",FALSE
2014,Best Album Notes,Afro Blue Impressions (Remastered & Expanded),Neil Tesser (album notes writer),TRUE
2014,Best Alternative Music Album,Modern Vampires of the City.,Vampire Weekend,TRUE
2014,Best Alternative Music Album,Hesitation Marks.,Nine Inch Nails,FALSE
2014,Best Alternative Music Album,Trouble Will Find Me.,The National,FALSE
2014,Best American Roots Song,Love Has Come For You.,"Edie Brickell (songwriter), Steve Martin (songwriter)",TRUE
2014,Best Americana Album,Old Yellow Moon.,"Emmylou Harris, Rodney Crowell",TRUE
2014,Best Americana Album,Buddy and Jim.,"Buddy Miller, Jim Lauderdale",FALSE
2014,Best Americana Album,One True Vine.,Mavis Staples,FALSE
2014,Best Bluegrass Album,The Streets of Baltimore.,The Del McCoury Band,TRUE
2014,Best Blues Album,Get Up!,"Ben Harper, Charlie Musselwhite",TRUE
2014,Best Boxed or Special Limited Edition Package,Wings Over America (Deluxe Edition),"Paul McCartney (artist), James Musgrave (art director), Simon Earith (art director)",TRUE
2014,Best Chamber Music/Small Ensemble Performance,Roomful Of Teeth,"Jesse Lewis (engineer), Brad Wells (conductor), Roomful Of Teeth (ensemble), Jesse Lewis (producer), Marc Donahue (engineer)",TRUE
2014,Best Children's Album,Throw A Penny In The Wishing Well,"Jennifer Gasoi (producer), Pierre Messier (engineers/mixer)",TRUE
2014,Best Choral Performance,Pärt: Adam's Lament,"Tallinn Chamber Orchestra (artist), Sinfonietta Riga (artist), Vox Clamantis (artist), Latvian Radio Choir (artist), Estonian Philharmonic Chamber Choir (artist), Rainer Vilu (artist), Tui Hirv (artist), Stephan Schellmann (engineer), Peter Laenger (engineer), Tõnu Kaljuste (conductor), Manfred Eicher (producer)",TRUE
2014,Best Classical Compendium,Hindemith: Violinkonzert; Symphonic Metamorphosis; Konzertmusik,"Christoph Eschenbach (conductor/artist), Dominik Blech (engineer), Björn Brigsne (engineer)",TRUE
2014,Best Classical Instrumental Solo,Corigliano: Conjurer - Concerto For Percussionist & String Orchestra,"Evelyn Glennie (conductor), David Alan Miller (conductor), Silas Brown (producer/engineer), John Corigliano (producer/engineer)",TRUE
2014,Best Classical Vocal Solo,Winter Morning Walks,"The Saint Paul Chamber Orchestra (artist), Australian Chamber Orchestra (artist), Maria Schneider (artist), Dawn Upshaw (soloist), David Frost (producer/engineer), Brian Losch (engineer), Tim Martyn (engineer)",TRUE
2014,Best Comedy Album,Calm Down Gurrl.,Kathy Griffin,TRUE
2014,Best Comedy Album,I'm Here to Help.,Craig Ferguson,FALSE
2014,Best Comedy Album,Live.,Tig Notaro,FALSE
2014,Best Compilation Soundtrack for Visual Media,Sound City: Real To Reel,Sound City,TRUE
2014,Best Compilation Soundtrack for Visual Media,Les Misérables (Deluxe Edition),Les Misérables,FALSE
2014,Best Compilation Soundtrack for Visual Media,The Great Gatsby (Deluxe Edition),The Great Gatsby,FALSE
2014,Best Contemporary Christian Music Album,Overcomer,"David Garcia (producer/engineers/mixer), Christopher Stevens (producer/engineers/mixer)",TRUE
2014,Best Contemporary Christian Music Song,Overcomer,"Christopher Stevens (songwriter), David Garcia (songwriter), Ben Glover (songwriter)",TRUE
2014,Best Contemporary Classical Composition,"Schneider, Maria: Winter Morning Walks",Maria Schneider (composer),TRUE
2014,Best Country Album,Same Trailer Different Park.,Kacey Musgraves,TRUE
2014,Best Country Album,Night Train.,Jason Aldean,FALSE
2014,Best Country Album,Two Lanes of Freedom.,Tim McGraw,FALSE
2014,Best Country Duo/Group Performance,From This Valley.,The Civil Wars,TRUE
2014,Best Country Duo/Group Performance,You Can't Make Old Friends.,"Kenny Rogers, Dolly Parton",FALSE
2014,Best Country Duo/Group Performance,Highway Don't Care.,"Tim McGraw, Taylor Swift, Keith Urban",FALSE
2014,Best Country Solo Performance,Wagon Wheel.,Darius Rucker,TRUE
2014,Best Country Solo Performance,I Want Crazy.,Hunter Hayes,FALSE
2014,Best Country Solo Performance,Mama's Broken Heart.,Miranda Lambert,FALSE
2014,Best Country Song,Merry Go 'Round.,"Shane McAnally (Songwriter), Kacey Musgraves (Songwriter), Josh Osborne (Songwriter)",TRUE
2014,Best Country Song,Being Again.,Taylor Swift (songwriter),FALSE
2014,Best Dance Recording,Clarity.,"Foxes (Artist), Zedd (Artist/Producer/Mixer)",TRUE
2014,Best Dance Recording,Sweet Nothing.,"Calvin Harris (Artist/Producer/Mixer), Florence Welch (Artist)",FALSE
2014,Best Dance/Electronica Album,Random Access Memories.,Daft Punk,TRUE
2014,Best Dance/Electronica Album,Atmosphere.,Kaskade,FALSE
2014,"Best Engineered Album, Classical",Winter Morning Walks,"Australian Chamber Orchestra (artist), Maria Schneider (artist), Dawn Upshaw (artist), David Frost (engineer), Brian Losch (engineer), Tim Martyn (engineer/mastering engineer)",TRUE
2014,"Best Engineered Album, Non-Classical",Random Access Memories,"Daft Punk (artist), Bob Ludwig (mastering engineer), Antoine 'Chab' Chabert (mastering engineer), Daniel Lerner (engineer), Florian Lagatta (engineer), Mick Guzauski (engineer), Peter Franco (engineer)",TRUE
2014,Best Folk Album,My Favorite Picture Of You,"Guy Clark (artist/producer), Shawn Camp (artist/producer), Chris Latham (producer/engineer/mixer)",TRUE
2014,Best Gospel Album,Greater Than [Live],"Brian Thomason (engineers/mixer), Ryan Moys (engineers/mixer), John Jaszcz (engineers/mixer), Tye Tribbett (producer), Brandon Jones (producer)",TRUE
2014,Best Gospel Song,If He Did It Before... Same God [Live],Tye Tribbett (songwriter),TRUE
2014,Best Gospel/Contemporary Christian Music Performance,Break Every Chain [Live],Tasha Cobbs (artist),TRUE
2014,Best Historical Album,The Complete Sussex And Columbia Albums,"Mark Wilder (mastering engineer), Tom Ruff (mastering engineer), Leo Sacks (compilation producer), Joseph M. Palmaccio (mastering engineer)",TRUE
2014,Best Improvised Jazz Solo,Orbits,Wayne Shorter (soloist),TRUE
2014,Best Instrumental Arrangement,On Green Dolphin Street,Gordon Goodwin (arranger),TRUE
2014,Best Instrumental Arrangement Accompanying Vocalist(s),Swing Low,Gil Goldstein (arranger),TRUE
2014,Best Instrumental Composition,Pensamientos For Solo Alto Saxophone And Chamber Orchestra,Clare Fischer (composer),TRUE
2014,Best Jazz Instrumental Album,Money Jungle: Provocative In Blue,"Mike Marciano (engineers/mixer), Terri Lyne Carrington (producer/artist), Jeremy Loucas (engineers/mixer)",TRUE
2014,Best Jazz Vocal Album,Liquid Spirit,"Jay Newland (engineer/mixer), Gregory Porter (artist), Brian Bacchus (producer)",TRUE
2014,Best Large Jazz Ensemble Album,Night In Calisia,"Randy Brecker (artist), Wlodek Pawlik (artist), Jacek Gawlowski (engineers/mixer), Leszek Kaminski (engineers/mixer)",TRUE
2014,Best Latin Jazz Album,Song For Maura,"Daniel Freiberg (engineers/mixer), Carlos Akamine (producer), Brenda Feliciano (producer), Jacques Figueras (producer), Paquito D'Rivera (artist), Trio Sorrento (artist)",TRUE
2014,Best Latin Pop Album,Vida.,Draco Rosa,TRUE
2014,"Best Latin Rock, Urban or Alternative Album",Treinta Días,"La Santa Cecilia (artist), Sebastian Krys (producer/engineers/mixer)",TRUE
2014,Best Metal Performance,God Is Dead?,Black Sabbath (artist),TRUE
2014,Best Music Film,Paul McCartney's Live Kisses,"Jonas Åkerlund (video director), Violaine Etienne (video producer), Aron Levine (video producer), Scott Rodger (video producer)",TRUE
2014,Best Music Film,I'm in I'm Out and I'm Gone: The Making of Get Up!,"Danny Clinch (video director), Ben Harper (video producer)",FALSE
2014,Best Music Film,¡Cuatro!,"Tim Wheeler (video director), Tim Lynch (video producer)",FALSE
2014,Best Music Video,Justin Timberlake Ft. Jay-Z: Suit & Tie,"David Fincher (video director), Timory King (video producer)",TRUE
2014,Best Music Video,Jack White: I'm Shakin',"Dori Oskowitz (video director), Raquel Castello (video producer)",FALSE
2014,Best Music Video,Picasso Baby: A Performance Art Film,"Mark Romanek (video director), Jay-Z (video producer), Aristides McGarry (video producer)",FALSE
2014,Best Musical Theater Album,Kinky Boots,"Derik Lee (engineer/mixer), Billy Porter (principal soloist), Stark Sands (principal soloist), Cyndi Lauper (composer & lyricist/producer), Sammy James Jr. (producer), Stephen Oremus (producer), William Wittman (producer/engineer/mixer)",TRUE
2014,Best New Age Album,Love's River,"Eric Sullivan (producer), Laura Sullivan (artist)",TRUE
2014,Best New Artist,"Macklemore, Ryan Lewis",,TRUE
2014,Best New Artist,James Blake,,FALSE
2014,Best New Artist,Kendrick Lamar,,FALSE
2014,Best Opera Recording,Adès: The Tempest,"The Metropolitan Opera Orchestra and Chorus (soloist), Alan Oke (soloist), Audrey Luna (soloist), Isabel Leonard (soloist), Simon Keenlyside (soloist), Jay David Saks (producer), Thomas Adès (conductor)",TRUE
2014,Best Orchestral Performance,Sibelius: Symphonies Nos. 1 & 4.,Osmo Vänskä,TRUE
2014,Best Pop Duo/Group Performance,Get Lucky.,"Daft Punk, Pharrell Williams",TRUE
2014,Best Pop Duo/Group Performance,Just Give Me a Reason.,"Pink, Nate Ruess",FALSE
2014,Best Pop Duo/Group Performance,Blurred Lines.,"Robin Thicke, T.I., Pharrell Williams",FALSE
2014,Best Pop Instrumental Album,Steppin' Out,"Alan Meyerson (engineers/mixer), Hussain Jiffry (engineers/mixer), Mick Guzauski (engineers/mixer), Herb Alpert (artist/producer), Lani Hall (producer)",TRUE
2014,Best Pop Solo Performance,Royals.,Lorde,TRUE
2014,Best Pop Solo Performance,Mirrors.,Justin Timberlake,FALSE
2014,Best Pop Solo Performance,Brave.,Sara Bareilles,FALSE
2014,Best Pop Vocal Album,Unorthodox Jukebox.,Bruno Mars,TRUE
2014,Best Pop Vocal Album,Paradise.,Lana Del Rey,FALSE
2014,Best Pop Vocal Album,Blurred Lines.,Robin Thicke,FALSE
2014,Best R&B Album,Girl On Fire.,Alicia Keys,TRUE
2014,Best R&B Album,R&B Divas.,Faith Evans,FALSE
2014,Best R&B Album,Three Kings.,"Tyrese Gibson, Ginuwine, Durrell 'Tank' Babbs",FALSE
2014,Best R&B Performance,Something.,"Snarky Puppy, Lalah Hathaway",TRUE
2014,Best R&B Performance,Nakamarra.,"Hiatus Kaiyote, Q-Tip",FALSE
2014,Best R&B Performance,Love and War.,Tamar Braxton,FALSE
2014,Best R&B Song,Pusher Love Girl.,"James Fauntleroy (songwriter), Jerome Harmon (songwriter), Timbaland (songwriter), Justin Timberlake (songwriter)",TRUE
2014,Best R&B Song,Only One.,PJ Morton,FALSE
2014,Best Rap Album,The Heist.,"Macklemore, Ryan Lewis",TRUE
2014,Best Rap Album,Magna Carta... Holy Grail.,Jay-Z,FALSE
2014,Best Rap Album,"Good Kid, M.A.A.D City.",Kendrick Lamar,FALSE
2014,Best Rap Performance,Thrift Shop.,"Macklemore, Ryan Lewis, Wanz",TRUE
2014,Best Rap Performance,Berzerk.,Eminem,FALSE
2014,Best Rap Performance,Swimming Pools (Drank).,Kendrick Lamar,FALSE
2014,Best Rap Song,Thrift Shop.,"Ryan Lewis (Songwriter), Macklemore (Songwriter)",TRUE
2014,Best Rap Song,Started From the Bottom.,"Drake (songwriter), Noah Shebib (songwriter), Mike Zombie (songwriter)",FALSE
2014,Best Rap Song,Holy Grail.,"Jay-Z (songwriter), The-Dream (songwriter), Jerome Harmon (songwriter), Timbaland (songwriter), Justin Timberlake (songwriter), No I.D. (songwriter)",FALSE
2014,Best Rap/Sung Collaboration,Holy Grail.,"Jay-Z, Justin Timberlake",TRUE
2014,Best Rap/Sung Collaboration,Part II (On the Run).,"Jay-Z, Beyoncé",FALSE
2014,Best Rap/Sung Collaboration,Remember You.,"Wiz Khalifa, The Weeknd",FALSE
2014,Best Recording Package,Long Night Moon,"Shauna Dodds (art director), Sarah Dodds (art director)",TRUE
2014,Best Reggae Album,Ziggy Marley In Concert,"Fabian Cooke (engineers/mixer), Ziggy Marley (producer/artist), Errol Brown (engineers/mixer)",TRUE
2014,Best Regional Mexican Music Album (including tejano),A Mi Manera,"Mariachi Divas de Cindy Shea (artist), Salvador ""Chava"" Sandoval (engineer/mixer)",TRUE
2014,Best Regional Roots Music Album,Dockside Sessions,"David Farrell (producer/engineers/mixer), Terrance Simien & The Zydeco Experience (artist), George Receli (producer)",TRUE
2014,Best Rock Album,For the album 'Celebration Day'.,Led Zeppelin,TRUE
2014,Best Rock Album,The Next Day.,David Bowie,FALSE
2014,Best Rock Album,Psychedelic Pill.,"Neil Young, Crazy Horse",FALSE
2014,Best Rock Performance,Radioactive.,Imagine Dragons,TRUE
2014,Best Rock Performance,The Stars (Are Out Tonight).,David Bowie,FALSE
2014,Best Rock Performance,Kashmir (Live).,Led Zeppelin,FALSE
2014,Best Rock Song,Cut Me Some Slack,"Dave Grohl (songwriter/artist), Paul McCartney (songwriter/artist), Krist Novoselic (songwriter/artist), Pat Smear (songwriter/artist)",TRUE
2014,Best Score Soundtrack for Visual Media,Skyfall,Thomas Newman,TRUE
2014,Best Score Soundtrack for Visual Media,Life of Pi,Mychael Danna,FALSE
2014,Best Score Soundtrack for Visual Media,The Great Gatsby,Craig Armstrong,FALSE
2014,Best Song Written for Visual Media,Skyfall,Skyfall,TRUE
2014,Best Song Written for Visual Media,We Both Know,Safe Haven,FALSE
2014,Best Song Written for Visual Media,Young and Beautiful,The Great Gatsby,FALSE
2014,Best Spoken Word Album,America Again: Re-becoming The Greatness We Never Weren't.,Stephen Colbert,TRUE
2014,Best Spoken Word Album,Still Foolin' 'Em.,Billy Crystal,FALSE
2014,Best Spoken Word Album,Let's Explore Diabetes With Owls.,David Sedaris,FALSE
2014,Best Surround Sound Album,Live Kisses,"Paul McCartney (artist), Al Schmitt (surround mix engineer), Tommy LiPuma (surround producer)",TRUE
2014,Best Traditional Pop Vocal Album,To Be Loved.,Michael Bublé,TRUE
2014,Best Traditional Pop Vocal Album,Now.,Dionne Warwick,FALSE
2014,Best Traditional Pop Vocal Album,Viva Duets.,Tony Bennett,FALSE
2014,Best Traditional R&B Performance,Please Come Home.,Gary Clark Jr.,TRUE
2014,Best Traditional R&B Performance,Hey Laura.,Gregory Porter,FALSE
2014,Best Traditional R&B Performance,Yesterday.,Ryan Shaw,FALSE
2014,Best Tropical Latin Album,Pacific Mambo Orchestra,Pacific Mambo Orchestra (artist),TRUE
2014,Best Urban Contemporary Album,Unapologetic.,Rihanna,TRUE
2014,Best Urban Contemporary Album,One: In the Chamber.,Salaam Remi,FALSE
2014,Best Urban Contemporary Album,New York: A Love Story.,Tristan Mack Wilds,FALSE
2014,Best World Music Album,Savor Flamenco,"James Farber (engineers/mixer), Gipsy Kings (artist), René Ameline (engineers/mixer)",TRUE
2014,Producer of the Year (Non-Classical),Pharrell Williams,,TRUE
2014,Producer of the Year (Non-Classical),Dr. Luke,,FALSE
2014,Producer of the Year (Non-Classical),Rob Cavallo,,FALSE
2014,"Producer of the Year, Classical",David Frost (artist),,TRUE
2014,"Producer of the Year, Non-Classical",Pharrell Williams (producer),,TRUE
2014,Record of the Year,Get Lucky.,"Daft Punk (Artist), Nile Rodgers (Artist), Pharrell Williams (Artist), Thomas Bangalter (Producer), Guy-Manuel De Homem-Christo (Producer), Peter Franco (Engineer/Mixer), Mick Guzauski (Engineer/Mixer), Florian Lagatta (Engineer/Mixer), Daniel Lerner (Engineer/Mixer), Antoine 'Chab' Chabert (Mastering Engineer), Bob Ludwig (Mastering Engineer)",TRUE
2014,Record of the Year,Radioactive.,"Imagine Dragons (Artist), Alex da Kid (Producer), Manny Marroquin (Engineer/Mixer), Joshua Mosser (Engineer/Mixer), Joe LaPorta (Mastering Engineer)",FALSE
2014,Record of the Year,Blurred Lines.,"Robin Thicke (Artist), T.I. (Artist), Pharrell Williams (Artist/Producer), Andrew Coleman (Engineer/Mixer), Tony Maserati (Engineer/Mixer), Chris Gehringer (Mastering Engineer)",FALSE
2014,Song of the Year,Royals.,"Joel Little (Songwriter), Lorde (Songwriter)",TRUE
2014,Song of the Year,Just Give Me a Reason.,"Jeff Bhasker (Songwriter), Pink (Songwriter), Nate Ruess (Songwriter)",FALSE
2014,Song of the Year,Locked Out of Heaven.,"Philip Lawrence (Songwriter), Ari Levine (Songwriter), Bruno Mars (Songwriter)",FALSE
2014,Best Long Form Music Video,I'm In I'm Out And I'm Gone: The Making Of Get Up!,Coldplay Live 2012,FALSE
2014,Best Long Form Music Video,Mumford & Sons: The Road to Red Rocks,"Mumford & Sons (Artist), Nicolas Jack Davies (Video Director), Frederick Scott (Video Director), Dan Bowen (Video Producer)",FALSE
2014,Best Long Form Music Video,¡Cuatro!,"Green Day (Artist), Tim Wheeler (Video Director), Tim Lynch (Video Producer)",FALSE
2014,Best Remixed Recording,"Best Remixed Recording, Non-Classical-One Love/People Get Ready (Photek Remix) Photek, remixer (Bob Marley And The Wailers) Track from: Legend Remixed",,FALSE
2014,"Best Remixed Recording, Non-Classical",Bob Marley - One Love/People Get Ready (Photek remix),Legend Remixed,FALSE
2014,Best Short Form Music Video,Capital Cities: Safe and Sound,"Capital Cities (Artist), Grady Hall (Video Director), Buddy Enright (Video Producer)",FALSE
2014,Best Short Form Music Video,Justin Timberlake Ft. Jay-Z: Suit & Tie,"David Fincher (Video Director), Jay-Z (Artist), Justin Timberlake (Artist), Timory King (Video Producer)",FALSE
2014,Best Short Form Music Video,Picasso Baby: A Performance Art Film,"Jay-Z (Artist/Producer), Aristides McGarry (Video Producer), Mark Romanek (Video Director)",FALSE
2015,Album of the Year,Morning Phase.,"Beck (artist/producer), Tom Elmhirst (engineer/mixer), David Greenbaum (engineer/mixer), Florian Lagatta (engineer/mixer), Robbie Nelson (engineer/mixer), Cassidy Turbin (engineer/mixer), Joe Visciano (engineer/mixer), Bob Ludwig (mastering engineer)",TRUE
2015,Album of the Year,x.,"Ed Sheeran (artist), Jeff Bhasker (producer), Benny Blanco (producer), Jake Gosling (producer/engineer/mixer), John McDaid (producer/engineer/mixer), Rick Rubin (producer), Pharrell Williams (producer), Andrew Coleman (engineer/mixer), Tyler S. Johnson (engineer/mixer), Mark Stent (engineer/mixer), Geoffrey Swann (engineer/mixer), Stuart Hawkes (mastering engineer)",FALSE
2015,Album of the Year,In the Morning Hour.,"Sam Smith (artist), Steve Fitzmaurice (producer/engineer/mixer), Howard Lawrence (producer), Zane Lowe (producer), Maurice 'Mojam' Jamal (producer), Jimmy Napes (producer/engineer/mixer), Naughty Boy (producer), Fraser T. Smith (producer), Eg White (producer/engineer/mixer), Michael Angelo (engineer/mixer), Graham Archer (engineer/mixer), Simon Hale (engineer/mixer), James Murray (engineer/mixer), Mustafa Omer (engineer/mixer), Dan Parry (engineer/mixer), Steve Price (engineer/mixer), Tom Coyne (mastering engineer), Stuart Hawkes (mastering engineer)",FALSE
2015,Best Album Notes,Offering: Live At Temple University,Ashley Kahn (album notes writer),TRUE
2015,Best Alternative Music Album,St. Vincent.,St. Vincent,TRUE
2015,Best Alternative Music Album,Reflektor.,Arcade Fire,FALSE
2015,Best Alternative Music Album,Lazaretto.,Jack White,FALSE
2015,Best American Roots Performance,A Feather's Not a Bird.,Rosanne Cash,TRUE
2015,Best American Roots Song,A Feather's Not a Bird.,Rosanne Cash,TRUE
2015,Best Americana Album,The River & the Thread.,Rosanne Cash,TRUE
2015,"Best Arrangement, Instrumental or a Cappella",Daft Punk,"Ben Bram (arranger), Pentatonix (arranger)",TRUE
2015,"Best Arrangement, Instruments and Vocals",New York Tendaberry,Billy Childs (arranger),TRUE
2015,Best Bluegrass Album,The Earls Of Leicester,Bil VornDick (engineer/mixer),TRUE
2015,Best Blues Album,Step Back,"Brendan Muldowney (engineers/mixer), Mike Goldberg (engineers/mixer), Johnny Winter (artist), Paul Nelson (producer)",TRUE
2015,Best Boxed or Special Limited Edition Package,"The Rise & Fall Of Paramount Records, Volume One (1917-27) (Various Artists)","Jack White (art director), Susan Archie (art director), Dean Blackwood (art director)",TRUE
2015,Best Chamber Music/Small Ensemble Performance,In 27 Pieces - The Hilary Hahn Encores,"Hilary Hahn (producer), Andreas K. Meyer (producer/engineers/mixer), Julian Schwenker (engineers/mixer)",TRUE
2015,Best Children's Album,I Am Malala: How One Girl Stood Up For Education And Changed The World (Malala Yousafzai),"Neela Vaswani (artist), Cheryl Smith (producer), Jared O'Connell (engineer/mixer)",TRUE
2015,Best Choral Performance,The Sacred Spirit Of Russia,"Brad Michel (engineer/mixer), Robina G. Young (producer), Craig Hella Johnson (conductor)",TRUE
2015,Best Classical Compendium,Partch: Plectra & Percussion Dances,"John Schneider (producer), John Baffa (engineer/mixer)",TRUE
2015,Best Classical Instrumental Solo,Play,"Bruce Egre (engineer/mixer), Alan Bise (producer), Jason Vieaux (producer)",TRUE
2015,Best Classical Solo Vocal Album,Douce France,"Thomas Dappelo (engineer/mixer), Jean-Pierre Loisil (producer), Anne Sofie von Otter (soloist)",TRUE
2015,Best Comedy Album,Mandatory Fun.,'Weird Al' Yankovic,TRUE
2015,Best Comedy Album,Oh My God.,Louis C.K.,FALSE
2015,Best Comedy Album,We Are Miracles.,Sarah Silverman,FALSE
2015,Best Compilation Soundtrack for Visual Media,For both the single and deluxe edition soundtrack albums.,Frozen,TRUE
2015,Best Compilation Soundtrack for Visual Media,"Guardians of the Galaxy: Awesome Mix, Vol. 1.",Get on Up,FALSE
2015,Best Compilation Soundtrack for Visual Media,The Wolf of Wall Street,Robbie Robertson (compilation producer),FALSE
2015,Best Contemporary Christian Music Album,Run Wild. Live Free. Love Strong.,"For King & Country (artist/producer), Ainslie Grosser (engineers/mixer), Mike X O’Connor (engineers/mixer)",TRUE
2015,Best Contemporary Christian Music Performance/Song,Messengers,"Luke Smallbone (songwriter), Joel Smallbone (songwriter), Joseph Prielozny (songwriter), Kenneth Chris (songwriter), Lecrae (artist/songwriter), For King & Country (artist), Torrance Esmond (songwriter), Ran Jackson (songwriter), Ricky Jackson (songwriter)",TRUE
2015,Best Contemporary Classical Composition,Best Contemporary Classical Composition,John Luther Adams (composer),TRUE
2015,Best Contemporary Instrumental Album,Bass & Mandolin.,"Chris Thile, Edgar Meyer",TRUE
2015,Best Contemporary Instrumental Album,Jazz Funk Soul.,"Jeff Lorber, Chuck Loeb, Everette Harp",FALSE
2015,Best Contemporary Instrumental Album,Nathan East.,Nathan East,FALSE
2015,Best Country Album,Platinum.,Miranda Lambert,TRUE
2015,Best Country Album,Riser.,Dierks Bentley,FALSE
2015,Best Country Album,The Way I'm Livin'.,Lee Ann Womack,FALSE
2015,Best Country Duo/Group Performance,Gentle On My Mind.,The Band Perry,TRUE
2015,Best Country Duo/Group Performance,Day Drinking.,Little Big Town,FALSE
2015,Best Country Duo/Group Performance,Meanwhile Back At Mama's.,"Tim McGraw, Faith Hill",FALSE
2015,Best Country Solo Performance,Something in the Water.,Carrie Underwood,TRUE
2015,Best Country Solo Performance,Invisible.,Hunter Hayes,FALSE
2015,Best Country Solo Performance,Automatic.,Miranda Lambert,FALSE
2015,Best Country Song,I'm Not Gonna Miss You.,"Glen Campbell (songwriter), Julian Raymond (songwriter)",TRUE
2015,Best Country Song,Automatic.,"Nicolle Galyon (songwriter), Natalie Hemby (songwriter), Miranda Lambert (songwriter)",FALSE
2015,Best Country Song,Meanwhile Back at Mama's.,"Tom Douglas (songwriter), Jaren Johnston (songwriter), Jeffrey Steele (songwriter)",FALSE
2015,Best Dance Recording,Rather Be.,"Clean Bandit (artist), Jess Glynne (artist), Grace Chatto (producer)",TRUE
2015,Best Dance Recording,F for You.,"Disclosure (Artist/Producer/Mixer), Mary J. Blige (Artist)",FALSE
2015,Best Dance Recording,Faded.,Zhu (Artist/Producer/Mixer),FALSE
2015,Best Dance/Electronic Album,Syro,Aphex Twin (producer),TRUE
2015,Best Dance/Electronica Album,Syro.,Aphex Twin,TRUE
2015,Best Dance/Electronica Album,Nabuma Rubberband.,Little Dragon,FALSE
2015,Best Dance/Electronica Album,Do It Again.,"Röyksopp, Robyn Carlsson",FALSE
2015,"Best Engineered Album, Classical",Vaughan Williams: Dona Nobis Pacem; Symphony No. 4; The Lark Ascending,"Atlanta Symphony Chorus (artist), Atlanta Symphony Orchestra (artist), Michael Bishop (engineer/mastering engineer), Robert Spano (artist), Norman MacKenzie (artist)",TRUE
2015,"Best Engineered Album, Non-Classical",Morning Phase,"Bob Ludwig (mastering engineer), Joe Visciano (engineer), Cassidy Turbin (engineer), Darrell Thorp (engineer), Robbie Nelson (engineer), Florian Lagatta (engineer), Drew Brown (engineer), Tom Elmhirst (engineer), David Greenbaum (engineer), Cole Marsden Greif-Neill (engineer)",TRUE
2015,Best Folk Album,Remedy,"Old Crow Medicine Show (artist), Ted Hutt (producer/engineers/mixer/artist), Ryan Mall (engineers/mixer)",TRUE
2015,Best Gospel Album,Help,"Larry Whitt (engineers/mixer), Rob Chiarelli (engineers/mixer), Erica Campbell (artist), Warryn Campbell (producer)",TRUE
2015,Best Gospel Performance/Song,No Greater Love,"Smokie Norful (songwriter/artist), Aaron Lindsey (songwriter)",TRUE
2015,Best Historical Album,"The Garden Spot Programs, 1950","Michael Graves (mastering engineer), Colin Escott (compilation producer), Cheryl Pawelski (compilation producer)",TRUE
2015,Best Improvised Jazz Solo,Fingerprints.,Chick Corea,TRUE
2015,Best Improvised Jazz Solo,You and the Night and the Music.,Fred Hersch,FALSE
2015,Best Improvised Jazz Solo,The Eye of the Hurricane.,Kenny Barron,FALSE
2015,Best Instrumental Composition,The Book Thief from The Book Thief Original Motion Picture Soundtrack,The Book Thief,TRUE
2015,Best Instrumental Composition,Life In The Bubble from Life In The Bubble,Gordon Goodwin,FALSE
2015,Best Instrumental Composition,Last Train To Sanity from Up,Stanley Clarke,FALSE
2015,Best Jazz Instrumental Album,Trilogy.,Chick Corea,TRUE
2015,Best Jazz Instrumental Album,Landmarks.,Brian Blade,FALSE
2015,Best Jazz Instrumental Album,All Rise: A Joyful Elegy For Fats Waller.,Jason Moran,FALSE
2015,Best Jazz Vocal Album,Beautiful Life.,Dianne Reeves,TRUE
2015,Best Jazz Vocal Album,Live in NYC.,Gretchen Parlato,FALSE
2015,Best Jazz Vocal Album,Paris Sessions.,Tierney Sutton,FALSE
2015,Best Large Jazz Ensemble Album,Life in the Bubble.,Gordon Goodwin,TRUE
2015,Best Large Jazz Ensemble Album,Quiet Pride: The Elizabeth Catlett Project.,Rufus Reid,FALSE
2015,Best Large Jazz Ensemble Album,The L.A. Treasures Project.,,FALSE
2015,Best Latin Jazz Album,The Offense of the Drum.,Arturo O'Farrill,TRUE
2015,Best Latin Jazz Album,Second Half.,Emilio Solla,FALSE
2015,Best Latin Jazz Album,The Pedrito Martinez Group.,,FALSE
2015,Best Latin Pop Album,Tangos,"Rubén Blades (artist), Carlos Franzetti (producer), Chris Sulit (engineer/mixer)",TRUE
2015,"Best Latin Rock, Urban or Alternative Album",Multiviral,"Michael Brauer (engineers/mixer), Calle 13 (artist/producer), John Blais (engineers/mixer)",TRUE
2015,Best Metal Performance,The Last in Line.,Tenacious D,TRUE
2015,Best Metal Performance,High Road.,Mastodon,FALSE
2015,Best Metal Performance,The Negative One.,Slipknot,FALSE
2015,Best Music Film,20 Feet from Stardom,"Merry Clayton (artist), Lisa Fischer (artist), Judith Hill (artist), Darlene Love (artist), Morgan Neville (video director), Gil Friesen (video producor), Caitrin Rogers (video producor)",TRUE
2015,Best Music Film,Metallica Through the Never,"Metallica (artist), Nimród Antal (video producer), Charlotte Huggins (video producer)",FALSE
2015,Best Music Film,P!Nk: The Truth About Love Tour - Live from Melbourne,"Pink (artist), Larn Poland (video director), Roger Davies (video producer)",FALSE
2015,Best Music Video,Pharrell Williams: Happy,"Pharrell Williams (artist), Pierre Dupaquier (video director), Clément Durou (video director), Kathleen Heffernan (video producer), Solal Micenmacher (video producer), Jett Steiger (video producer), Cédric Troadec (video producer)",TRUE
2015,Best Music Video,DJ Snake and Lil Jon: Turn Down for What,"DJ Snake (artist), Lil Jon (artist), Dan Kwan (video director), Daniel Scheinert (video director), Jonathan Wang (video producer)",FALSE
2015,Best Music Video,Woodkid: The Golden Age,"Woodkid (artist/video director), Max Richter (artist), Kathleen Heffernan (video producer), Roman Pichon Herrera (video producer), Christine Miller (video producer), Susan Porche (video producer), Annabel Rosier (video producer)",FALSE
2015,Best Musical Theater Album,Beautiful: The Carole King Musical.,"Jessie Mueller (Principal Soloist), Jason Howland (Producer), Steve Sidwell (Producer), Billy Jay Stein (Producer), Carole King (Composer/Lyricist)",TRUE
2015,Best Musical Theater Album,A Gentleman's Guide To Love & Murder.,"Jefferson Mays (Principal Soloist), Bryce Pinkham (Principal Soloist), Kurt Deutsch (Producer), Joel Moss (Producer), Robert L. Freedman (Lyricist), Steven Lutvak (Composer/Lyricist)",FALSE
2015,Best New Age Album,Winds of Samsara.,"Ricky Kej, Wouter Kellerman",TRUE
2015,Best New Age Album,Bhakti.,Paul Avgerinos,FALSE
2015,Best New Age Album,In Love and Longing.,"Silvia Nakkach, David Darling",FALSE
2015,Best New Artist,Sam Smith,,TRUE
2015,Best New Artist,Brandy Clark,,FALSE
2015,Best New Artist,Iggy Azalea,,FALSE
2015,Best Opera Recording,Charpentier: La Descente D'Orphée Aux Enfers,"Siegbert Ernst (engineer/mixer), Aaron Sheehan (soloist), Paul O'Dette (conductor), Stephen Stubbs (conductor)",TRUE
2015,Best Orchestral Performance,"Adams, John: City Noir","Richard King (engineer/mixer), David Robertson (conductor), Friedemann Engelbrecht (producer)",TRUE
2015,Best Pop Duo/Group Performance,Say Something.,"A Great Big World, Christina Aguilera",TRUE
2015,Best Pop Duo/Group Performance,Fancy.,"Iggy Azalea, Charli XCX",FALSE
2015,Best Pop Duo/Group Performance,Dark Horse.,"Katy Perry, Juicy J",FALSE
2015,Best Pop Solo Performance,Happy (Live).,Pharrell Williams,TRUE
2015,Best Pop Solo Performance,Stay with Me (Darkchild Version).,Sam Smith,FALSE
2015,Best Pop Solo Performance,Shake It Off.,Taylor Swift,FALSE
2015,Best Pop Vocal Album,In the Lonely Hour.,Sam Smith,TRUE
2015,Best Pop Vocal Album,Ghost Stories.,Coldplay,FALSE
2015,Best Pop Vocal Album,Prism.,Katy Perry,FALSE
2015,Best R&B Album,"Love, Marriage & Divorce.","Toni Braxton, Kenneth 'Babyface' Edmonds",TRUE
2015,Best R&B Album,Islander.,Jarle Bernhoft,FALSE
2015,Best R&B Album,Give the People What They Want.,"Sharon Jones, The Dap-Kings",FALSE
2015,Best R&B Performance,Drunk in Love.,"Beyoncé, Jay-Z",TRUE
2015,Best R&B Performance,It's Your World.,"Jennifer Hudson, R. Kelly",FALSE
2015,Best R&B Performance,Good Kisser.,Usher Raymond,FALSE
2015,Best R&B Song,Drunk in Love.,"Jay-Z (songwriter), Rasool Diaz (songwriter), Noel Fisher (songwriter), Jerome Harmon (songwriter), Beyoncé (songwriter), Timbaland (songwriter), Dre Moon (songwriter), Brian Soko (songwriter)",TRUE
2015,Best R&B Song,The Worst.,"Jhené Aiko (songwriter), Mac Robinson (songwriter), Brian Warfield (songwriter)",FALSE
2015,Best R&B Song,"Flip Colson, Warren Oak Felder, Jameel Roberts, Terry Tru Sneed, and Andrew Pop Wansel. For the song Good Kisser.",Usher Raymond (songwriter),FALSE
2015,Best Rap Album,The Marshall Mathers LP 2.,Eminem,TRUE
2015,Best Rap Album,Because the Internet.,Donald Glover,FALSE
2015,Best Rap Album,Oxymoron.,Schoolboy Q,FALSE
2015,Best Rap Performance,i.,Kendrick Lamar,TRUE
2015,Best Rap Performance,0 to 100 / The Catch Up.,Drake,FALSE
2015,Best Rap Performance,All I Need is You.,Lecrae,FALSE
2015,Best Rap Song,i.,"Kendrick Lamar (Songwriter), Rahki (Songwriter)",TRUE
2015,Best Rap Song,Anaconda.,"Ernest Clark (songwriter), Polow Da Don (songwriter), Nicki Minaj (songwriter), Marcos Palacios (songwriter), Jonathan Solone-Myvett (songwriter)",FALSE
2015,Best Rap Song,We Dem Boyz.,"Noel Fisher (songwriter), Wiz Khalifa (songwriter)",FALSE
2015,Best Rap/Sung Collaboration,The Monster.,"Eminem, Rihanna",TRUE
2015,Best Rap/Sung Collaboration,Bound 2.,"Kanye West, Charlie Wilson",FALSE
2015,Best Rap/Sung Collaboration,Studio.,"Schoolboy Q, BJ the Chicago Kid",FALSE
2015,Best Recording Package,Lightning Bolt,"Jerome Turner (art director), Joe Spix (art director), Jeff Ament (art director), Don Pendleton (art director)",TRUE
2015,Best Reggae Album,Fly Rasta,"Andrew Scheps (engineers/mixer), Ziggy Marley (artist/producer), Isha Erskine (engineers/mixer)",TRUE
2015,Best Regional Mexican Music Album (including tejano),Mano A Mano - Tangos A La Manera De Vicente Fernández,"Vicente Fernández (artist/producer), Alejandro Ramírez (engineers/mixer), Javier Ramírez (engineers/mixer)",TRUE
2015,Best Regional Roots Music Album,The Legacy,"Jo-El Sonnier (artist/producer), Shane Theriot (producer), Tony Daigle (engineers/mixer)",TRUE
2015,"Best Remixed Recording, Non-Classical",All Of Me (Tiesto's Birthday Treatment Remix).,Tiësto,TRUE
2015,Best Rock Album,Morning Phase.,Beck,TRUE
2015,Best Rock Album,Turn Blue.,The Black Keys,FALSE
2015,Best Rock Album,Songs of Innocence.,U2,FALSE
2015,Best Rock Performance,Lazaretto.,Jack White,TRUE
2015,Best Rock Performance,Blue Moon.,Beck,FALSE
2015,Best Rock Performance,Fever.,The Black Keys,FALSE
2015,Best Rock Song,Ain't It Fun.,"Hayley Williams (Songwriter), Taylor York (Songwriter)",TRUE
2015,Best Rock Song,Fever.,"Dan Auerbach (songwriter), Patrick J. Carney (songwriter), Danger Mouse (songwriter)",FALSE
2015,Best Rock Song,Gimme Something Good.,Ryan Adams (songwriter),FALSE
2015,Best Roots Gospel Album,Shine For All The People,"Chad Brown (engineers/mixer), Ross Gower (engineers/mixer), Mike Harris (producer/engineers/mixer)",TRUE
2015,Best Score Soundtrack for Visual Media,The Grand Budapest Hotel,Alexandre Desplat,TRUE
2015,Best Score Soundtrack for Visual Media,Gone Girl,"Trent Reznor, Atticus Ross",FALSE
2015,Best Score Soundtrack for Visual Media,Saving Mr. Banks,Thomas Newman,FALSE
2015,Best Song Written for Visual Media,Let It Go.,Frozen,TRUE
2015,Best Song Written for Visual Media,The Moon Song.,Her,FALSE
2015,Best Song Written for Visual Media,Everything Is Awesome!!!.,The Lego Movie,FALSE
2015,Best Spoken Word Album,Diary of a Mad Diva (Won posthumously).,Joan Rivers,TRUE
2015,Best Spoken Word Album,"We Will Survive: True Stories Of Encouragement, Inspiration, And The Power Of Song.",Gloria Gaynor,FALSE
2015,Best Spoken Word Album,A Call To Action.,Jimmy Carter,FALSE
2015,"Best Spoken Word Album (includes poetry, audio books & storytelling)",Diary Of A Mad Diva,"Jared O'Connell (engineers/mixer), Nikki Banks (engineers/mixer), Joan Rivers (artist), Diane Mckiernan (producer)",TRUE
2015,Best Surround Sound Album,Beyoncé,"Elliot Scheiner (surround mix engineer), Bob Ludwig (surround mastering engineer), Beyoncé (surround producer)",TRUE
2015,Best Traditional Pop Vocal Album,Cheek to Cheek.,"Tony Bennett, Lady Gaga",TRUE
2015,Best Traditional Pop Vocal Album,Partners.,Barbra Streisand,FALSE
2015,Best Traditional Pop Vocal Album,Sending You a Little Christmas.,Johnny Mathis,FALSE
2015,Best Traditional R&B Performance,Jesus Children.,"Robert Glasper Experiment, Lalah Hathaway, Malcolm-Jamal Warner",TRUE
2015,Best Traditional R&B Performance,Hold Up Wait a Minute (Woo Woo).,Antonique Smith,FALSE
2015,Best Traditional R&B Performance,As.,"Marsha Ambrosius, Anthony Hamilton",FALSE
2015,Best Tropical Latin Album,Más + Corazón Profundo,"Curt Schneider (engineers/mixer), Shafik Palis (engineers/mixer), Guianko Gómez (engineers/mixer), Javier Garza (engineers/mixer), Francisco Díaz (engineers/mixer), Scott Canto (engineers/mixer), Carlos Vives (artist/producer), Andrés Castro (producer/engineers/mixer), Edgar Barrera (engineers/mixer)",TRUE
2015,Best Urban Contemporary Album,G I R L.,Pharrell Williams,TRUE
2015,Best Urban Contemporary Album,X.,Chris Brown,FALSE
2015,Best Urban Contemporary Album,Mali Is...,Mali Music,FALSE
2015,Best World Music Album,Eve,"Angélique Kidjo (artist), Patrick Dillett (producer/engineers/mixer), Michael Brauer (engineers/mixer), Laurent Dupuy (engineers/mixer)",TRUE
2015,Producer of the Year (Non-Classical),Max Martin,,TRUE
2015,Producer of the Year (Non-Classical),Jay Joyce,,FALSE
2015,Producer of the Year (Non-Classical),Paul Epworth,,FALSE
2015,"Producer of the Year, Classical",Judith Sherman (producer),,TRUE
2015,"Producer of the Year, Non-Classical",Max Martin (producer),,TRUE
2015,Record of the Year,Stay with Me (Darkchild version).,"Sam Smith (artist), Steve Fitzmaurice (producer/engineer/mixer), Rodney Jerkins (producer), Jimmy Napes (producer/engineer/mixer), Steve Price (engineer/mixer), Tom Coyne (mastering engineer)",TRUE
2015,Record of the Year,All About That Bass.,"Meghan Trainor (artist), Kevin Kadish (producer/engineer/mixer), Dave Kutch (mastering engineer)",FALSE
2015,Record of the Year,Shake It Off.,"Taylor Swift (artist), Max Martin (producer), Shellback (producer), Serban Ghenea (engineer/mixer), John Hanes (engineer/mixer), Sam Holland (engineer/mixer), Michael Ilbert (engineer/mixer), Tom Coyne (mastering engineer)",FALSE
2015,Song of the Year,Stay With Me (Darkchild version).,"Jimmy Napes (Songwriter), Sam Smith (Songwriter), Tourist (Songwriter)",TRUE
2015,Song of the Year,Chandelier.,"Jesse Shatkin (songwriter), Sia (songwriter)",FALSE
2015,Song of the Year,Shake It Off.,"Max Martin (songwriter), Shellback (songwriter), Taylor Swift (songwriter)",FALSE
2016,Album of the Year,1989,"Taylor Swift (artist/producer), Jack Antonoff (producer/engineer/mixer), Nathan Chapman (producer/engineer/mixer), Imogen Heap (producer/engineer/mixer), Max Martin (producer), Mattias Larsson (producer), Robin Fredriksson (producer), Ali Payami (producer), Shellback (producer), Ryan Tedder (producer/engineer/mixer), Noel Zancanella (producer), Mattias Bylund (engineer/mixer), Serban Ghenea (engineer/mixer), John Hanes (engineer/mixer), Sam Holland (engineer/mixer), Michael Ilbert (engineer/mixer), Tom Coyne (mastering engineer)",TRUE
2016,Album of the Year,Traveller.,"Chris Stapleton (artist/producer), Dave Cobb (producer), Vance Powell (engineer/mixer), Pete Lyman (mastering engineer)",FALSE
2016,Album of the Year,To Pimp a Butterfly.,"Kendrick Lamar (artist), Bilal (featured artist), George Clinton (featured artist), James Fauntleroy (featured artist), Ronald Isley (featured artist), Rapsody (featured artist), Snoop Dogg (featured artist), Thundercat (featured artist/producer), Anna Wise (featured artist), Tay Arnold (producer), Boi-1da (producer), Flying Lotus (producer), Tommy Black (producer), Koz (producer), Terrace Martin (producer), Rahki (producer), Sounwave (producer), Pharrell Williams (producer), Derek Ali (engineer/mixer), Thomas Burns (engineer/mixer), James Michael Hunt (engineer/mixer), Patrick Douthit (engineer/mixer)",FALSE
2016,Album of the Year,Beauty Behind the Madness.,"The Weeknd (artist/producer), Lana Del Rey (featured artist), Labrinth (featured artist/producer), Ed Sheeran (featured artist), Mike Dean (producer), Mano (producer), Max Martin (producer), Stephan Moccio (producer), Illangelo (producer/engineer/mixer), Ali Payami (producer), The Pope (producer), DaHeala (producer/engineer/mixer), Peter Svensson (producer), Kanye West (producer), Jay Paul Bicknell (engineer/mixer), Mattias Bylund (engineer/mixer), Serban Ghenea (engineer/mixer), Noah Goldstein (engineer/mixer), John Hanes (engineer/mixer), Sam Holland (engineer/mixer), Jean-Marie Horvat (engineer/mixer), Dave Reitzas (engineer/mixer), Tom Coyne (mastering engineer), Dave Kutch (mastering engineer)",FALSE
2016,Best Album Notes,"Love Has Many Faces: A Quartet, A Ballet, Waiting To Be Danced",Joni Mitchell (album notes writer),TRUE
2016,Best Alternative Music Album,Sound & Color.,Alabama Shakes,TRUE
2016,Best Alternative Music Album,The Waterfall.,My Morning Jacket,FALSE
2016,Best Alternative Music Album,Star Wars.,Wilco,FALSE
2016,Best American Roots Performance,See That My Grave Is Kept Clean,Mavis Staples (artist),TRUE
2016,Best American Roots Song,24 Frames,Jason Isbell (songwriter),TRUE
2016,Best Americana Album,Something More Than Free,"Jason Isbell (artist), Dave Cobb (producer)",TRUE
2016,"Best Arrangement, Instrumental or a Cappella",Dance Of The Sugar Plum Fairy,"Pentatonix (arranger), Ben Bram (arranger)",TRUE
2016,"Best Arrangement, Instruments and Vocals",Sue (Or In A Season Of Crime),Maria Schneider (arranger),TRUE
2016,Best Bluegrass Album,The Muscle Shoals Recordings,The Steeldrivers (producer/artist),TRUE
2016,Best Blues Album,Born To Play Guitar,"Tom Hambridge (producer), Buddy Guy (artist)",TRUE
2016,Best Boxed or Special Limited Edition Package,"The Rise & Fall Of Paramount Records, Volume Two (1928-32) (Various Artists)","Jack White (art director), Susan Archie (art director), Dean Blackwood (art director), Dean Blackwood (art director)",TRUE
2016,Best Chamber Music/Small Ensemble Performance,Filament,"Bryce Dessner (producer), Jonathan Low (engineer)",TRUE
2016,Best Children's Album,Home,"Dominic Fallacaro (producer), Tim Kubart (artist)",TRUE
2016,Best Choral Performance,Rachmaninoff: All-Night Vigil,"Kansas City Chorale (artist), Joseph Warner (artist), Bryan Taylor (artist), Julia Scozzafava (artist), Bryan Pinkall (artist), Toby Kidd (artist), Frank Fleschner (artist), Paul Davidson (artist), Charles Bruffy (conductor), Blanton Alspaugh (producer), Byeong-Joon Hwang (engineer), John Newton (engineer)",TRUE
2016,Best Classical Compendium,Paulus: Three Places Of Enlightenment; Veil Of Tears & Grand Concerto,"Giancarlo Guerrero (conductor/artist), Tim Handley (producer), Gary Call (engineer)",TRUE
2016,Best Classical Instrumental Solo,"Dutilleux: Violin Concerto, L'Arbre Des Songes","Seattle Symphony Orchestra, Ludovic Morlot (conductor), Augustin Hadelich (conductor)",TRUE
2016,Best Classical Solo Vocal Album,Joyce & Tony - Live From Wigmore Hall,"Jonathan Allen (engineer), Stephen Johns (producer), Joyce DiDonato (soloist)",TRUE
2016,Best Comedy Album,Live at Madison Square Garden.,Louis C.K.,TRUE
2016,Best Comedy Album,Happy. And a Lot.,Jay Mohr,FALSE
2016,Best Comedy Album,Brooklyn.,Wyatt Cenac,FALSE
2016,Best Compilation Soundtrack for Visual Media,Season 1.,Glen Campbell: I'll Be Me,TRUE
2016,Best Compilation Soundtrack for Visual Media,Fifty Shades of Grey,,FALSE
2016,Best Compilation Soundtrack for Visual Media,Selma,,FALSE
2016,Best Contemporary Christian Music Album,This Is Not A Test,"Bryan Fowler (engineer/mixer), Toby McKeehan (producer/artist), Christopher Stevens (producer), David Garcia (producer)",TRUE
2016,Best Contemporary Christian Music Performance/Song,Holy Spirit,Francesca Battistelli (artist),TRUE
2016,Best Contemporary Classical Composition,Paulus: Prayers & Remembrances,Stephen Paulus (composer),TRUE
2016,Best Contemporary Instrumental Album,Sylva.,"Snarky Puppy, Metropole Orkest",TRUE
2016,Best Contemporary Instrumental Album,"The Gospel According to Jazz, Volume IV.",Kirk Whalum,FALSE
2016,Best Contemporary Instrumental Album,Love Language.,Wouter Kellerman,FALSE
2016,Best Country Album,Traveller,"Chris Stapleton (artist/producer), Dave Cobb (producer)",TRUE
2016,Best Country Duo/Group Performance,Girl Crush,Little Big Town (artist),TRUE
2016,Best Country Solo Performance,Traveller.,Chris Stapleton,TRUE
2016,Best Country Solo Performance,Little Toy Guns.,Carrie Underwood,FALSE
2016,Best Country Solo Performance,Chances Are.,Lee Ann Womack,FALSE
2016,Best Country Song,Girl Crush,"Little Big Town (artist), Liz Rose (songwriter), Lori McKenna (songwriter), Hillary Lindsey (songwriter)",TRUE
2016,Best Dance Recording,Where Are Ü Now.,"Skrillex (artist/producer/mixer), Diplo (artist/producer/mixer), Justin Bieber (artist)",TRUE
2016,Best Dance Recording,Runaway (U & I).,"Christian Karlsson (producer/mixer), Niklas Flyckt (mixer)",FALSE
2016,Best Dance Recording,Go.,"The Chemical Brothers (artist), Q-Tip (artist), Tom Rowlands (producer/mixer), Ed Simons (producer)",FALSE
2016,Best Electronic/Dance Album,Skrillex and Diplo Present Jack Ü.,"Skrillex, Diplo",TRUE
2016,Best Electronic/Dance Album,Caracal.,Disclosure,FALSE
2016,Best Electronic/Dance Album,Born in the Echoes.,The Chemical Brothers,FALSE
2016,"Best Engineered Album, Classical",Ask Your Mama,"San Francisco Ballet Orchestra (artist), George Manahan (artist), Patricia Sullivan (mastering engineer), Justin Merrill (engineer), John Kilgore (engineer), Leslie Ann Jones (engineer), Nora Kroll-Rosenbaum (engineer)",TRUE
2016,"Best Engineered Album, Non-Classical",Sound & Color,"Alabama Shakes (artist), Bob Ludwig mastering engineer, Shawn Everett (engineer)",TRUE
2016,Best Folk Album,Béla Fleck And Abigail Washburn,"Bela Fleck (artist/producer/engineer), Abigail Washburn (artist/producer), Richard Battaglia (producer)",TRUE
2016,Best Gospel Album,Covered: Alive in Asia (Live Deluxe),Israel Houghton (with The New Breed),TRUE
2016,Best Gospel Album,Life Music: Stage Two,Jonathan McReynolds,FALSE
2016,Best Gospel Album,One Place Live,Tasha Cobbs,FALSE
2016,Best Gospel Performance/Song,Wanna Be Happy?,Kirk Franklin,TRUE
2016,Best Gospel Performance/Song,Worth Fighting For (Live),Brian Courtney Wilson,FALSE
2016,Best Gospel Performance/Song,Intentional,Travis Greene,FALSE
2016,Best Historical Album,The Basement Tapes Complete: The Bootleg Series Vol. 11,"Steve Berkowitz (compilation producer), Jan Haust (compilation producer), Jeff Rosen (compilation producer), Peter Moore (mastering engineer), Mark Wilder (mastering engineer)",TRUE
2016,Best Improvised Jazz Solo,Cherokee,Christian McBride (soloist),TRUE
2016,Best Instrumental Composition,The Afro Latin Jazz Suite,"Rudresh Mahanthappa (artist), Arturo O'Farrill (composer), The Afro–Latin Jazz Orchestra (artist)",TRUE
2016,Best Jazz Instrumental Album,Past Present,John Scofield (producer),TRUE
2016,Best Jazz Vocal Album,For One To Love,"Al Pryor (producer), Cecile McLorin Salvant (artist)",TRUE
2016,Best Large Jazz Ensemble Album,The Thompson Fields,"Ryan Truesdell (producer), Maria Schneider Orchestra (artist)",TRUE
2016,Best Latin Jazz Album,Made In Brazil,"Steve Rodby (producer), Marc Johnson (producer), Eliane Elias (producer)",TRUE
2016,Best Latin Pop Album,A Quien Quiera Escuchar (Deluxe Edition),"Carlos Fernando (engineer), Enrique Larreal (engineer), Ricardo López Laliinde (engineer), Ricky Martin (artist), Julio Reyes Copello (producer/engineer), Luis Barrera (engineer), Javier Garza (engineer)",TRUE
2016,"Best Latin Rock, Urban or Alternative Album",Dale,"Al Burna (engineer), Jorge Gomez (producer), Jose C. Garcia (producer), Pitbull (artist)",TRUE
2016,Best Metal Performance,Cirice.,Ghost,TRUE
2016,Best Metal Performance,512,Lamb of God,FALSE
2016,Best Metal Performance,Custer.,Slipknot,FALSE
2016,Best Music Film,Amy,"Asif Kapadia (director), James Gay-Rees (producer)",TRUE
2016,Best Music Film,Roger Waters: The Wall,"Roger Waters (director), Sean Evans (director), Clare Spencer (producer)",FALSE
2016,Best Music Film,"What Happened, Miss Simone?","Liz Garbus (director/producer), Amy Hobby (producer), Jayson Jackson (producer), Justin Wilkes (producer)",FALSE
2016,Best Music Video,Taylor Swift: Bad Blood,"Taylor Swift (artist), Kendrick Lamar (artist), Joseph Kahn (director), Ron Mohrhoff (producer)",TRUE
2016,Best Musical Theater Album,Hamilton (Original Broadway Cast Recording).,"Daveed Diggs (principal soloist), Renée Elise Goldsberry (principal soloist), Jonathan Groff (principal soloist), Chris Jackson (principal soloist), Jasmine Cephas Jones (principal soloist), Lin-Manuel Miranda (principal soloist/composer/lyricist/producer), Leslie Odom Jr. (principal soloist), Okieriete Onaodowan (principal soloist), Anthony Ramos (principal soloist), Phillipa Soo (principal soloist), Alex Lacamoire (producer), Bill Sherman (producer), Quest Love (producer), Tariq Trotter (producer), Derik Lee (engineer)",TRUE
2016,Best New Age Album,Grace,Paul Avgerinos (producer),TRUE
2016,Best New Artist,Meghan Trainor,,TRUE
2016,Best New Artist,James Bay,,FALSE
2016,Best New Artist,Tori Kelly,,FALSE
2016,Best Opera Recording,Ravel: L'Enfant Et Les Sortilèges; Shéhérazade,"Saito Kinen Orchestra (artist), Jonathan Stokes (engineer), Seiji Ozawa (conductor), Dominic Fyfe (producer), Isabel Leonard (soloist)",TRUE
2016,Best Orchestral Performance,Shostakovich: Under Stalin's Shadow - Symphony No. 10,"Andris Nelsons (conductor), Shawn Murphy (producer), Nick Squire (engineer), Boston Symphony Orchestra (artist)",TRUE
2016,Best Pop Duo/Group Performance,Uptown Funk.,"Mark Ronson, Bruno Mars",TRUE
2016,Best Pop Duo/Group Performance,Sugar.,Maroon 5,FALSE
2016,Best Pop Solo Performance,Thinking Out Loud.,Ed Sheeran,TRUE
2016,Best Pop Solo Performance,Blank Space.,Taylor Swift,FALSE
2016,Best Pop Vocal Album,1989,Taylor Swift,TRUE
2016,Best Pop Vocal Album,Before This World.,James Taylor,FALSE
2016,Best Pop Vocal Album,Uptown Special.,Mark Ronson,FALSE
2016,Best R&B Album,Black Messiah.,"D'Angelo, The Vanguard",TRUE
2016,Best R&B Album,Forever Charlie.,Charlie Wilson,FALSE
2016,Best R&B Album,Coming Home.,Leon Bridges,FALSE
2016,Best R&B Song,Really Love.,"D'Angelo (songwriter), Gina Figueroa (songwriter), Kendra Foster (songwriter)",TRUE
2016,Best R&B Song,Let It Burn.,"Kenneth 'Babyface' Edmonds (songwriter), Jazmine Sullivan (songwriter)",FALSE
2016,Best R&B Song,Shame.,"Warryn Campbell (songwriter), Tyrese Gibson (songwriter), D.J. Rogers Jr. (songwriter)",FALSE
2016,Best Rap Album,To Pimp a Butterfly.,Kendrick Lamar,TRUE
2016,Best Rap Album,If You're Reading This It's Too Late.,Drake,FALSE
2016,Best Rap Album,The Pinkprint.,Nicki Minaj,FALSE
2016,Best Rap Performance,Alright.,Kendrick Lamar,TRUE
2016,Best Rap Performance,Trap Queen.,Fetty Wap,FALSE
2016,Best Rap Performance,All Day.,"Kanye West, Theophilus London (featured artist), Paul McCartney (featured artist)",FALSE
2016,Best Rap Song,Alright.,"Kendrick Lamar (songwriter), Kawan Prather (songwriter), Sounwave (songwriter), Pharrell Williams (songwriter)",TRUE
2016,Best Rap Song,Trap Queen.,Fetty Wap (songwriter),FALSE
2016,Best Rap Song,All Day.,"Tyler Bryant (songwriter), Sean 'Diddy' Combs (songwriter), Mike Dean (songwriter), Noah Goldstein (songwriter), Malik Yusef (songwriter), French Montana (songwriter), Kendrick Lamar (songwriter), Paul McCartney (songwriter), Vic Mensa (songwriter), Charles Njapa (songwriter), Che Pope (songwriter), Patrick 'Plain Pat' Reynolds (songwriter), Allen Ritter (songwriter), Kanye West (songwriter), Mario Winans (songwriter), CyHi the Prynce (songwriter)",FALSE
2016,Best Rap/Sung Collaboration,These Walls.,"Kendrick Lamar, Bilal (featured artist), Anna Wise (featured artist), Thundercat (featured artist)",TRUE
2016,Best Rap/Sung Collaboration,Glory.,"Common, John Legend",FALSE
2016,Best Rap/Sung Collaboration,Only.,"Nicki Minaj, Drake (featured artist), Lil' Wayne (featured artist), Chris Brown (featured artist)",FALSE
2016,Best Recording Package,Still The King: Celebrating The Music Of Bob Wills And His Texas Playboys,"Sarah Dodds (art director), Shauna Dodds (art director), Richard Reeves (art director)",TRUE
2016,Best Reggae Album,Strictly Roots,Morgan Heritage (producer),TRUE
2016,Best Regional Mexican Music Album (including tejano),Realidades - Deluxe Edition,Los Tigres del Norte (producer/artist),TRUE
2016,Best Remixed Recording,Uptown Funk (Dave Audé Remix),"Dave Audé (remixer), Mark Ronson (artist), Bruno Mars (artist)",TRUE
2016,Best Rock Album,Drones.,Muse,TRUE
2016,Best Rock Album,Mister Asylum.,Highly Suspect,FALSE
2016,Best Rock Album,.5: The Gray Chapter.,Slipknot,FALSE
2016,Best Rock Performance,Don't Wanna Fight.,Alabama Shakes,TRUE
2016,Best Rock Performance,What Kind of Man.,Florence and the Machine,FALSE
2016,Best Rock Performance,Moaning Lisa Smile.,Wolf Alice,FALSE
2016,Best Rock Song,Don't Wanna Fight.,Alabama Shakes (songwriters),TRUE
2016,Best Rock Song,Hold Back the River.,"Iain Archer (songwriter), James Bay (songwriter)",FALSE
2016,Best Rock Song,Lydia.,"Rich Meyer (songwriter), Ryan Meyer (songwriter), Johnny Stevens (songwriter)",FALSE
2016,Best Roots Gospel Album,Still Rockin' My Soul,"Brandon Perdue (engineer/mixer), Lee Olsen (producer), The Fairfield Four (producer)",TRUE
2016,Best Score Soundtrack for Visual Media,Birdman or (The Unexpected Virtue of Ignorance),Antonio Sanchez,TRUE
2016,Best Score Soundtrack for Visual Media,The Imitation Game,Alexandre Desplat,FALSE
2016,Best Score Soundtrack for Visual Media,Whiplash,Justin Hurwitz,FALSE
2016,Best Song Written for Visual Media,Glory.,Selma,TRUE
2016,Best Song Written for Visual Media,Love Me Like You Do.,Fifty Shades of Grey,FALSE
2016,Best Song Written for Visual Media,Til It Happens to You.,The Hunting Ground,FALSE
2016,"Best Spoken Word Album (includes poetry, audio books & storytelling)",A Full Life: Reflections at Ninety,"Jimmy Carter (artist), Elisa Shokoff (producer)",TRUE
2016,Best Surround Sound Album,Amused To Death,"Roger Waters (artist), James Guthrie (surround mix engineer/surround mastering engineer/surround producer), Joel Plante (surround mastering engineer)",TRUE
2016,Best Traditional R&B Performance,Little Ghetto Boy.,Lalah Hathaway,TRUE
2016,Best Traditional R&B Performance,He Is.,Faith Evans,FALSE
2016,Best Traditional R&B Performance,Shame.,Tyrese Gibson,FALSE
2016,Best Tropical Latin Album,Son De Panamá,"Ignacio Molina (engineer), Pablo Governatori (producer), Rubén Blades (artist), Roberto Delgado & Orquesta (artist/producer)",TRUE
2016,Best Urban Contemporary Album,Beauty Behind the Madness.,The Weeknd,TRUE
2016,Best Urban Contemporary Album,Blood.,Lianne La Havas,FALSE
2016,Best Urban Contemporary Album,Ego Death.,The Internet,FALSE
2016,Best World Music Album,Sings,"Angélique Kidjo (artist/producer), Jean Hebrail (producer)",TRUE
2016,"Producer of the Year, Classical",Judith Sherman (producer),,TRUE
2016,"Producer of the Year, Non-Classical",Jeff Bhasker (producer),,TRUE
2016,Record of the Year,Uptown Funk.,"Mark Ronson (artist/producer/engineer/mixer), Bruno Mars (artist/producer), Jeff Bhasker (producer), Philip Lawrence (producer), Joshua Blair (engineer/mixer), Riccardo Damian (engineer/mixer), Serban Ghenea (engineer/mixer), Wayne Gordon (engineer/mixer), John Hanes (engineer/mixer), Inaam Haq (engineer/mixer), Lawrence Mitchell (engineer/mixer), Charles Moniz (engineer/mixer), Tom Coyne (mastering engineer)",TRUE
2016,Record of the Year,Thinking Out Loud.,"Ed Sheeran (artist), Jake Gosling (producer/engineer/mixer), Mark Stent (engineer/mixer), Geoffrey Swann (engineer/mixer), Stuart Hawkes (mastering engineer)",FALSE
2016,Record of the Year,Can't Feel My Face.,"The Weeknd (artist), Max Martin (producer), Ali Payami (producer), Serban Ghenea (engineer/mixer), John Hanes (engineer/mixer), Sam Holland (engineer/mixer), Tom Coyne (mastering engineer)",FALSE
2016,Song of the Year,Thinking Out Loud.,"Ed Sheeran (artist/songwriter), Amy Wadge (artist/songwriter)",TRUE
2016,Song of the Year,Girl Crush.,"Little Big Town (artist), Hillary Lindsey (songwriter), Lori McKenna (songwriter), Liz Rose (songwriter)",FALSE
2016,"Best Music Video, Short Form","The Dead Weather: I Feel Love, Every Million Miles","Cooper Roberts, Ian Schwartz, Ian & Cooper",FALSE
2016,Best R&B Performance,Rise Up.,Andra Day,FALSE
2016,Best R&B Performance,Planes.,"Jeremih, J. Cole (featured artist)",FALSE
2016,Best R&B Performance,Earned It (Fifty Shades of Grey.,,FALSE
2016,Best Spoken Word Album,Yes Please,"Amy Poehler, Carol Burnett, Seth Meyers, Michael Schur, Patrick Stewart, Kathleen Turner",FALSE
2016,Best Traditional Pop Vocal Album,My Dream Duets.,Barry Manilow,FALSE
2016,Best Traditional Pop Vocal Album,Stages.,Josh Groban,FALSE
2016,Best Traditional Pop Vocal Album,The Silver Lining: The Songs of Jerome Kern.,"Tony Bennett, Bill Charlap",FALSE
2017,Album of the Year,25,"Danger Mouse (producer), Samuel Dixon (producer), Paul Epworth (producer), Greg Kurstin (producer), Max Martin (producer), Ariel Rechtshaid (producer), Shellback (producer), The Smeezingtons (producer), Ryan Tedder (producer), Cameron Craig (engineer), Jan Holzner (engineer)",TRUE
2017,Album of the Year,Lemonade,"Dave Kutch (mastering engineer), Stuart White (engineers/mixer), Scott V. Smith (engineers/mixer), Vance Powell (engineers/mixer), Lester Mendoza (engineers/mixer), Tony Maserati (engineers/mixer), Jaycen Joshua (engineers/mixer), Malik Yusef (producer), Jack White (producer), Mike Will Made It (producer), Melo-x (producer), Jeremy MacDonald (producer), Ezra Koenig (producer), Just Blaze (producer), Hit-Boy (producer), HazeBanga (producer), Diana Gordon (producer), Kevin Garrett (producer), Derek Dixie (producer), Diplo (producer), Alex Delicata (producer), Mike Dean (producer/engineers/mixers), Danny Schofield (producer), Jonny Coffer (producer), Jordan Asher Cruz (producer), James Blake (producer), Ben Billions (producer), Vincent Berry II (producer), Jack White (artist), The Weeknd (artist), Kendrick Lamar (artist), James Blake (artist), Beyoncé (artist/produce)",FALSE
2017,Album of the Year,Purpose,"Tom Coyne (mastering engineer), Randy Merrill (mastering engineer), Chris Sclafani (engineers/mixer), Gregg Rominiecki (engineers/mixer), Johannes Raassina (engineers/mixer), Chris O'Ryan (engineers/mixer), Manny Marroquin (engineers/mixer), Jaycen Joshua (engineers/mixer), Josh Gudwin (engineers/mixer), Mark Goodchild (engineers/mixer), Simon Cohen (engineers/mixer), Soundz (producer), Jeremy Snyder (producer), Maejor (producer), Ian Kirkpatrick (producer), Steve James (producer), Mark Jackson (producer), Nico Hartikainen (producer), Josh Gudwin (producer), Gladius (producer), Diplo (producer/producer), Mike Dean (producer), Scooter Braun (producer), Poo Bear (producer), Blood (producer), Benny Blanco (producer), Axident (producer), The Audibles (producer), Skrillex (artist/producer/engineers/mixer), Travis Scott (artist), Halsey (artist), Diplo (artist), Justin Bieber (producer/artist)",FALSE
2017,BEST CLASSICAL INSTRUMENTAL SOLO,Daugherty: Tales Of Hemingway,"Nashville Symphony (artist), Zuill Bailey (artist), Giancarlo Guerrero (conductor)",TRUE
2017,Best Album Notes,Sissle And Blake Sing Shuffle Along,"Richard Carlin (album notes writer), Ken Bloom (album notes writer)",TRUE
2017,Best Alternative Music Album,Blackstar (Posthumously),David Bowie,TRUE
2017,Best Alternative Music Album,Post Pop Depression,Iggy Pop,FALSE
2017,Best Alternative Music Album,A Moon Shaped Pool,Radiohead,FALSE
2017,Best American Roots Song,Kid Sister,"Vince Gill (song writer), The Time Jumpers (artist)",TRUE
2017,Best American Roots Song,Wreck You,"Lori McKenna (songwriter/artist), Felix McTeigue (songwriter)",FALSE
2017,Best American Roots Song,Gulfstream,"The Hub City All-Stars (artist), Roddie Romero (song writer/artist), Eric Adcock (song writer)",FALSE
2017,Best Americana Album,This Is Where I Live,William Bell (artist),TRUE
2017,Best Americana Album,The Bird and the Rifle,Lori McKenna (artist),FALSE
2017,Best Americana Album,Kid Sister,The Time Jumpers (artist),FALSE
2017,"Best Arrangement, Instrumental or A Cappella",You And I,Jacob Collier (arranger),TRUE
2017,"Best Arrangement, Instruments and Vocals",Flintstones,Jacob Collier (arranger),TRUE
2017,Best Bluegrass Album,Coming Home,Mark O'Connor (artist),TRUE
2017,Best Bluegrass Album,North by South,Claire Lynch (artist),FALSE
2017,Best Bluegrass Album,The Hazel and Alice Sessions,Laurie Lewis (artist),FALSE
2017,Best Boxed or Special Limited Edition Package,Edith Piaf 1915-2015,Gérard Lo Monaco (art director),TRUE
2017,Best Chamber Music/Small Ensemble Performance,Steve Reich,"Jesse Lewis (producer), Third Coast Percussion (ensemble), Dan Nichols (engineer)",TRUE
2017,Best Children's Album,Infinity Plus One,"Spencer Williams (engineers/mixer), Secret Agent 23 Skidoo (producer/artist), Julian Dreyer (engineers/mixer)",TRUE
2017,Best Choral Performance,"Penderecki Conducts Penderecki, Volume 1","Warsaw Philharmonic Orchestra (artist), Krzysztof Penderecki (conductor), Nikolay Didenko (artist), Agnieszka Rehlis (artist), Johanna Rusanen (artist)",TRUE
2017,Best Classical Compendium,Daugherty: Tales Of Hemingway; American Gothic; Once Upon A Castle,"Gary Call (engineer), Giancarlo Guerrero (conductor), Tim Handley (producer)",TRUE
2017,Best Classical Solo Vocal Album,Schumann & Berg,"Dorothea Röschmann (soloist), Everett Porter (producer)",TRUE
2017,Best Comedy Album,Talking for Clapping,Patton Oswalt,TRUE
2017,Best Comedy Album,...America...Great...,David Cross,FALSE
2017,Best Comedy Album,Boyish Girl Interrupted,Tig Notaro,FALSE
2017,Best Compilation Soundtrack For Visual Media,Miles Ahead,"Miles Davis, Steve Berkowitz, Don Cheadle, Robert Glasper",TRUE
2017,Best Contemporary Blues Album,The Last Days of Oakland,"Matt Winegar (engineers/mixer), Jabari Tawiah (engineers/mixer), Migui Maloles (engineers/mixer), Fantastic Negrito (producer)",TRUE
2017,Best Contemporary Christian Music Album,Love Remains,"The Scott Family (artist), Hillary Scott (artist)",TRUE
2017,Best Contemporary Christian Music Album,American Prodigal,David Crowder (artist),FALSE
2017,Best Contemporary Christian Music Album,Be One,Natalie Grant (artist),FALSE
2017,Best Contemporary Christian Music Performance/Song,Thy Will,"Emily Weisband (songwriter), Bernie Herms (songwriter), The Scott Family (artist), Hillary Scott (artist/songwriter)",TRUE
2017,Best Contemporary Christian Music Performance/Song,King of the World,"Samuel Mizell (songwriter), Becca Mizell (songwriter), Natalie Grant (artist/songwriter)",FALSE
2017,Best Contemporary Christian Music Performance/Song,Chain Breaker,"Zach Williams (songwriter), Jonathan Smith (songwriter), Mia Fieldes (artist/songwriter)",FALSE
2017,Best Contemporary Classical Composition,Daugherty: Tales Of Hemingway,Michael Daugherty (composer),TRUE
2017,Best Contemporary Instrumental Album,Culcha Vulcha,Snarky Puppy (artist),TRUE
2017,Best Contemporary Instrumental Album,Unspoken,Chuck Loeb (artist),FALSE
2017,Best Contemporary Instrumental Album,"Way Back Home: Live from Rochester, NY",Steve Gadd Band (artist),FALSE
2017,Best Country Album,A Sailors Guide To Earth,Sturgill Simpson,TRUE
2017,Best Country Album,Full Circle,Loretta Lynn,FALSE
2017,Best Country Duo/Group Performance,Jolene,"Pentatonix, Dolly Parton (featuring)",TRUE
2017,Best Country Solo Performance,My Church,Maren Morris,TRUE
2017,Best Dance Recording,Don't Let Me Down,"Jordan Young (mixer), The Chainsmokers (artist/producer), Daya (artist)",TRUE
2017,Best Dance Recording,Never Be Like You,"Eric J. Dubowsky (mixer), Kai (artist), Flume (artist/producer)",FALSE
2017,Best Dance Recording,Rinse & Repeat,"Wez Clarke (mixer), Riton (artist/producer)",FALSE
2017,Best Dance/Electronic Album,Skin,Flume (artist),TRUE
2017,Best Dance/Electronic Album,Louie Vega Starring...XXVIII,Louis Vega (artist),FALSE
2017,Best Dance/Electronic Album,"Barbara Barbara, We Face a Shining Future",Underworld (artist),FALSE
2017,"Best Engineered Album, Classical",Corigliano: The Ghosts Of Versailles,"The LA Opera Orchestra (artist), Lucas Meachem (artist), Lucy Schaufer (artist), Christopher Maltman (artist), Patricia Racette (artist), Joshua Guerrero (artist), Mark Donahue (engineer), Fred Vogler (engineer), David L. Williams (engineer), James Conlon (artist), Guanqun Yu (artist)",TRUE
2017,"Best Engineered Album, Non-Classical",Blackstar,"Joe LaPorta (mastering engineer), Tony Visconti (engineer), Kevin Killen (engineer), David Bowie (engineer/artist), Tom Elmhirst (engineer)",TRUE
2017,Best Folk Album,Undercurrent,"Sarah Jarosz (artist/producer), Gary Paczosa (artist/producer/engineers/mixer), Shani Gandhi (engineers/mixer)",TRUE
2017,Best Gospel Album,Losing My Religion,Kirk Franklin,TRUE
2017,Best Gospel Album,The Worshipper's Heart (Live),Timothy Bowman Jr.,FALSE
2017,Best Gospel Performance/Song,God Provides,"Tamela J. Mann (singer), Kirk Franklin (songwriter)",TRUE
2017,Best Historical Album,"The Cutting Edge 1965-1966: The Bootleg Series, Vol.12 (Collector's Edition)","Bob Dylan (artist), Mark Wilder (mastering engineer), Jeff Rosen (compilation producer), Steve Berkowitz (compilation producer)",TRUE
2017,Best Improvised Jazz Solo,I'm So Lonesome I Could Cry,John Scofield (soloist),TRUE
2017,Best Improvised Jazz Solo,We See,Fred Hersch (soloist),FALSE
2017,Best Improvised Jazz Solo,In Movement,Ravi Coltrane (soloist),FALSE
2017,Best Jazz Instrumental Album,Country for Old Men,John Scofield (artist),TRUE
2017,Best Jazz Instrumental Album,Book of Intuition,Kenny Barron (artist),FALSE
2017,Best Jazz Instrumental Album,Sunday Night at the Vanguard,The Fred Hersch Trio (artist),FALSE
2017,Best Jazz Vocal Album,Take Me to the Alley,Gregory Porter (artist),TRUE
2017,Best Jazz Vocal Album,Harlem on My Mind,Catherine Russell (artist),FALSE
2017,Best Jazz Vocal Album,The Sting Variations,Tierney Sutton Band (artist),FALSE
2017,Best Large Jazz Ensemble Album,Presidential Suite: Eight Variations on Freedom,Ted Nash Big Band (artist),TRUE
2017,Best Large Jazz Ensemble Album,Real Enemies,Darcy James Argue's Secret Society (artist),FALSE
2017,Best Large Jazz Ensemble Album,Kaleidoscope Eyes: Music of the Beatles,John Daversa (artist),FALSE
2017,Best Latin Jazz Album,Tribute to Irakere: Live in Marciac,Chucho Valdés (artist),TRUE
2017,Best Latin Jazz Album,Madera Latino: A Latin Jazz Perspective on the Music of Woody Shaw (Various artists),Brian Lynch (artist),FALSE
2017,Best Latin Jazz Album,Canto América,"Wayne Wallace La Orquesta Sinfonietta (artist), Michael Spiro (artist)",FALSE
2017,Best Latin Pop Album,Un Besito Más,Jesse & Joy (artist),TRUE
2017,Best Latin Pop Album,Ilusión,Gaby Moreno (artist),FALSE
2017,Best Latin Pop Album,Seguir Latiendo,Sanalejo (artist),FALSE
2017,"Best Latin Rock, Urban or Alternative Album",iLevitable,Ile (artist),TRUE
2017,"Best Latin Rock, Urban or Alternative Album",L.H.O.N. (La Humanidad o Nosotros),Illya Kuryaki & The Valderramas (artist),FALSE
2017,"Best Latin Rock, Urban or Alternative Album",Los Rakas,Los Rakas (artist),FALSE
2017,Best Metal Performance,Dystopia,Megadeth (artist),TRUE
2017,Best Metal Performance,Silvera,Gojira (artist),FALSE
2017,Best Metal Performance,The Price Is Wrong,Periphery (artist),FALSE
2017,Best Music Film,The Beatles: Eight Days a Week - The Touring Years,"Ron Howard (video director/producer), Brian Grazer (video producer), Scott Pascucci (video producer), Nigel Sinclair (video producer)",TRUE
2017,Best Music Film,Beyoncé: Lemonade,"Beyoncé (artist/video director), Kahlil Joseph (video director), Todd Tourso (video director), Ed Burke (video producer), Jonathan Lia (video producer), Steve Pamon (video producer), Melissa Vargas (video producer), Erinn Williams",FALSE
2017,Best Music Film,The Music of Strangers: Yo-Yo Ma and the Silk Road Ensemble,"Yo-Yo Ma (artist), Morgan Neville (video director/video producer), Caitrin Rogers (video producer)",FALSE
2017,Best Music Video,Beyoncé: Formation,"Beyoncé (artist), Melina Matsoukas (director), Candice Dragonas (producer), Juliette Larthe (producer), Nathan Scherrer (producer), Inga Veronique (producer)",TRUE
2017,Best Music Video,"Jamie XX: Gosh, Version 2","Jamie XX (artist), Romain Gavras (video director)",FALSE
2017,Best Music Video,OK Go: Upside Down & Inside Out,"OK Go (artist), Damian Kulash (video director), Trish Sie (video director), Melissa Murphy (video producer), John O'Grady (video producer)",FALSE
2017,Best Musical Theater Album,The Color Purple,"Jhett Tolentino (producer), Scott Sanders (producer), Joan Jaffe (producer), Roy Furman (producer), Frank Filipetti (producer/engineer/mixer), Van Dean (producer), Stephen Bray (producer), Danielle Brooks (artist), Cynthia Erivo (artist), Jennifer Hudson (artist)",TRUE
2017,Best New Artist,Chance the Rapper,,TRUE
2017,Best New Artist,Kelsea Ballerini,,FALSE
2017,Best New Artist,The Chainsmokers,,FALSE
2017,Best Opera Recording,Corigliano: The Ghosts Of Versailles,"Los Angeles Opera Chorus (engineer), David L. Williams (engineer), Fred Vogler (engineer), James Conlon (conductor), Blanton Alspaugh (producer), Joshua Guerrero (artist), Christopher Maltman (artist), Lucas Meachem (artist), Patricia Racette (artist), Lucy Schaufer (artist), Guanqun Yu (artist), Mark Donahue (engineer)",TRUE
2017,Best Orchestral Performance,"Shostakovich: Under Stalin's Shadow - Symphonies Nos. 5, 8 & 9","Boston Symphony Orchestra (artist), Andris Nelsons (conductor), Shawn Murphy (producer), Nick Squire (engineer)",TRUE
2017,Best Pop Duo/Group Performance,Stressed Out,Twenty One Pilots,TRUE
2017,Best Pop Duo/Group Performance,Work,"Rihanna, Drake",FALSE
2017,Best Pop Duo/Group Performance,Closer,"The Chainsmokers, Halsey",FALSE
2017,Best Pop Solo Performance,Hello,Adele,TRUE
2017,Best Pop Solo Performance,Hold Up,Beyoncé,FALSE
2017,Best Pop Solo Performance,Piece by Piece (Idol version),Kelly Clarkson,FALSE
2017,Best Pop Vocal Album,25,Adele,TRUE
2017,Best Pop Vocal Album,Confident,Demi Lovato,FALSE
2017,Best Pop Vocal Album,This Is Acting,Sia,FALSE
2017,Best R&B Album,Lalah Hathaway Live,Lalah Hathaway,TRUE
2017,Best R&B Album,Healing Season,Mint Condition,FALSE
2017,Best R&B Album,Velvet Portraits,Terrace Martin,FALSE
2017,Best Rap Album,Coloring Book,Chance the Rapper,TRUE
2017,Best Rap Album,and the Anonymous Nobody...,De La Soul,FALSE
2017,Best Rap Album,Ology,Gallant,FALSE
2017,Best Rap Album,We Are King,King,FALSE
2017,Best Rap Performance,No Problem,"Chance the Rapper, Lil' Wayne, 2 Chainz",TRUE
2017,Best Rap Performance,Pop Style,"Drake, Jay-Z, Kanye West",FALSE
2017,Best Rap Performance,That Part,"Quincey Dames, Kanye West",FALSE
2017,Best Rap Song,Hotline Bling,"Drake (songwriter), Nineteen85 (songwriter)",TRUE
2017,Best Rap/Sung Performance,Hotline Bling,Drake,TRUE
2017,Best Rap/Sung Performance,Broccoli,"D.R.A.M., Lil Yachty",FALSE
2017,Best Rap/Sung Performance,Famous,"Kanye West, Rihanna",FALSE
2017,Best Reggae Album,Ziggy Marley,Ziggy Marley,TRUE
2017,Best Regional Mexican Music Album (Including Tejano),"Un Azteca en el Azteca, Vol. 1 (En Vivo)",Vicente Fernández (artist),TRUE
2017,Best Regional Mexican Music Album (Including Tejano),Raíces,La Banda El Recodo (artist),FALSE
2017,Best Regional Mexican Music Album (Including Tejano),Tributo a Joan Sebastian y Rigoberto Alfaro,Mariachi Divas de Cindy Shea (artist),FALSE
2017,Best Rock Album,Tell Me I'm Pretty,Cage the Elephant (artist),TRUE
2017,Best Rock Album,Magma,Gojira (artist),FALSE
2017,Best Rock Album,Weezer,Weezer (artist),FALSE
2017,Best Rock Performance,Blackstar (Posthumously),David Bowie,TRUE
2017,Best Rock Performance,Don't Hurt Yourself,"Beyoncé, Jack White",FALSE
2017,Best Rock Performance,Heathens,Twenty One Pilots,FALSE
2017,Best Rock Song,Blackstar (Posthumously),David Bowie (songwriter),TRUE
2017,Best Rock Song,Burn the Witch,Radiohead (songwriters),FALSE
2017,Best Rock Song,Heathens,Tyler Joseph (songwriter),FALSE
2017,Best Roots Gospel Album,Hymns That Are Important to Us,Joey & Rory (artist),TRUE
2017,Best Roots Gospel Album,Hymns and Songs of Inspiration,Gordon Mote (artist),FALSE
2017,Best Roots Gospel Album,Nature's Symphony in 432,The Isaacs (artist),FALSE
2017,Best Score Soundtrack for Visual Media,Star Wars: Episode VII - The Force Awakens,John Williams,TRUE
2017,Best Score Soundtrack for Visual Media,for 'Stranger Things Volume 2',Stranger Things,FALSE
2017,Best Score Soundtrack for Visual Media,The Hateful Eight,Ennio Morricone,FALSE
2017,Best Song Written for Visual Media,Can't Stop the Feeling!,Trolls,TRUE
2017,Best Song Written for Visual Media,The Veil.,Snowden,FALSE
2017,Best Song Written for Visual Media,Heathens,Suicide Squad,FALSE
2017,Best Spoken Word Album,"In Such Good Company: Eleven Years Of Laughter, Mayhem, And Fun In The Sandbox",Carol Burnett,TRUE
2017,Best Surround Sound Album,"Dutilleux: Sur Le Même Accord; Les Citations; Mystère De L'instant & Timbres, Espace, Mouvement","Ludovic Morlot (artist), Seattle Symphony Orchestra (artist), Alexander Lipay (surround mix engineer), Dmitriy Lipay (surround mix engineer/surround mastering engineer/surround producer)",TRUE
2017,Best Traditional Blues Album,Porcupine Meat,Bobby Rush (artist),TRUE
2017,Best Traditional Blues Album,Can't Shake the Feeling,Lurrie Bell (artist),FALSE
2017,Best Traditional Blues Album,The Soul of Jimmie Rodgers,Vasti Jackson (artist),FALSE
2017,Best Traditional Pop Vocal Album,Summertime: Willie Nelson Sings Gershwin,Willie Nelson (artist),TRUE
2017,Best Traditional Pop Vocal Album,Encore: Movie Partners Sing Broadway,Barbra Streisand (artist),FALSE
2017,Best Traditional Pop Vocal Album,Stages Live,Josh Groban (artist),FALSE
2017,Best Traditional R&B Performance,Angel,Lalah Hathaway (artist),TRUE
2017,Best Traditional R&B Performance,Sleeping with the One I Love,Fantasia Barrino (artist),FALSE
2017,Best Traditional R&B Performance,The Three of Me,William Bell (artist),FALSE
2017,Best Tropical Latin Album,Donde Están?,"Guasábara Combo (artist), Jose Lugo (artist)",TRUE
2017,Best Tropical Latin Album,Conexión,Juan Fernando Fonseca (artist),FALSE
2017,Best Tropical Latin Album,La Sonora Santanera en Su 60 Aniversario,Sonora Santanera (artist),FALSE
2017,Best Urban Contemporary Album,Lemonade,Beyoncé,TRUE
2017,Best Urban Contemporary Album,Anti,Rihanna,FALSE
2017,Best World Music Album,Sing Me Home,"Jody Elff (engineers/mixer), Yo-Yo Ma and The Silk Road Project (artist), Kevin Killen (producer/engineers/mixer)",TRUE
2017,"Producer of the Year, Classical",David Frost (producer),,TRUE
2017,"Producer of the Year, Non-Classical",Greg Kurstin (producer),,TRUE
2017,Record of the Year,Hello,"Adele (artist), Greg Kurstin (producer/engineers/mixers), Julian Burg (engineers/mixers), Tom Elmhirst (engineers/mixers), Emile Haynie (engineers/mixers), Liam Nolan (engineers/mixers), Alex Pasco (engineers/mixers), Joe Visciano (engineers/mixers), Tom Coyne (mastering engineers), Randy Merrill (mastering engineers)",TRUE
2017,Record of the Year,Formation,"Dave Kutch (mastering engineer), Stuart White (engineers/mixer), Jaycen Joshua (engineers/mixer), Mike Will Made It (producer), Beyoncé (producer/artist)",FALSE
2017,Record of the Year,7 Years,"Tom Coyne (mastering engineer), David James Labrel (engineers/mixer), Stefan Forrest (engineers/mixer), Sebastian Fogh (engineers/mixer), Delbert Bowers (engineers/mixer), Pilo (producer), Future Animals (producer), Lukas Graham (artist)",FALSE
2017,Song of the Year,Hello,"Adele, Greg Kurstin",TRUE
2017,Song of the Year,Love Yourself,"Justin Bieber, Benny Blanco, Ed Sheeran",FALSE
2017,Song of the Year,I Took a Pill in Ibiza,Mike Posner,FALSE
2017,Best American Roots Performance,Wreck You,Lori McKenna (artist),FALSE
2017,Best American Roots Performance,House of Mercy,Sarah Jarosz (artist),FALSE
2017,Best American Roots Performance,Mother's Children Have a Hard Time,The Blind Boys of Alabama (artist),FALSE
2017,Best Country Song,My Church,Maren Morris,FALSE
2017,Best Instrumental Composition,for 'Bridge Of Spies (End Title)',Bridge of Spies,FALSE
2017,Best New Age Album,Dark Sky Island,Enya (artist),FALSE
2017,Best New Age Album,Inner Passion,"Tina Guo (artist), Peter Kater (artist)",FALSE
2017,Best New Age Album,White Sun II,White Sun (artist),FALSE
2017,Best R&B Performance,Needed Me.,Rihanna,FALSE
2017,Best R&B Song,Kiss It Better.,"Rihanna (songwriter), Jeff Bhasker (songwriter), Teddy Sinclair (songwriter)",FALSE
2017,Best Recording Package,Anti.,"Rihanna (art director), Ciarra Pardo (art director)",FALSE
2018,Album of the Year,24K Magic,"Bruno Mars (Artist/Songwriter), Serban Ghenea (Engineer/Mixer), John Hanes (Engineer/Mixer), Charles Moniz (Engineer/Mixer), Brody Brown (Songwriter), James Fauntleroy (Songwriter), Philip Lawrence (Songwriter), Tom Coyne (Mastering Engineer)",TRUE
2018,Album of the Year,4:44,"Jay-Z (artist/producer/songwriter), No I.D. (producer/songwriter), Gimel Keaton (engineer/mixer), Dave Kutch (mastering engineer), Gimel Keaton (engineer/mixer), Jimmy Douglass (engineer/mixer)",FALSE
2018,Album of the Year,Melodrama,"Lorde (Artist/Producer/Songwriter), Jack Antonoff (Producer/Songwriter), Serban Ghenea (Engineer/Mixer), John Hanes (Engineer/Mixer), Randy Merrill (Mastering Engineer)",FALSE
2018,Best Album Notes,Live at the Whisky a Go Go: The Complete Recordings,Lynell George (album notes writer),TRUE
2018,Best Album Notes,"Edouard-Leon Scott de Martinville, Inventor of Sound Recording: A Bicentennial Tribute",David Giovannoni (album notes writer),FALSE
2018,Best Album Notes,Big Bend Killing: The Appalachian Ballad Tradition,Ted Olson (album notes writer),FALSE
2018,Best Alternative Music Album,Sleep Well Beast,The National,TRUE
2018,Best Alternative Music Album,Pure Comedy,Father John Misty,FALSE
2018,Best Alternative Music Album,American Dream,LCD Soundsystem,FALSE
2018,Best American Roots Performance,Killer Diller Blues,Alabama Shakes,TRUE
2018,Best American Roots Performance,Arkansas Farmboy (Posthumously),Glen Campbell,FALSE
2018,Best American Roots Performance,Let My Mother Live,The Blind Boys of Alabama,FALSE
2018,Best American Roots Song,If We Were Vampires,Jason Isbell (songwriter/artist),TRUE
2018,Best American Roots Song,It Ain't Over Yet,"John Paul White (artist), Rosanne Cash (artist), Rodney Crowell (songwriter/artist)",FALSE
2018,Best American Roots Song,I Wish You Well,"The Mavericks (artist), Alan Miller (songwriter), Raul Malo (songwriter)",FALSE
2018,Best Americana Album,The Nashville Sound,"The 400 Unit (artist), Jason Isbell (artist)",TRUE
2018,Best Americana Album,Southern Blood,Gregg Allman (artist),FALSE
2018,Best Americana Album,Brand New Day,The Mavericks (artist),FALSE
2018,"Best Arrangement, Instrumental or A Cappella",Escapades for Alto Saxophone and Orchestra from Catch Me If You Can,John Williams (arranger/artist),TRUE
2018,"Best Arrangement, Instrumental or A Cappella",Ugly Beauty/Pannonica,John Beasley (arranger/artist),FALSE
2018,"Best Arrangement, Instrumental or A Cappella","All Hat, No Saddle","The Jazz Surge (artist), Chuck Owen (arranger/artist)",FALSE
2018,"Best Arrangement, Instruments and Vocals",Putin,Randy Newman (arranger/artist),TRUE
2018,"Best Arrangement, Instruments and Vocals",Every Time We Say Goodbye,"Jorge Calandrelli (arranger), Clint Holmes (artist), Jane Monheit (artist)",FALSE
2018,"Best Arrangement, Instruments and Vocals",I Loves You Porgy/There's a Boat that's Leavin' Soon for New York,"Shelly Berg (arranger), Greg Fidelman (arranger), Gordon Goodwin (arranger), Clint Holmes (arranger/artist), Dee Dee Bridgewater (artist), Count Basie and His Orchestra (artist)",FALSE
2018,Best Bluegrass Album,Laws of Gravity,The Infamous Stringdusters (artist),TRUE
2018,Best Bluegrass Album,Fiddler's Dream,Michael Cleveland (artist),FALSE
2018,Best Bluegrass Album,All the Rage-In Concert Volume One [LIVE],"The Rage (artist), Rhonda Vincent (artist)",FALSE
2018,Best Boxed or Special Limited Edition Package,The Voyager Golden Record: 40TH Anniversary Edition,"Lawrence Azerrad (art director), Timothy Daly (art director), David Pescovitz (art director)",TRUE
2018,Best Boxed or Special Limited Edition Package,Bobo Yeye: Belle Epoque in Upper Volta,Tim Breen (art director),FALSE
2018,Best Boxed or Special Limited Edition Package,Lovely Creatures: The Best of Nick Cave and The Bad Seeds (1984-2014),"Tom Hingston (art director), Nick Cave & The Bad Seeds (artist)",FALSE
2018,Best Chamber Music/Small Ensemble Performance,Death & the Maiden,"The Saint Paul Chamber Orchestra (artist), Patricia Kopatchinskaja (artist)",TRUE
2018,Best Chamber Music/Small Ensemble Performance,"Franck, Kurtág. Previn & Schumann","Augustin Hadelich (artist), Joyce Cheng (artist)",FALSE
2018,Best Chamber Music/Small Ensemble Performance,Divine Theatre - Sacred Motets by Giaches de Wert,Stile Antico (artist),FALSE
2018,Best Children's Album,Feel What U Feel,Lisa Loeb (artist),TRUE
2018,Best Children's Album,Brighter Side,Gustafer Yellowgold (artist),FALSE
2018,Best Children's Album,Songs of Peace & Love for Kids &Parents Around the World,"Ladysmith Black Mambazo, (artist)",FALSE
2018,Best Choral Performance,Bryars: The Fifth Century,"Prism Quartet (artist), Donald Nally (conductor)",TRUE
2018,Best Choral Performance,Tyberg: Masses,"South Dakota Chorale (artist), Christopher Jacobson (artist), Brian A. Schmidt (conductor)",FALSE
2018,Best Choral Performance,Handel: Messiah,"Toronto Mendelssohn Choir (artist), The Toronto Symphony Orchestra (artist), Erin Wall (artist), Andrew Staplin (artist), Elizabeth DeShong (artist), Joan Andreu Reyes (artist), Noel Edison (chorus master), Andrew Davis (conductor)",FALSE
2018,Best Classical Compendium,"Higdon: All Things Majestic, Viola Concerto & Oboe Concerto","Tim Handley (producer), Giancarlo Guerrero (conductor)",TRUE
2018,Best Classical Compendium,Barbara,"Cécile Lenoir (producer), Alexandre Tharaud (producer)",FALSE
2018,Best Classical Compendium,Mademoiselle: Premiere Audience - Unknown Music of Nadia Boulanger,Lucy Mauro (producer),FALSE
2018,Best Classical Instrumental Solo,Transcendental,Daniil Trifonov (artist),TRUE
2018,Best Classical Instrumental Solo, Shostakovich: Violin Concertos NOS. 1 & 2,"NDR Elbphilharmonie Orchester (artist), Alan Gilbert (conductor), Frank Peter Zimmermann (conductor)",FALSE
2018,Best Classical Instrumental Solo,Haydn: Cello Concertos,"The Deutsch Kammerphilharmonie Bremen (artist), Florian Donderer (conductor), Steven Isserlis (conductor)",FALSE
2018,Best Classical Solo Vocal Album,"Crazy Girl Crazy - Music by Gershwin, Berg & Berio","Orchestra Ludwig (artist), Barbara Hannigan (artist)",TRUE
2018,Best Classical Solo Vocal Album,In War & Peace - Harmony Through Music,"Il Pomo D'Oro (artist), Maxim Emelyanychev (conductor), Joyce DiDonato (conductor)",FALSE
2018,Best Classical Solo Vocal Album,Sviridov: Rusia Cast Adrift,"Style Of Five Ensemble (artist), St. Petersburg State Academic Symphony Orchestra (artist), Constantine Orbelian (conductor), Dmitri Hvorostovsky (conductor)",FALSE
2018,Best Comedy Album,The Age of Spin & Deep in the Heart of Texas,Dave Chappelle,TRUE
2018,Best Comedy Album,Cinco,Jim Gaffigan,FALSE
2018,Best Comedy Album,A Speck of Dust,Sarah Silverman,FALSE
2018,Best Compilation Soundtrack for Visual Media,La La Land,"Justin Hurwitz, Marius De Vries, Nick Baxter, Steven Gizicki",TRUE
2018,Best Compilation Soundtrack for Visual Media,Guardians of the Galaxy Vol. 2,James Gunn,FALSE
2018,Best Compilation Soundtrack for Visual Media,Moana,"Opetaia Foa'i, Tom MacDougall, Mark Mancina, Lin-Manuel Miranda",FALSE
2018,Best Contemporary Blues Album,Tajmo,"Keb' Mo' (artist), Taj Mahal (artist)",TRUE
2018,Best Contemporary Blues Album,Recorded Live in Lafayette,Sonny Landreth (artist),FALSE
2018,Best Contemporary Blues Album,Got Soul,"The Family Band (artist), Robert Randolph (artist)",FALSE
2018,Best Contemporary Christian Music Album,Chain Breaker,Zach Williams (artist),TRUE
2018,Best Contemporary Christian Music Album,Echoes (Deluxe Edition),Matt Maher (artist),FALSE
2018,Best Contemporary Christian Music Album,Hills and Valleys,Tauren Wells (artist),FALSE
2018,Best Contemporary Christian Music Performance/Song,What a Beautiful Name,"Brooke Ligertwood (songwriter), Ben Fielding (songwriter), Hillsong Worship (artist)",TRUE
2018,Best Contemporary Christian Music Performance/Song,Clean,Natalie Grant (songwriter?artist),FALSE
2018,Best Contemporary Christian Music Performance/Song,Even If,"Tim Timmons (songwriter), Crystal Lewis (songwriter), Ben Glover (songwriter), David Garcia (songwriter), MercyMe (songwriter/artist)",FALSE
2018,Best Contemporary Classical Composition,Viola Concerto,"Jennifer Higdon (composer), Roberto Díaz (artist), Giancarlo Guerrero (artist), Nashville Symphony (artist)",TRUE
2018,Best Contemporary Classical Composition,Picture Studies,"Kansas City Symphony (artist), Adam Schoenberg (composer), Michael Stern (artist)",FALSE
2018,Best Contemporary Classical Composition,Songs of Solitude,"Nashville Symphony (artist), Richard Danielpour (composer), Thomas Hampson (artist), Giancarlo Guerrero (artist)",FALSE
2018,Best Contemporary Instrumental Album,Prototype,Jeff Lorber,TRUE
2018,Best Contemporary Instrumental Album,Bad Hombre,Antonio Sanchez,FALSE
2018,Best Contemporary Instrumental Album,Mount Royal,"Julian Lage, Chris Eldridge",FALSE
2018,Best Country Album,From A Room: Volume 1,Chris Stapleton,TRUE
2018,Best Country Album,Heart Break,Lady Antebellum,FALSE
2018,Best Country Album,Life Changes,Thomas Rhett,FALSE
2018,Best Country Duo/Group Performance,Better Man,Little Big Town,TRUE
2018,Best Country Duo/Group Performance,You Look Good,Lady Antebellum (artist),FALSE
2018,Best Country Duo/Group Performance,My Old Man,Zac Brown Band,FALSE
2018,Best Country Solo Performance,Either Way,Chris Stapleton,TRUE
2018,Best Country Solo Performance,You Look Good,Lady Antebellum,FALSE
2018,Best Country Solo Performance,Tin Man,Miranda Lambert,FALSE
2018,Best Country Song,Broken Halos,"Chris Stapleton, Mike Henderson",TRUE
2018,Best Country Song,Body Like a Back Road,"Josh Osborne (songwriter), Shane McAnally (songwriter), Sam Hunt (songwriter/artist), Zach Crowell (songwriter)",FALSE
2018,Best Country Song,Better Man,Taylor Swift,FALSE
2018,Best Dance Recording,Tonite,"James Murphy (producer/mixer), LCD Soundsystem (artist)",TRUE
2018,Best Dance Recording,Line of Sight,"Eric J. Dubowsky (mixer), Harrison Mills (producer), Clayton Knight (producer), Mansionair (artist), Wynne (artist), Odesza (artist)",FALSE
2018,Best Dance Recording,Andromeda,"Stephen Sedgwick (mixer), Anthony Khan (producer), Remi Kabaka (producer), Jamie Hewlett (producer), Damon Albarn (producer), D.R.A.M. (artist), Gorillaz (artist)",FALSE
2018,Best Dance/Electronic Album,3-D The Catalogue,Kraftwerk (artists),TRUE
2018,Best Dance/Electronic Album,Mura Masa,Mura Masa (artist),FALSE
2018,Best Dance/Electronic Album,What Now,Sylvan Esso (artist),FALSE
2018,Best Dance/Electronica Album,3-D The Catalogue,Kraftwerk,TRUE
2018,Best Dance/Electronica Album,Mura Masa,Mura Masa,FALSE
2018,Best Dance/Electronica Album,What Now,Sylvan Esso,FALSE
2018,"Best Engineered Album, Classical",Shostakovich: Symphony NO. 5; Barber: Adagio,"The Pittsburgh Symphony Orchestra (artist), Manfred Honeck (artist), Marc Donahue (engineer)",TRUE
2018,"Best Engineered Album, Classical",Danielpour: Songs of Solitude & War Songs,"Nashville Symphony (artist), Giancarlo Guerrero (artist), Thomas Hampson (artist), Gary Call (engineer)",FALSE
2018,"Best Engineered Album, Classical",Kleiberg: Mass for Modern Man,"Trondheim Symphony Orchestra (artist), Trondheim Vokalensemble (artist), Eivind Gullberg Jensen (artist), Morten Lindberg (engineer)",FALSE
2018,"Best Engineered Album, Non-Classical",24K Magic,"Bruno Mars (artist), Tom Coyne (mastering engineer), Carlos Alberto Moniz (engineer), John Hanes (engineer), Serban Ghenea (engineer)",TRUE
2018,"Best Engineered Album, Non-Classical",No Shape,"Perfume Genius (artist), Patricia Sullivan (mastering engineer), Joseph Lorge (engineer), Shawn Everett (engineer)",FALSE
2018,"Best Engineered Album, Non-Classical",Natural Conclusion,"Rose Cousins (artist), Joao Carvalho (mastering engineer), Ryan Freeland (engineer)",FALSE
2018,Best Folk Album,Mental Illness,Aimee Mann (artist),TRUE
2018,Best Folk Album,Semper Femina,Laura Marling (artist),FALSE
2018,Best Folk Album,You Don't Own Me Anymore,The Secret Sisters (artist),FALSE
2018,Best Gospel Album,Let Them Fall in Love,CeCe Winans,TRUE
2018,Best Gospel Album,Bigger Than Me,Leandria Johnson,FALSE
2018,Best Gospel Album,Crossover: Live from Music City,Travis Greene,FALSE
2018,Best Gospel Performance/Song,Never Have to Be Alone,"Dwan Hill (songwriter), Dwan Hill (songwriter), CeCe Winans (artist)",TRUE
2018,Best Gospel Performance/Song,Better Days,Leandria Johnson (artist),FALSE
2018,Best Gospel Performance/Song,Too Hard Not To,"Warryn Campbell (songwriter), Tina Campbell (songwriter/artist)",FALSE
2018,Best Historical Album,Leonard Bernstein-The Composer,"Leonard Bernstein (artist), Andreas K. Meyer (mastering engineer), Martin Kistner (mastering engineer), Robert Russ (compilation producer)",TRUE
2018,Best Historical Album,Bobo Yeye: Belle Epoque in Upper Volta,"Jon Kirby (compilation producer), Florent Mazzoleni (compilation producer), Rob Sevier (compilation producer), Ken Shipley (compilation producer), Jeff Lipton (mastering engineer), Maria Rice (mastering engineer)",FALSE
2018,Best Historical Album,Washington Phillips and His Mazarene Dreams,"Washington Phillips (artist), Michael Graves (mastering engineer), Steven Lance Ledbetter (compilation producer), April G. Ledbetter (compilation producer), Michael Corcoran (compilation producer)",FALSE
2018,Best Improvised Jazz Solo,Miles Beyond,John McLaughlin (soloist),TRUE
2018,Best Improvised Jazz Solo,Ilimba,Chris Potter (soloist),FALSE
2018,Best Improvised Jazz Solo,Can't Remember Why,Sara Caswell (soloist),FALSE
2018,Best Instrumental Composition,Three Revolutions,"Arturo O'Farrill (artist/composer), Chucho Valdés (composer)",TRUE
2018,Best Instrumental Composition,Alkaline,"Jack Quartet (artist), Le Boeuf Brothers (artist), Pascal Le Boef (composer)",FALSE
2018,Best Instrumental Composition,Choros #3,"Vincent Mendoza (artist/composer), WDR Big Band Cologne (composer)",FALSE
2018,Best Jazz Instrumental Album,Rebirth,Billy Childs (artist),TRUE
2018,Best Jazz Instrumental Album,The Dreamer is the Dream,Chris Potter (artist),FALSE
2018,Best Jazz Instrumental Album,Project Freedom,Joey DeFrancesco (artist),FALSE
2018,Best Jazz Vocal Album,Dreams and Daggers,Cecile McLorin Salvant (artist),TRUE
2018,Best Jazz Vocal Album,Porter Plays Porter,"Nancy King (artist), Randy Porter Trio (artist)",FALSE
2018,Best Jazz Vocal Album,The Journey,The Baylor Project (artist),FALSE
2018,Best Large Jazz Ensemble Album,Bringin'it,Christian McBride Big Band (artist),TRUE
2018,Best Large Jazz Ensemble Album,Homecoming,Christian McBride Big Band (artist),FALSE
2018,Best Large Jazz Ensemble Album,Whispers of the Wind,"The Jazz Surge (artist), Chuck Owen (artist)",FALSE
2018,Best Latin Jazz Album,Jazz Tango,Pablo Ziegler Trio (artist),TRUE
2018,Best Latin Jazz Album,Oddara,"Maqueque (artist), Jane Bunnett (artist)",FALSE
2018,Best Latin Jazz Album,Tipico,Miguel Zenon (artist),FALSE
2018,Best Latin Pop Album,El dorado,Shakira (artist),TRUE
2018,Best Latin Pop Album,Mis planes son amarte,Juanes (artist),FALSE
2018,Best Latin Pop Album,Musas (un homenaje al folclore latinoamericano en las manos de los macorinos),Natalia Lafourcade (artist),FALSE
2018,"Best Latin Rock, Urban or Alternative Album",Residente,Residente (artist),TRUE
2018,"Best Latin Rock, Urban or Alternative Album",Pa'fuera,"Desorden Publico (artist), C4 Trío (artist)",FALSE
2018,"Best Latin Rock, Urban or Alternative Album", El Paradise,Los Amigos Invisibles (artist),FALSE
2018,Best Metal Performance,Sultan's Curse,Mastodon,TRUE
2018,Best Metal Performance,Black Hoodie,Body Count,FALSE
2018,Best Metal Performance,Clockworks,Meshuggah,FALSE
2018,Best Music Film,The Defiant Ones (limited series),"Allen Hughes (director), Andrew A. Kosove (executive producer), Laura Lancaster (executive producer), Broderick Johnson (executive producer), Fritzi Horstman (producer), Sarah Anthony (producer), Gene Kirkwood (executive producer), Steven D. Williams (producer), Doug Pray (executive producer)",TRUE
2018,Best Music Film,Two Trains Runnin' (various artists),One More Time with Feeling (feature film),FALSE
2018,Best Music Film,Soundbreaking (various artists),"Warren Zanes (video producer), Julia Marchesi (video producer), Sally Rosenthal (video producer), Maro Chermayeff (video director), Jeff Dupre (video director), Joshua Bennett (video producer), Amy Schewel (video producer)",FALSE
2018,Best Music Video,Kendrick Lamar: Humble.,"Jason Baum (Producer), Nathan Scherrer (Producer), Jamie Rabineau (Producer), Dave Free (Producer), Anthony Tiffith (Producer), Dave Meyers (Director), The Little Homies (Director)",TRUE
2018,Best Music Video,Jay-Z: The Story of O.J.,"Jay-Z (artist/video director), Mark Romanek (video director), Daniel Midgley (video producer), No I.D. (video producer), Chaka Pilgrim (video producers), Elizabeth Newman (video producers)",FALSE
2018,Best Music Video,Makeba,"Yodelice (video producer), Jain (artist), Lionel Hirle (video producer)",FALSE
2018,Best Musical Theater Album,Dear Evan Hansen original Broadway cast recording,"Laura Dreyfuss (Principal soloist), Mike Faist (Principal soloist), Rachel Bay Jones (Principal soloist), Kristolyn Lloyd (Principal soloist), Michael Park (Principal soloist), Ben Platt (Principal soloist), Will Roland (Principal soloist), Jennifer Laura Thompson (Principal soloist), Pete Ganbarg (Producer), Alex Lacamoire (Producer), Benj Pasek (Producer/ composer/lyricist), Justin Paul (Producer/composer/lyricist), Stacey Mindich (producer)",TRUE
2018,Best Musical Theater Album,Come From Away original Broadway cast recording,"Ian Eisendrath (Producer), August Eriksmoen (Producer), David Hein (Producer/ composer/ lyricist), David Lai (Producer), Irene Sankoff (Producer/ composer/lyricist)",FALSE
2018,Best New Age Album,Dancing on Water,Peter Kater (artists),TRUE
2018,Best New Age Album,Songversation: Medicine,India Arie (artists),FALSE
2018,Best New Age Album,Spiral Revelation,Steve Roach (artists),FALSE
2018,Best New Artist,Alessia Cara,,TRUE
2018,Best New Artist,Khalid,,FALSE
2018,Best New Artist,SZA,,FALSE
2018,Best Opera Recording,Berg: Wozzeck,"Rice University & Houston Grand Opera Children's Chorus (artist), Shepherd School Of Music (artist), Houston Symphony; Chorus Of Students And Alumni (artist), Brad Sayles (producer), Roman Trekel (producer), Anne Schwanewilms (producer), Hans Graf (conductor/producer)",TRUE
2018,Best Opera Recording,Rimsky-Korsakov: The Golden Cockerel,"Mariinsky Orchestra & Chorus (artist), Ilya Petrov (producer), Andrei Serov (producer), Aida Garifullina (producer), Vladimir Feliauer (producer), Valery Gergiev (conductor)",FALSE
2018,Best Opera Recording,Bizet: Lez Pecheurs de Perles,"The Metropolitan Opera Orchestra and Chorus (artist), Jay David Saks (producer), Nicolas Testé (producer), Matthew Polenzani (producer), Mariusz Kwiecien (producer), Diana Damrau (producer), Gianandrea Noseda (conductor)",FALSE
2018,Best Orchestral Performance,Shostakovich: Symphony NO. 5; Barber: Adagio,"The Pittsburgh Symphony Orchestra (artist), Manfred Honeck (conductor)",TRUE
2018,Best Orchestral Performance,Copland: Symphony NO. 3; Three Latin American Sketches,"Detroit Symphony Orchestra (artist), Leonard Slatkin (conductor)",FALSE
2018,Best Orchestral Performance,Debussy: Images; Jeux & La Plus Que Lente,"San Francisco Symphony (artist), Michael Tilson Thomas (conductor)",FALSE
2018,Best Pop Duo/Group Performance,Feel it Still,Portugal. The Man,TRUE
2018,Best Pop Duo/Group Performance,Despacito,"Luis Fonsi, Daddy Yankee, Justin Bieber",FALSE
2018,Best Pop Duo/Group Performance,Stay,"Zedd, Alessia Cara",FALSE
2018,Best Pop Solo Performance,Shape of You,Ed Sheeran,TRUE
2018,Best Pop Solo Performance,Praying,Kesha,FALSE
2018,Best Pop Solo Performance,What About Us,Pink,FALSE
2018,Best Pop Vocal Album,Divide,Ed Sheeran,TRUE
2018,Best Pop Vocal Album,Evolve,Imagine Dragons,FALSE
2018,Best Pop Vocal Album,Joanne,Lady Gaga,FALSE
2018,Best R&B Album,24K Magic,Bruno Mars,TRUE
2018,Best R&B Album,Let Love Rule,Ledisi Young,FALSE
2018,Best R&B Album,Gumbo,PJ Morton,FALSE
2018,Best R&B Performance,That's What I Like,Bruno Mars,TRUE
2018,Best R&B Performance,Distraction,Kehlani,FALSE
2018,Best R&B Performance,The Weekend,SZA,FALSE
2018,Best R&B Song,That's What I Like,"Jonathan Yip (songwriter), Ray Romulus (songwriter), Jeremy Reeves (songwriter), Ray Charles McCullough II (songwriter), Bruno Mars (songwriter/artist), Philip Lawrence (songwriter), James Fauntleroy (songwriter), Brody Brown (songwriter)",TRUE
2018,Best R&B Song,Redbone,"Donald Glover (artist/producer/engineer/mixer), Ludwig Göransson (producer/engineer/mixer)",FALSE
2018,Best R&B Song,First Began,PJ Morton (songwriter),FALSE
2018,Best Rap Album,Damn,Kendrick Lamar (artist),TRUE
2018,Best Rap Album,Culture,Migos (artist),FALSE
2018,Best Rap Album,Flower Boy,Tyler the Creator (artist),FALSE
2018,Best Rap Performance,HUMBLE.,Kendrick Lamar,TRUE
2018,Best Rap Performance,Bodak Yellow,Cardi B,FALSE
2018,Best Rap Performance,Bad and Boujee,"Migos, Lil Uzi Vert",FALSE
2018,Best Rap Song,Humble,"Mike Will Made It (songwriter), Asheton Hogan (songwriter), Kendrick Lamar (songwriter/artist)",TRUE
2018,Best Rap Song,The Story of O.J.,"No I.D. (artist), Jay-Z (song writer/artist)",FALSE
2018,Best Rap Song,Sassy,"Wyann Vaughn (song writer), Rapsody (song writer/artist), E. Gabouerd (song writer), Jason Martin (song writer)",FALSE
2018,Best Rap/Sung Performance,LOYALTY.,"Kendrick Lamar, Rihanna",TRUE
2018,Best Rap/Sung Performance,Crew,"GoldLink, Brent Faiyaz, Shy Glizzy",FALSE
2018,Best Rap/Sung Performance,Love Galore,"SZA, Travis Scott",FALSE
2018,Best Recording Package,El Orisha de la Rosa,"Carlos Dussan (art director), Juliana Jaramillo (art director), Juan Martinez (art director), Claudio Roncoli (art director), Magín Díaz (artist)",TRUE
2018,Best Recording Package,Mura Masa,"Alex Crossan (art director), Matt De Jong (art director)",FALSE
2018,Best Recording Package,Sleep Well Beast,"The National (artist), Elyanna Blaser-Gould (art director), Luke Hayman (art director), Andrea Trabucco-Campos (art director)",FALSE
2018,Best Reggae Album,Stony Hill,Damian Marley (artist),TRUE
2018,Best Reggae Album, Lost in Paradise,Common Kings (artist),FALSE
2018,Best Reggae Album,Avrakedabra,Morgan Heritage (artist),FALSE
2018,Best Regional Mexican Music Album (Including Tejano),Arriero somos versiones acusticas,Aida Cuevas (artist),TRUE
2018,Best Regional Mexican Music Album (Including Tejano),Zapateando en el norte,Humberto Novoa (artist),FALSE
2018,Best Regional Mexican Music Album (Including Tejano),Ni diablo ni santo,"Su Norteño Banda (artist), Julión Álvarez (artist)",FALSE
2018,Best Regional Music Album,Kalenda,The Lost Bayou Ramblers (artist),TRUE
2018,Best Regional Music Album,Pua Kiele,Josh Tatofi (artist),FALSE
2018,Best Regional Music Album,Top of the Mountain,"The Zydeco Hellraisers (artist), Dwayne Dopsie (artist)",FALSE
2018,Best Regional Roots Music Album,Kalenda,The Lost Bayou Ramblers (artist),TRUE
2018,Best Regional Roots Music Album,Pua Kiele,Josh Tatofi (artist),FALSE
2018,Best Regional Roots Music Album,Top of the Mountain,"The Zydeco Hellraisers (artist), Dwayne Dopsie (artist)",FALSE
2018,"Best Remixed Recording, Non-Classical",You Move (Latroit Remix),"Depeche Mode (artist), Dennis White (remixer)",TRUE
2018,"Best Remixed Recording, Non-Classical",Funk O'De Funk (Smle Remix),"Bobby Rush (artist), Smle (remixer)",FALSE
2018,"Best Remixed Recording, Non-Classical",A Violent Noise (Four Tet Remix),"The xx (artist), Four Tet (remixer)",FALSE
2018,Best Rock Album,A Deeper Understanding,The War on Drugs,TRUE
2018,Best Rock Album,Hardwired...to Self-Destruct,Metallica,FALSE
2018,Best Rock Album,Villains,Queens of the Stone Age,FALSE
2018,Best Rock Performance,You Want it Darker,Leonard Cohen,TRUE
2018,Best Rock Performance,Run,Foo Fighters,FALSE
2018,Best Rock Performance,Go To War,Nothing More,FALSE
2018,Best Rock Song,Run,Foo Fighters,TRUE
2018,Best Rock Song,Blood in the Cut,K.Flay,FALSE
2018,Best Rock Song,Go to War,Nothing More,FALSE
2018,Best Roots Gospel Album,Sing It Now:Songs of Faith & Hope,Reba McEntire (artist),TRUE
2018,Best Roots Gospel Album,Give Me Jesus,Larry Cordle (artist),FALSE
2018,Best Roots Gospel Album,The Best of the Collingsworth Family-Volume 1,The Collingsworth Family (artist),FALSE
2018,Best Score Soundtrack for Visual Media,La La Land,"Justin Hurwitz, Marius De Vries, Nick Baxter, Steven Gizicki",TRUE
2018,Best Score Soundtrack for Visual Media,Dunkirk,Hans Zimmer,FALSE
2018,Best Score Soundtrack for Visual Media,Hidden Figures,"Hans Zimmer, Pharrell Williams, Benjamin Wallfisch",FALSE
2018,Best Song Written for Visual Media,How Far I'll Go,Moana,TRUE
2018,Best Song Written for Visual Media,City of Stars,La La Land,FALSE
2018,Best Song Written for Visual Media,Stand Up for Something,Marshall,FALSE
2018,Best Spoken Word Album,The Princess Diarist.,Carrie Fisher,TRUE
2018,Best Spoken Word Album,Born to Run,Bruce Springsteen,FALSE
2018,Best Spoken Word Album,Confessions of a Serial Songwriter,Shelly Peiken,FALSE
2018,Best Surround Sound Album, Early Americans,"Jane Ira Bloom (surround producer/artist), Darcy Proper (surround mastering engineer), Jim Anderson (surround mix engineer/surround producer)",TRUE
2018,Best Surround Sound Album,3-D The Catalogue,"Kraftwerk (artist), Fritz Hilpert (surround producer), Tom Ammermann (surround mastering engineer), Fritz Hilpert (surround mix engineer)",FALSE
2018,Best Surround Sound Album,Tyberg: Masses,"South Dakota Chorale (artist), Christopher Jacobson (artist), Brian A. Schmidt (artist), Blanton Alspaugh (surround producer), Jesse Brayman (surround mix engineer/surround mastering engineer)",FALSE
2018,Best Traditional Blues Album,Blue & Lonesome,The Rolling Stones (artist),TRUE
2018,Best Traditional Blues Album,Migration Blues,Eric Bibb (artist),FALSE
2018,Best Traditional Blues Album,Roll and Tumble,R.L. Boyce (artist),FALSE
2018,Best Traditional Pop Vocal Album,Tony Bennett Celebrates 90,Tony Bennett,TRUE
2018,Best Traditional Pop Vocal Album,Nobody But Me (Deluxe Edition),Michael Bublé,FALSE
2018,Best Traditional Pop Vocal Album,In Full Swing,Seth MacFarlane,FALSE
2018,Best Traditional R&B Performance,Redbone,Donald Glover,TRUE
2018,Best Traditional R&B Performance,All the Way,Ledisi Young (artist),FALSE
2018,Best Traditional R&B Performance,Laugh and Move On,The Baylor Project Best R&B Song,FALSE
2018,Best Tropical Latin Album,Salsa Big Band,"Roberto Delgado & Orquesta (artist), Rubén Blades (artist)",TRUE
2018,Best Tropical Latin Album,Indestructible,Diego El Cigala (artist),FALSE
2018,Best Tropical Latin Album,Gente Valiente,Silvestre Dangond (artist),FALSE
2018,Best Urban Contemporary Album,Starboy,The Weeknd,TRUE
2018,Best Urban Contemporary Album,"'Awaken, My Love!'",Donald Glover,FALSE
2018,Best Urban Contemporary Album,Crtl,SZA,FALSE
2018,Best World Music Album,Shaka Zulu Revisited:30TH Anniversary Celebration,"Ladysmith Black Mambazo, (artist)",TRUE
2018,Best World Music Album,Elwan,Tinariwen (artist),FALSE
2018,Best World Music Album,Memoria de los sentidos,Vicente Amigo (artist),FALSE
2018,"Producer of the Year, Classical",David Frost (producer),,TRUE
2018,"Producer of the Year, Classical",Judith Sherman,,FALSE
2018,"Producer of the Year, Classical",Morten Lindberg (producer),,FALSE
2018,"Producer of the Year, Non-Classical",Greg Kurstin (producer),,TRUE
2018,"Producer of the Year, Non-Classical",Calvin Harris (producer),,FALSE
2018,"Producer of the Year, Non-Classical",The Stereotypes (producer),,FALSE
2018,Record of the Year,24K Magic,"Bruno Mars (Artist), Serban Ghenea (Mixer/Engineer), John Hanes (Mixer/Engineer), Charles Moniz (Mixer/Engineer), Tom Coyne (Mastering Engineer), Shampoo Press & Curl (producers)",TRUE
2018,Record of the Year,The Story of O.J.,"Jay-Z (artist/producer), No I.D. (producer), Gimel Keaton (engineer/mixer), Dave Kutch (mastering engineer), Jimmy Douglass (engineer/mixer)",FALSE
2018,Record of the Year,Despacito,"Luis Fonsi (artist), Daddy Yankee (artist), Justin Bieber (artist), Josh Gudwin (producer/engineer/mixer), Mauricio Rengifo (producer), Andrés Torres (producer), Jaycen Joshua (engineer/mixer), Dave Kutch (mastering engineer), Luis 'Salda' Saldarriaga (engineer/mixer), Juan G. Rivera (engineer/mixer), Chris O'Ryan (engineer/mixer)",FALSE
2018,Song of the Year,That's What I Like,"Bruno Mars (Artist/Songwriter), Brody Brown (Songwriter), James Fauntleroy (Songwriter), Philip Lawrence (Songwriter), Jeremy Reeves (Songwriter), Ray Romulus (Songwriter), Jonathan Yip (Songwriter), Ray Charles McCullough II (Songwriter)",TRUE
2018,Song of the Year,Despacito,"Daddy Yankee (Artist/Songwriter), Luis Fonsi (Artist/Songwriter), Justin Bieber (Artist/Songwriter), Poo Bear (Songwriter), Erika Ender (Songwriter), Marty James Garton (Songwriter)",FALSE
2018,Song of the Year,Issues,"Julia Michaels (Artist/Songwriter), Benny Blanco (Songwriter), Mikkel Storleer Eriksen (Songwriter), Tor Erik Hermansen (Songwriter), Justin Tranter (Songwriter)",FALSE
2019,Album of the Year,Golden Hour,"Kacey Musgraves (artist/producer/songwriter), Ian Fitchuk (producer/songwriter), Daniel Tashian (producer/songwriter), Craig Alvin (engineer/mixer), Shawn Everett (engineer/mixer), Greg Calbi (mastering engineer), Steve Fallone (mastering engineer)",TRUE
2019,Album of the Year,Invasion of Privacy,"Cardi B (artist/songwriter), Leslie Brathwaite (engineer/mixer), Evan LaRay (engineer/mixer), Jorden Thorpe (songwriter), Colin Leonard (mastering engineer)",FALSE
2019,Album of the Year,H.E.R,"H.E.R. (artist/producer/songwriter), Darhyl Camper Jr. (producer/songwriter), David Harris (producer), Walter Jones (producer), Jeff Robinson (producer), Mikio Tsutsumi (engineer/mixer), Dave Kutch (mastering engineer)",FALSE
2019,Album of the Year,"Black Panther: The Album, Music from and Inspired By","Kendrick Lamar (featured artist/producer/songwriter), Sounwave (producer/songwriter), Matt Schaeffer (engineer/mixer), Mike Bozzi (mastering engineer)",FALSE
2019,Best Album Notes,Voices Of Mississippi: Artists and Musicians Documented by William Ferris by Various Artists,David Evans (album notes writer),TRUE
2019,Best Album Notes,The 1960 Time Sessions,Ben Ratliff (album notes writer),FALSE
2019,Best Album Notes,"Alpine Dreaming: The Helvetia Records Story, 1920-1924 (Various artists)",James Leary (album notes writer),FALSE
2019,Best Alternative Music Album,Colors,"Beck (artist/producer), Greg Kurstin (producer/engineer/mixer), Julian Burg (engineer/mixer), Serban Ghenea (engineer/mixer), David Greenbaum (engineer/mixer), John Hanes (engineer/mixer), Florian Lagatta (engineer/mixer), Cole M. Grief-Neil (engineer/mixer), Alex Pasco (engineer/mixer), Jesse Shatkin (engineer/mixer), Darrell Thorp (engineer/mixer), Cassidy Turbin (engineer/mixer)",TRUE
2019,Best Alternative Music Album,Utopia,Björk (artist),FALSE
2019,Best Alternative Music Album,Masseduction,St. Vincent (artist),FALSE
2019,Best American Roots Performance,The Joke,Brandi Carlile (artist),TRUE
2019,Best American Roots Performance,St. James Infirmary Blues,Jonathan Batiste (artist),FALSE
2019,Best American Roots Performance,Last Man Standing,Willie Nelson (artist),FALSE
2019,Best American Roots Song,The Joke,"Brandi Carlile (artist/songwriter), Dave Cobb (songwriter), Phil Hanseroth (songwriter), Tim Hanseroth (songwriter)",TRUE
2019,Best American Roots Song,Knockin' on Your Screen Door,"Pat McLaughlin (songwriter), John Prine (songwriter/artist)",FALSE
2019,Best American Roots Song,All the Trouble,"Waylon Payne (songwriter), Lee Ann Womack (songwriter), Adam Wright (songwriter/artist)",FALSE
2019,Best Americana Album,"By the Way, I Forgive You","Brandi Carlile (artist), Dave Cobb (producer), Shooter Jennings (producer), Eddie Spear (engineer/mixer)",TRUE
2019,Best Americana Album,The Tree of Forgiveness,John Prine (artist),FALSE
2019,Best Americana Album,One Drop of Truth,The Wood Brothers (artist),FALSE
2019,"Best Arrangement, Instrumental or A Cappella",Stars and Stripes Forever,"John Daversa (arranger), John Daversa Big Band Featuring DACA Artists",TRUE
2019,"Best Arrangement, Instrumental or A Cappella",Madrid Finale,John Powell (arranger),FALSE
2019,"Best Arrangement, Instrumental or A Cappella",Batman Theme (TV),"Wynton Marsalis (artist), Justin Wilson (arranger), Randy Waldman (arranger/artist)",FALSE
2019,"Best Arrangement, Instruments and Vocals",Spiderman Theme,"Mark Kibble (arranger), Randy Waldman (arranger/artist), Justin Wilson (arranger), Take 6 (artist), Chris Potter (artist)",TRUE
2019,"Best Arrangement, Instruments and Vocals",Niña,"Magos Herrera (artist), Brooklyn Rider (artist), Gonzalo Grau (arranger)",FALSE
2019,"Best Arrangement, Instruments and Vocals",Mona Lisa,"Vincent Mendoza (arranger), Gregory Porter (artist)",FALSE
2019,Best Bluegrass Album,The Travelin' McCrourys,"The Travelin' Mccourys (artist/producer), Sean Sullivan (engineer/mixer)",TRUE
2019,Best Bluegrass Album,Sister Sadie II,Sister Sadie (artist),FALSE
2019,Best Bluegrass Album,North of Despair,Wood & Wire (artist),FALSE
2019,Best Boxed or Special Limited Edition Package,Squeeze Box: The Complete Works of Weird Al Yankovic,"Meghan Foley (art director), Annie Stoll (art director), 'Weird Al' Yankovic (art director/artist)",TRUE
2019,Best Boxed or Special Limited Edition Package,Pacific Northwest '73–'74: The Complete Recordings,"Lisa Glines (art director), Doran Tyson (art director), Roy Vickers (art director)",FALSE
2019,Best Boxed or Special Limited Edition Package,Too Many Bad Habits,"Sarah Dodds (art director), Shauna Dodds (art director)",FALSE
2019,Best Chamber Music/Small Ensemble Performance,"Anderson, Laurie: Landfall","Laurie Anderson (artist), Kronos Quartet (artist), Scott Fraser (producer)",TRUE
2019,Best Chamber Music/Small Ensemble Performance,Blueprinting,Aizuri Quartet (artist),FALSE
2019,Best Chamber Music/Small Ensemble Performance,"Beethoven, Shostakovich & Bach",The Danish String Quartet (artist),FALSE
2019,Best Children's Album,All the Sounds,"Lucy Kalintari, The Jazz Cats, Denise Barbarita (engineer/mixer)",TRUE
2019,Best Children's Album,The Nation of Imagine,Frank & Deane (artist),FALSE
2019,Best Children's Album,Building Blocks,Tim Kubart (artist),FALSE
2019,Best Choral Performance,McLoskey: Zealot Canticles,"Donald Nally (conductor), Doris Hall-Gulati, Rebecca Harris, Arlen Hlusko, Lorenzo Ravel, Mandy Wolman, The Crossing, Paul Vazquez (producer)",TRUE
2019,Best Choral Performance,Seven Words from the Cross,"Matthew Guard (conductor), Skylark (artist)",FALSE
2019,Best Choral Performance,Chesnokov: Teach Me Thy Statutes,"Vladimir Krakov (artist), Vladimir Gorbik (conductor), Mikhail Davydov (artist), PaTRAM Institute Male Choir (artist)",FALSE
2019,Best Classical Compendium,Fuchs: Piano Concerto 'Spiritualist'; Poems Of Life; Glacier; Rush,"JoAnn Falletta (conductor), Tim Handley (producer), Jonathan Allen (engineer)",TRUE
2019,Best Classical Compendium,Vaughan Williams: Piano Concerto; Oboe Concerto; Serenade to Music; Flos Campi,"Peter Oundjian (conductor), Blanton Alspaugh (producer)",FALSE
2019,Best Classical Compendium,Gold,"The King's Singers (artist), Nigel Short (producer)",FALSE
2019,Best Classical Instrumental Solo,Kernis: Violin Concerto,"James Ehnes, Ludovic Morlot (conductor), Seattle Symphony Orchestra",TRUE
2019,Best Classical Instrumental Solo,Biber: The Mystery Sonatas,"Christina Day Martinson (artist), Martin Pearlman (conductor), Boston Baroque (artist)",FALSE
2019,Best Classical Instrumental Solo,"Bruch: Scottish Fantasy, Op. 46; Violin Concerto No. 1 in G Minor, Op. 26","Joshua Bell (artist), The Academy of St. Martin-in-the-Fields (artist)",FALSE
2019,Best Classical Solo Vocal Album,"Songs Of Orpheus - Monteverdi, Caccini, D'India & Landi","Karim Sulayman, Jeannette Sorrell (conductor), Apollo's Fire, Erica Brenner (producer), Ian Dobie (engineer/mixer), Daniel Shores (mixer)",TRUE
2019,Best Classical Solo Vocal Album,Mirages,"Les Siècles (artist), Jodie Devos (artist), Marianne Crebassa (artist), Sabine Devieilhe (artist), François-Xavier Roth (conductor), Alexandre Tharaud (artist)",FALSE
2019,Best Classical Solo Vocal Album,The Handel Album,"Philippe Jaroussky (artist), Artaserse (ensemble)",FALSE
2019,Best Comedy Album,Equanimity & The Bird Revelation,Dave Chappelle,TRUE
2019,Best Comedy Album,Standup for Drummers,Fred Armisen,FALSE
2019,Best Comedy Album,Annihilation,Patton Oswalt,FALSE
2019,Best Compilation Soundtrack for Visual Media,plus Various Artists,The Greatest Showman,TRUE
2019,Best Compilation Soundtrack for Visual Media,Various Artists,Deadpool 2,FALSE
2019,Best Compilation Soundtrack for Visual Media,Various Artists,Stranger Things,FALSE
2019,Best Contemporary Blues Album,Please Don't Be Dead,"Fantastic Negrito (artist/producer), Nahuel Bronzini (engineer/mixer), Alexandro Maloles (engineer/mixer), Matt Winegar (engineer/mixer)",TRUE
2019,Best Contemporary Blues Album,Cry No More,Danielle Nicole (artist),FALSE
2019,Best Contemporary Blues Album,Victor Wainwright and the Train,Victor Wainwright and the Train (artist),FALSE
2019,Best Contemporary Christian Music Album,Look Up Child,Lauren Daigle,TRUE
2019,Best Contemporary Christian Music Album,Living with a Fire,Jesus Culture,FALSE
2019,Best Contemporary Christian Music Album,Survivor: Live from Harding Prison,Zach Williams,FALSE
2019,Best Contemporary Christian Music Performance/Song,You Say,"Lauren Daigle, Jason Ingram, Paul Mabury",TRUE
2019,Best Contemporary Christian Music Performance/Song,Joy,"For King & Country, Ben Glover, Matt Hales, Blake Kanicka, Joel Smallbone, Luke Smallbone, Tedd T, Seth Mosley",FALSE
2019,Best Contemporary Christian Music Performance/Song,Known,"Tauren Wells, Jordan Sapp, Ethan Hulse",FALSE
2019,Best Contemporary Classical Composition,Kernis: Violin Concerto,"Aaron Jay Kernis (composer), James Ehnes, Ludovic Morlot, Seattle Symphony Orchestra",TRUE
2019,Best Contemporary Classical Composition,Heggie: Great Scott,"Joyce DiDonato (artist), Ailyn Pérez (artist), Frederica von Stade (artist), Nathan Gunn (artist), Anthony Roth Costanzo (artist), Kevin Burdette (artist), Mike Hayes (artist), Mark Hamrock (artist), Manuel Palazzo (artist), Patrick Summers (artist), Jake Heggie (composer), Terrence E. McNally (librettist)",FALSE
2019,Best Contemporary Classical Composition,Bates: The (R)evolution of Steve Jobs,"Santa Fe Opera Orchestra (artist), Jessica Jones (artist), Edward Parks (artist), Garrett Sorenson (artist), Wei Wu (artist), Sasha Cooke (artist), Mason Bates (composer), Mark Campbell (librettist), Michael Christie (artist)",FALSE
2019,Best Contemporary Instrumental Album,Steve Gadd Band,"Steve Gadd Band (artist), Rich Breen (engineer/mixer)",TRUE
2019,Best Contemporary Instrumental Album,Modern Lore,Julian Lage (artist),FALSE
2019,Best Country Album,Golden Hour,Kacey Musgraves,TRUE
2019,Best Country Album,Port Saint Joe,Brothers Osborne,FALSE
2019,Best Country Album,Unapologetically,Kelsea Ballerini,FALSE
2019,Best Country Duo/Group Performance,Tequila,Dan + Shay (artist),TRUE
2019,Best Country Duo/Group Performance,Shoot Me Straight,Brothers Osborne (artist),FALSE
2019,Best Country Duo/Group Performance,Dear Hate,"Maren Morris (artist), Vince Gill (artist)",FALSE
2019,Best Country Solo Performance,Butterflies,Kacey Musgraves (artist),TRUE
2019,Best Country Solo Performance,Parallel Line,Keith Urban (artist),FALSE
2019,Best Country Solo Performance,Mona Lisas and Mad Hatters,Maren Morris (artist),FALSE
2019,Best Country Song,Space Cowboy (Kacey Musgraves),"Luke Laird, Shane McAnally, Kacey Musgraves",TRUE
2019,Best Country Song,Break Up in the End (Cole Swindell),"Jessie Jo Dillon, Chase McGill, Jon Nite",FALSE
2019,Best Country Song,I Lived It (Blake Shelton),"Rhett Akins, Ross Copperman, Ashley Gorley, Ben Hayslip",FALSE
2019,Best Dance Recording,Electricity,"Silk City (artist/producer), Dua Lipa (artist), Diplo (artist), Mark Ronson (artist), Jarami (producer), Alex Metric (producer), Riton (producer), Josh Gudwin (mixer)",TRUE
2019,Best Dance Recording,Ultimatum,"Fatoumata Diawara (artist), Disclosure (artist/producer/mixer)",FALSE
2019,Best Dance Recording,Ghost Voices,Porter Robinson (producer/artist/mixer),FALSE
2019,Best Dance/Electronic Album,Woman Worldwide,Justice (artist/producer/engineer/mixer),TRUE
2019,Best Dance/Electronic Album,Treehouse,Sofi Tukker (artist),FALSE
2019,Best Dance/Electronic Album,Lune Rouge,TokiMonsta (artist),FALSE
2019,"Best Engineered Album, Classical",Shostakovich: Symphonies Nos. 4 & 11,"Shawn Murphy (engineer), Nick Squire (engineer), Tim Martyn (mastering engineer), Andris Nelsons, Boston Symphony Orchestra",TRUE
2019,"Best Engineered Album, Classical",Liquid Melancholy: Clarinet Music of James M. Stephenson,"John Bruce Yeh (artist), Bill Maylone (engineer/mastering engineer), Mary Mazurek (engineer)",FALSE
2019,"Best Engineered Album, Classical",Bates: The (R)evolution of Steve Jobs,"Santa Fe Opera Orchestra (artist), Jessica Jones (artist), Edward Parks (artist), Sasha Cooke (artist), Wei Wu (artist), Garrett Sorenson (artist), Marc Donahue (engineer/mastering engineer), Dirk Sobotka (engineer), Michael Christie (artist)",FALSE
2019,"Best Engineered Album, Non-Classical",Colors,"Julian Burg (engineer), Serban Ghenea (engineer), David Greenbaum (engineer), John Hanes (engineer), Beck (engineer), Greg Kurstin (engineer), Florian Lagatta (engineer), Cole M. Grief-Neil (engineer), Alex Pasco (engineer), Jesse Shatkin (engineer), Darrell Thorp (engineer), Cassidy Turbin (engineer), Chris Bellman (engineer), Tom Coyne (mastering engineer), Emily Lazar (mastering engineer), Randy Merrill (mastering engineer)",TRUE
2019,"Best Engineered Album, Non-Classical",Voicenotes,"Manny Marroquin (engineer), Charlie Puth (engineer/artist), Dave Kutch (mastering engineer)",FALSE
2019,"Best Engineered Album, Non-Classical",All the Things That I Did and All the Things That I Didn't Do,"Ryan Freeland (engineer), Kenneth Pattengale (engineer), Kim Rosen (mastering engineer), The Milk Carton Kids (artist)",FALSE
2019,Best Folk Album,All Ashore,"Punch Brothers (artist/producer), Jason Wormer (engineer/mixer)",TRUE
2019,Best Folk Album,Weed Garden,Iron & Wine (artist),FALSE
2019,Best Folk Album,Rifles & Rosary Beads,Mary Gauthier (artist),FALSE
2019,Best Gospel Album,Hiding Place,"Tori Kelly (artist), Kirk Franklin (artist/producer), Ronald Hill (producer), Max Stark (producer), Rob Chiarelli (engineer/mixer), Michael Havens (engineer/mixer)",TRUE
2019,Best Gospel Performance/Song,Never Alone,"Tori Kelly (artist), Kirk Franklin (artist/producer), Victoria Kelly (songwriter)",TRUE
2019,Best Historical Album,Voices of Mississippi: Artists and Musicians Documented by William Ferris (various artists),"William R. Ferris (compilation producers), April Ledbetter (compilation producers), Steven Lance Ledbetter (compilation producers), Michael Graves (mastering engineer)",TRUE
2019,Best Historical Album,Battleground Korea: Songs and Sounds of America's Forgotten War (Various artists),"Hugo Keesing (compilation producer), Christian Zwarg (mastering engineer)",FALSE
2019,Best Historical Album,A Rhapsody in Blue: The Extraordinary Life of Oscar Levant,"Oscar Levant (artist), Rebekah Wineman (mastering engineer), Andreas K. Meyer (mastering engineer), Robert Russ (compilation producer)",FALSE
2019,Best Immersive Audio Album,Eye in the Sky - 35th Anniversary Edition,"Alan Parsons (surround mix engineer/surround mastering engineer/surround producer), Dave Donnelly (surround mastering engineer), P.J. Olsson (surround mastering engineer), The Alan Parsons Project (artist)",TRUE
2019,Best Immersive Audio Album,Seven Words from the Cross,"Daniel Shores (surround mix engineer/surround mastering engineer/surround producer), Matthew Guard (artist), Skylark (artist)",FALSE
2019,Best Immersive Audio Album,Symbol,"Prashant Mistry (surround mix engineer/surround producer), Darcy Proper (surround mix engineer/surround mastering engineer/surround producer)",FALSE
2019,Best Improvised Jazz Solo,"Don't Fence Me In from American Dreamers: Voices of Hope, Music Of Freedom","John Daversa (soloist), John Daversa Big Band Featuring DACA Artists (artist)",TRUE
2019,Best Instrumental Composition,Blut Und Boden (Blood And Soil),Terence Blanchard (composer),TRUE
2019,Best Instrumental Composition,The Shape of Water,Alexandre Desplat (composer),FALSE
2019,Best Instrumental Composition,Mine Mission,"John Powell (composer), John Williams (composer)",FALSE
2019,Best Jazz Instrumental Album,Emanon,"The Wayne Shorter Quartet (artist), Don Was (producer), Rob Griffin (engineer/mixer)",TRUE
2019,Best Jazz Vocal Album,The Window,"Cecile McLorin Salvant (artist/producer), Sullivan Joseph Fortner Jr. (producer), Al Pryor (producer), Todd Whitelock (engineer/mixer)",TRUE
2019,Best Large Jazz Ensemble Album,"American Dreamers: Voices Of Hope, Music Of Freedom","John Daversa Big Band Featuring DACA Artists (artist), Doug Davis (producer), Kabir Sehgal (producer), Oscar Autie (engineer/mixer)",TRUE
2019,Best Latin Jazz Album,Back to the Sunset,"Dafnis Prieto Big Band (artist), Eric Oberstein (producer), Joseph Marciano (engineers/mixers), Max Ross (engineers/mixers)",TRUE
2019,Best Latin Pop Album,Sincera,"Claudia Brant (artist), Cheche Alara (producer), Moogie Canazio (producer/engineer/mixer)",TRUE
2019,"Best Latin Rock, Urban or Alternative Album",Aztlán,"Zoé (artist/producer), Phil Vinall (producer), Juan Sebastian Rodriguez (engineer/mixer), Craig Silvey (engineer/mixer)",TRUE
2019,Best Metal Performance,Electric Messiah,High On Fire (artist),TRUE
2019,Best Metal Performance,Honeycomb,Deafheaven (artist),FALSE
2019,Best Metal Performance,On My Teeth,Underoath (artist),FALSE
2019,Best Music Film,Quincy,"Quincy Jones (artist), Alan Hicks (video director), Rashida Jones (video director), Paula DuPré Pesmen (video producer)",TRUE
2019,Best Music Film,Itzhak,"Itzhak Perlman (artist), Alison Chernick (video director/video producer)",FALSE
2019,Best Music Film,Whitney,"Kevin MacDonald (video director), Jonathan Chinn (video producer), Simon Chinn (video producer), Lisa Erspamer (video producer)",FALSE
2019,Best Music Video,Childish Gambino: This Is America,"Donald Glover (artist), Hiro Murai (video director), Ibra Ake (video producer), Jason Cole (video producer), Fam Udeorji (video producer)",TRUE
2019,Best Music Video,Joyner Lucas: I'm Not Racist,"Joyner Lucas (artist/video director/video producer), Ben Proulx (video director)",FALSE
2019,Best Musical Theater Album,The Band's Visit,"Etai Benson (principal soloist), Adam Kantor (principal soloist), Katrina Lenk (principal soloist), Ari'el Stachel (principal soloist), Dean Sharenow (producer), David Yazbeck (producer/composer/lyricist)",TRUE
2019,Best Musical Theater Album,My Fair Lady,"Lauren Ambrose (principal soloist), Norbert Leo Butz (principal soloist), Harry Hadden-Paton (principal soloist), André Bishop (producer), Van Dean (producer), David Lai (producer), Ted Sperling (producer)",FALSE
2019,Best Musical Theater Album,Carousel,"Renée Fleming (principal soloist), Alexander Gemignani (principal soloist), Joshua Henry (principal soloist), Lindsay Mendez (principal soloist), Jessie Mueller (principal soloist), Steven Epstein (producer)",FALSE
2019,Best New Age Album,Opium Moon,"Opium Moon (artist/producer), Lucas Fehring (engineer/mixer), Jeff Gartenbaum (engineer/mixer)",TRUE
2019,Best New Age Album,Moku Maluhia: Peaceful Island,Jim West (artist),FALSE
2019,Best New Age Album,Molecules of Motion,Steve Roach (artist),FALSE
2019,Best New Artist,Dua Lipa,,TRUE
2019,Best New Artist,Chloe x Halle,,FALSE
2019,Best New Artist,H.E.R.,,FALSE
2019,Best New Artist,Luke Combs,,FALSE
2019,Best Opera Recording,Bates: The (R)evolution Of Steve Jobs,"Michael Christie (conductor), Sasha Cooke (producer), Jessica E. Jones (producer), Edward Parks (producer), Garrett Sorenson (producer), Wei Wu (producer), Elizabeth Ostrow (producer), The Santa Fe Opera Orchestra, Mark Donahue (engineer/mixer), Dirk Sobotka (engineer)",TRUE
2019,Best Opera Recording,Lully: Alceste,"Chœur de chambre de Namur (artist), Les Talens Lyriques (artist), Maximilien Ciup (producer), Christophe Rousset (conductor), Edwin Crossley-Mercer (producer), Emiliano Gonzalez Toro (producer), Judith Wanroij (producer)",FALSE
2019,Best Opera Recording,"Strauss, R.: Der Rosenkavalier","The Metropolitan Opera Orchestra and Chorus (artist), David Frost (producer), David Frost (producer), Erin Morley (producer), Sebastian Weigle (conductor), Renée Fleming (producer), Elina Garanca (producer), Günther Groissböck (producer)",FALSE
2019,Best Orchestral Performance,Shostakovich: Symphonies Nos. 4 & 11,"Andris Nelsons (conductor), Boston Symphony Orchestra, Tim Martyn (producer), Shawn Murphy (engineer/mixer), Nick Squire (engineer/mixer)",TRUE
2019,Best Orchestral Performance,"Ruggles, Stucky & Harbison: Orchestral Works","National Philharmonic Orchestra (artist), David Alan Miller (conductor)",FALSE
2019,Best Orchestral Performance,Nielsen: Symphony No. 3 & Symphony No. 4,"Seattle Symphony Orchestra (artist), Thomas Dausgaard (conductor)",FALSE
2019,Best Pop Duo/Group Performance,Shallow,"Lady Gaga, Bradley Cooper",TRUE
2019,Best Pop Duo/Group Performance,Fall in Line,"Christina Aguilera, Demi Lovato",FALSE
2019,Best Pop Duo/Group Performance,Girls Like You,"Maroon 5, Cardi B",FALSE
2019,Best Pop Duo/Group Performance,The Middle,"Zedd, Maren Morris, Grey",FALSE
2019,Best Pop Solo Performance,Joanne (Where Do You Think You're Goin'?),Lady Gaga (artist),TRUE
2019,Best Pop Solo Performance,Colors,Beck (artist),FALSE
2019,Best Pop Solo Performance,Better Now,Post Malone (artist),FALSE
2019,Best Pop Vocal Album,Sweetener,Ariana Grande,TRUE
2019,Best Pop Vocal Album,Meaning of Life,Kelly Clarkson,FALSE
2019,Best Pop Vocal Album,Shawn Mendes,Shawn Mendes,FALSE
2019,Best R&B Album,H.E.R.,H.E.R.,TRUE
2019,Best R&B Album,Good Thing,Leon Bridges,FALSE
2019,Best R&B Album,Sex & Cigarettes,Toni Braxton,FALSE
2019,Best R&B Performance,Best Part,"H.E.R. (artist), Daniel Caesar (artist)",TRUE
2019,Best R&B Performance,Y O Y,Lalah Hathaway (artist),FALSE
2019,Best R&B Performance,Long as I Live,Toni Braxton (artist),FALSE
2019,Best R&B Song,Boo'd Up (Ella Mai),"Larrance Dopson, Joelle James, Ella Mai, DJ Mustard",TRUE
2019,Best R&B Song,Feels Like Summer (Childish Gambino),"Donald Glover, Ludwig Göransson",FALSE
2019,Best R&B Song,Long As I Live (Toni Braxton),"Toni Braxton, Antonio Dixon, Paul Boutin",FALSE
2019,Best Rap Album,Invasion of Privacy,Cardi B,TRUE
2019,Best Rap Album,Victory Lap,Nipsey Hussle,FALSE
2019,Best Rap Album,Astroworld,Travis Scott,FALSE
2019,Best Rap Performance,Bubblin,Anderson .Paak,TRUE
2019,Best Rap Performance,Be Careful,Cardi B (artist),FALSE
2019,Best Rap Performance,Sicko Mode,"Swae Lee (artist), Travis Scott (artist), Drake (artist)",FALSE
2019,Best Rap Song,God's Plan (Drake),"Drake, Boi-1da, Noah Shebib, Daveon Jackson, Brock Korsan, Ronald LaTour",TRUE
2019,Best Rap Song,Win (Jay Rock),"Jay Rock, Kendrick Lamar, Vinylz, Boi-1da, Cory Thompson",FALSE
2019,Best Rap Song,"Sicko Mode (Travis Scott, Drake, (Big Hawk) & Swae Lee)","Swae Lee, Rogét Chahayed, Kevin Gomringer, Hit-Boy, Travis Scott, Ozan Yildirim, CyHi the Prynce, Drake, Tim Gomringer, Mirsad Dirvic, Mike Dean, Tay Keith",FALSE
2019,Best Rap/Sung Performance,This is America,Donald Glover,TRUE
2019,Best Rap/Sung Performance,Like I Do,"Christina Aguilera (artist), GoldLink (artist)",FALSE
2019,Best Rap/Sung Performance,All the Stars,"Kendrick Lamar, SZA",FALSE
2019,Best Recording Package,Masseduction,"Willo Perron (art director), St. Vincent (artist)",TRUE
2019,Best Recording Package,Love Yourself: Tear,Donlee Jorgensen (art director),FALSE
2019,Best Recording Package,The Offering,Qing Yang (art director),FALSE
2019,Best Reggae Album,44/876,"Sting (artist), Shaggy (artist), Sting International, Tony Lake (engineer/mixer), Robert Orton (engineer/mixer)",TRUE
2019,Best Reggae Album,A Matter of Time,Protoje (artist),FALSE
2019,Best Reggae Album,Rebellion Rises,Ziggy Marley (artist),FALSE
2019,Best Regional Mexican Music Album (Including Tejano),¡México Por Siempre!,"Luis Miguel (artist/producer), Dave Reitzas (producer/engineer/mixer), Jess Sutcliffe (engineer/mixer)",TRUE
2019,Best Regional Mexican Music Album (Including Tejano),Mitad y Mitad,Calibre 50 (artist),FALSE
2019,Best Regional Mexican Music Album (Including Tejano),Leyendas de Mi Pueblo,Mariachi Sol de Mexico (artist),FALSE
2019,Best Regional Roots Music Album,No 'Ane'i,"Kalani Pe'a (artist/producer), Allan B. Cool (producer), Dave Tucciarone (engineer/mixer)",TRUE
2019,Best Regional Roots Music Album,Aloha from Na Hoa,Na Hoa (artist),FALSE
2019,Best Regional Roots Music Album,Mewasinsational: Cree Round Dance Songs,Young Spirit (artist),FALSE
2019,Best Remixed Recording,Walking Away (Mura Masa Remix),"Alex Crossan (remixer), HAIM (artist)",TRUE
2019,Best Remixed Recording,Stargazing (Kaskade Remix),"Kygo (artist), Kaskade (remixer), Justin Jesso (artist)",FALSE
2019,Best Remixed Recording,How Long (EDX's Dubai Skyline Remix),"Maurizio Colella (remixer), Christian Hirt (remixer), Charlie Puth (artist)",FALSE
2019,Best Rock Album,From the Fires,Greta Van Fleet,TRUE
2019,Best Rock Album,M A N I A,Fall Out Boy,FALSE
2019,Best Rock Album,Pacific Daydream,Weezer,FALSE
2019,Best Rock Performance,When Bad Does Good,Chris Cornell (artist),TRUE
2019,Best Rock Performance,Made an America,Fever 333 (artist),FALSE
2019,Best Rock Performance,Uncomfortable,Halestorm (artist),FALSE
2019,Best Rock Song,Masseduction (St. Vincent),"Jack Antonoff, St. Vincent",TRUE
2019,Best Rock Song,Black Smoke Rising (Greta Van Fleet),"Samuel Kiszka, Daniel Robert Wagner, Joshua Michael Kiszka, Jacob Thomas Kiszka",FALSE
2019,Best Rock Song,Jumpsuit (Twenty One Pilots),Tyler Joseph,FALSE
2019,Best Roots Gospel Album,Unexpected,"Jason Crabb (artist), Jay DeMarcus (producer), Derek Bason (engineer/mixer)",TRUE
2019,Best Score Soundtrack for Visual Media,Black Panther,Ludwig Göransson (composer),TRUE
2019,Best Score Soundtrack for Visual Media,Coco,Michael Giacchino (composer),FALSE
2019,Best Score Soundtrack for Visual Media,The Shape of Water,Alexandre Desplat (composer),FALSE
2019,Best Song Written for Visual Media,Shallow,A Star Is Born,TRUE
2019,Best Song Written for Visual Media,Mystery of Love,Call Me by Your Name,FALSE
2019,Best Song Written for Visual Media,This Is Me,The Greatest Showman,FALSE
2019,"Best Spoken Word Album (Includes Poetry, Audio Books & Storytelling)",Faith - A Journey for All,"Jimmy Carter (artist), Elisa Shokoff (producer), Rick Bradley (engineer/mixer), John St. Denis (engineer/mixer)",TRUE
2019,"Best Spoken Word Album (Includes Poetry, Audio Books & Storytelling)",Calypso,David Sedaris,FALSE
2019,"Best Spoken Word Album (Includes Poetry, Audio Books & Storytelling)",The Last Black Unicorn,Tiffany Haddish (artist),FALSE
2019,Best Traditional Blues Album,The Blues is Alive and Well,Buddy Guy (artist),TRUE
2019,Best Traditional Blues Album,No Mercy in This Land,"Charlie Musselwhite (artist), Ben Harper (artist)",FALSE
2019,Best Traditional Blues Album,Don't You Feel My Leg (The Naughty Bawdy Blues of Blue Lu Barker),Maria Muldaur (artist),FALSE
2019,Best Traditional Pop Vocal Album,My Way,"Willie Nelson (artist), Buddy Cannon (producer), Matt Rollings (producer), Tony Castle (engineer/mixer), Steve Chadie (engineer/mixer), Ed Cherney (engineer/mixer)",TRUE
2019,Best Traditional Pop Vocal Album,Love Is Here to Stay,"Diana Krall (artist), Tony Bennett (artist)",FALSE
2019,Best Traditional Pop Vocal Album,Standards (Deluxe),Seal (artist),FALSE
2019,Best Traditional R&B Performance,Bet Ain't Worth the Hand,Leon Bridges (artist),TRUE
2019,Best Traditional R&B Performance,Don't Fall Apart on Me Tonight,Bettye LaVette (artist),FALSE
2019,Best Traditional R&B Performance,Honest,Major. (artist),FALSE
2019,Best Tropical Latin Album,Anniversary,"Spanish Harlem Orchestra (artist), Doug Beavers (producer), Kyle Cassel (engineer/mixer), Guido Diaz (engineer/mixer)",TRUE
2019,Best Tropical Latin Album,Ponle Actitud,Felipe Peláez (artist),FALSE
2019,Best Tropical Latin Album,Orquesta Akokán,Orquesta Akokán (artist),FALSE
2019,Best Urban Contemporary Album,Everything is Love,"The Carters (artist/producer), Gimel Keaton (engineer/mixer), Stuart White (engineer/mixer)",TRUE
2019,Best Urban Contemporary Album,Chris Dave and the Drumhedz,Chris Dave (artist),FALSE
2019,Best Urban Contemporary Album,War & Leisure,Miguel (artist),FALSE
2019,Best World Music Album,Freedom,"Soweto Gospel Choir (artist), Diniloxolo Ndlakuse (producer), Gabs Agostino (engineer/mixer), Tarick Joseph (engineer/mixer), Richard Mitchell (engineer/mixer), Oyama Songo (engineer/mixer)",TRUE
2019,Best World Music Album,Deran,Omara Bombino Moctar (artist),FALSE
2019,Best World Music Album,The Lost Songs of World War II,Yiddish Glory (artist),FALSE
2019,Lifetime Achievement Award,Billy Eckstine,,TRUE
2019,Lifetime Achievement Award,Dionne Warwick,,TRUE
2019,Lifetime Achievement Award,George Clinton and Parliament Funkadelic,,TRUE
2019,Lifetime Achievement Award,Sam & Dave,,TRUE
2019,"Producer of the Year, Classical",Blanton Alspaugh,,TRUE
2019,"Producer of the Year, Classical",Dirk Sobotka (producer),,FALSE
2019,"Producer of the Year, Classical",Judith Sherman (producer),,FALSE
2019,"Producer of the Year, Non-Classical",Pharrell Williams,,TRUE
2019,"Producer of the Year, Non-Classical",Kanye West (producer),,FALSE
2019,"Producer of the Year, Non-Classical",Linda Perry (producer),,FALSE
2019,Record of the Year,This is America,"Donald Glover (artist/producer), Ludwig Göransson (producer), Derek Ali (engineer/mixer), Riley Mackin (engineer/mixer), Shaan Singh (engineer/mixer), Mike Bozzi (mastering engineer)",TRUE
2019,Record of the Year,I Like It,"Cardi B (artist), Bad Bunny (artist), J Balvin (artist), Invincible (producer), J. White Did It (producer), Craig Kallman (producer), Marco Masis (producer), Leslie Brathwaite (engineer/mixer), Kuk Harrell (engineer/mixer), Evan LaRay (engineer/mixer), Simone Torres (engineer/mixer), Colin Leonard (mastering engineer)",FALSE
2019,Record of the Year,All the Stars,"Kendrick Lamar (artist), SZA (artist), Al Shux (producer), Sounwave (producer), Sam Ricci (engineer/mixer), Matt Schaeffer (engineer/mixer), Mike Bozzi (mastering engineer)",FALSE
2019,Record of the Year,Rockstar,"Post Malone (artist), 21 Savage (artist), Louis Bell (producer/engineer/mixer), Tank God (producer), Lorenzo Cardona (engineer/mixer), Manny Marroquin (engineer/mixer), Ethan Stevens (engineer/mixer), Mike Bozzi (mastering engineer)",FALSE
2019,Song of the Year,This is America (Childish Gambino),"Ludwig Göransson (songwriter), Young Thug (songwriter), Donald Glover (songwriter)",TRUE
2019,Song of the Year,The Joke (Brandi Carlile),"Brandi Carlile (songwriter), Dave Cobb (songwriter), Phil Hanseroth (songwriter), Tim Hanseroth (songwriter)",FALSE
2019,Song of the Year,Boo'd Up (Ella Mai),"Ella Mai (songwriter), Larrance Dopson (songwriter), Joelle James (songwriter), DJ Mustard (songwriter)",FALSE
2019,Song of the Year,In My Blood (Shawn Mendes),"Shawn Mendes (songwriter), Teddy Geiger (songwriter), Scott Harris (songwriter), Geoff Warburton (songwriter)",FALSE
